{
	"credit": "Made with Blockbench",
	"texture_size": [32, 32],
	"textures": {
		"0": "item/anchor",
		"particle": "item/anchor"
	},
	"elements": [
		{
			"from": [7, -3, 7],
			"to": [9, 14, 9],
			"rotation": {"angle": 0, "axis": "y", "origin": [7, 0, 7]},
			"faces": {
				"north": {"uv": [0, 0, 1, 9], "texture": "#0"},
				"east": {"uv": [1, 0, 2, 9], "texture": "#0"},
				"south": {"uv": [2, 0, 3, 9], "texture": "#0"},
				"west": {"uv": [3, 0, 4, 9], "texture": "#0"},
				"up": {"uv": [12, 11.5, 11, 10.5], "texture": "#0"},
				"down": {"uv": [1, 11.5, 0, 12.5], "texture": "#0"}
			}
		},
		{
			"from": [6, 14, 7],
			"to": [10, 15, 9],
			"rotation": {"angle": 0, "axis": "y", "origin": [6, 14, 7]},
			"faces": {
				"north": {"uv": [1, 11.5, 3, 12], "texture": "#0"},
				"east": {"uv": [1.5, 10, 2.5, 10.5], "texture": "#0"},
				"south": {"uv": [5, 11.5, 7, 12], "texture": "#0"},
				"west": {"uv": [0, 12.5, 1, 13], "texture": "#0"},
				"up": {"uv": [12, 1, 10, 0], "texture": "#0"},
				"down": {"uv": [12, 1, 10, 2], "texture": "#0"}
			}
		},
		{
			"from": [2, 11, 7],
			"to": [14, 13, 9],
			"rotation": {"angle": 0, "axis": "y", "origin": [6, 12, 7]},
			"faces": {
				"north": {"uv": [4, 0, 10, 1], "texture": "#0"},
				"east": {"uv": [7, 11.5, 8, 12.5], "texture": "#0"},
				"south": {"uv": [4, 1, 10, 2], "texture": "#0"},
				"west": {"uv": [8, 11.5, 9, 12.5], "texture": "#0"},
				"up": {"uv": [10, 3, 4, 2], "texture": "#0"},
				"down": {"uv": [10, 3, 4, 4], "texture": "#0"}
			}
		},
		{
			"from": [6, 17, 7],
			"to": [10, 18, 9],
			"rotation": {"angle": 0, "axis": "y", "origin": [6, 17, 7]},
			"faces": {
				"north": {"uv": [11, 11.5, 13, 12], "texture": "#0"},
				"east": {"uv": [9.5, 12.5, 10.5, 13], "texture": "#0"},
				"south": {"uv": [12, 0, 14, 0.5], "texture": "#0"},
				"west": {"uv": [13, 0.5, 14, 1], "texture": "#0"},
				"up": {"uv": [12, 3, 10, 2], "texture": "#0"},
				"down": {"uv": [12, 3, 10, 4], "texture": "#0"}
			}
		},
		{
			"from": [6, 15, 7],
			"to": [7, 17, 9],
			"rotation": {"angle": 0, "axis": "y", "origin": [3, 16, 7]},
			"faces": {
				"north": {"uv": [10, 11, 10.5, 12], "texture": "#0"},
				"east": {"uv": [9, 11.5, 10, 12.5], "texture": "#0"},
				"south": {"uv": [3, 11.5, 3.5, 12.5], "texture": "#0"},
				"west": {"uv": [12, 0.5, 13, 1.5], "texture": "#0"},
				"up": {"uv": [3.5, 13.5, 3, 12.5], "texture": "#0"},
				"down": {"uv": [13.5, 1, 13, 2], "texture": "#0"}
			}
		},
		{
			"from": [9, 15, 7],
			"to": [10, 17, 9],
			"rotation": {"angle": 0, "axis": "y", "origin": [6, 16, 7]},
			"faces": {
				"north": {"uv": [1.5, 13, 2, 14], "texture": "#0"},
				"east": {"uv": [1, 12, 2, 13], "texture": "#0"},
				"south": {"uv": [2, 13, 2.5, 14], "texture": "#0"},
				"west": {"uv": [12, 1.5, 13, 2.5], "texture": "#0"},
				"up": {"uv": [3, 14, 2.5, 13], "texture": "#0"},
				"down": {"uv": [5.5, 13, 5, 14], "texture": "#0"}
			}
		},
		{
			"from": [4, -2, 7],
			"to": [12, -1, 9],
			"rotation": {"angle": 0, "axis": "y", "origin": [5, -2, 7]},
			"faces": {
				"north": {"uv": [8, 7.5, 12, 8], "texture": "#0"},
				"east": {"uv": [13, 2, 14, 2.5], "texture": "#0"},
				"south": {"uv": [10, 4, 14, 4.5], "texture": "#0"},
				"west": {"uv": [5.5, 13, 6.5, 13.5], "texture": "#0"},
				"up": {"uv": [8, 7, 4, 6], "texture": "#0"},
				"down": {"uv": [8, 7, 4, 8], "texture": "#0"}
			}
		},
		{
			"from": [6, -3, 7],
			"to": [10, -2, 9],
			"rotation": {"angle": 0, "axis": "y", "origin": [5, -3, 7]},
			"faces": {
				"north": {"uv": [12, 2.5, 14, 3], "texture": "#0"},
				"east": {"uv": [6.5, 13, 7.5, 13.5], "texture": "#0"},
				"south": {"uv": [12, 3, 14, 3.5], "texture": "#0"},
				"west": {"uv": [7.5, 13, 8.5, 13.5], "texture": "#0"},
				"up": {"uv": [12, 5.5, 10, 4.5], "texture": "#0"},
				"down": {"uv": [10.5, 10, 8.5, 11], "texture": "#0"}
			}
		},
		{
			"from": [2, -1, 7],
			"to": [14, 0, 9],
			"rotation": {"angle": 0, "axis": "y", "origin": [5, -1, 7]},
			"faces": {
				"north": {"uv": [4, 8, 10, 8.5], "texture": "#0"},
				"east": {"uv": [8.5, 13, 9.5, 13.5], "texture": "#0"},
				"south": {"uv": [8, 6, 14, 6.5], "texture": "#0"},
				"west": {"uv": [9.5, 13, 10.5, 13.5], "texture": "#0"},
				"up": {"uv": [10, 5, 4, 4], "texture": "#0"},
				"down": {"uv": [10, 5, 4, 6], "texture": "#0"}
			}
		},
		{
			"from": [1, 0, 7],
			"to": [6, 1, 9],
			"rotation": {"angle": 0, "axis": "y", "origin": [-2, 0, 7]},
			"faces": {
				"north": {"uv": [10, 5.5, 12.5, 6], "texture": "#0"},
				"east": {"uv": [10.5, 13, 11.5, 13.5], "texture": "#0"},
				"south": {"uv": [5, 11, 7.5, 11.5], "texture": "#0"},
				"west": {"uv": [13, 10.5, 14, 11], "texture": "#0"},
				"up": {"uv": [10.5, 7.5, 8, 6.5], "texture": "#0"},
				"down": {"uv": [6.5, 8.5, 4, 9.5], "texture": "#0"}
			}
		},
		{
			"from": [10, 0, 7],
			"to": [15, 1, 9],
			"rotation": {"angle": 0, "axis": "y", "origin": [7, 0, 7]},
			"faces": {
				"north": {"uv": [7.5, 11, 10, 11.5], "texture": "#0"},
				"east": {"uv": [13, 11, 14, 11.5], "texture": "#0"},
				"south": {"uv": [11, 10, 13.5, 10.5], "texture": "#0"},
				"west": {"uv": [11.5, 13, 12.5, 13.5], "texture": "#0"},
				"up": {"uv": [9, 9.5, 6.5, 8.5], "texture": "#0"},
				"down": {"uv": [2.5, 9, 0, 10], "texture": "#0"}
			}
		},
		{
			"from": [0, 1, 7],
			"to": [4, 2, 9],
			"rotation": {"angle": 0, "axis": "y", "origin": [-3, 1, 7]},
			"faces": {
				"north": {"uv": [12, 3.5, 14, 4], "texture": "#0"},
				"east": {"uv": [13, 11.5, 14, 12], "texture": "#0"},
				"south": {"uv": [12, 4.5, 14, 5], "texture": "#0"},
				"west": {"uv": [13, 12, 14, 12.5], "texture": "#0"},
				"up": {"uv": [3.5, 11.5, 1.5, 10.5], "texture": "#0"},
				"down": {"uv": [12.5, 6.5, 10.5, 7.5], "texture": "#0"}
			}
		},
		{
			"from": [12, 1, 7],
			"to": [16, 2, 9],
			"rotation": {"angle": 0, "axis": "y", "origin": [9, 1, 7]},
			"faces": {
				"north": {"uv": [5, 12, 7, 12.5], "texture": "#0"},
				"east": {"uv": [12.5, 13, 13.5, 13.5], "texture": "#0"},
				"south": {"uv": [12, 5, 14, 5.5], "texture": "#0"},
				"west": {"uv": [13, 12.5, 14, 13], "texture": "#0"},
				"up": {"uv": [12.5, 9, 10.5, 8], "texture": "#0"},
				"down": {"uv": [12.5, 9, 10.5, 10], "texture": "#0"}
			}
		},
		{
			"from": [0, 2, 7],
			"to": [2, 3, 9],
			"rotation": {"angle": 0, "axis": "y", "origin": [-4, 2, 7]},
			"faces": {
				"north": {"uv": [0, 13.5, 1, 14], "texture": "#0"},
				"east": {"uv": [13.5, 1, 14.5, 1.5], "texture": "#0"},
				"south": {"uv": [13.5, 1.5, 14.5, 2], "texture": "#0"},
				"west": {"uv": [3, 13.5, 4, 14], "texture": "#0"},
				"up": {"uv": [3, 13, 2, 12], "texture": "#0"},
				"down": {"uv": [13, 10.5, 12, 11.5], "texture": "#0"}
			}
		},
		{
			"from": [15, 3, 7],
			"to": [16, 4, 9],
			"rotation": {"angle": 0, "axis": "y", "origin": [10, 3, 7]},
			"faces": {
				"north": {"uv": [10, 12, 10.5, 12.5], "texture": "#0"},
				"east": {"uv": [5.5, 13.5, 6.5, 14], "texture": "#0"},
				"south": {"uv": [0.5, 14, 1, 14.5], "texture": "#0"},
				"west": {"uv": [6.5, 13.5, 7.5, 14], "texture": "#0"},
				"up": {"uv": [1.5, 14.5, 1, 13.5], "texture": "#0"},
				"down": {"uv": [8, 13.5, 7.5, 14.5], "texture": "#0"}
			}
		},
		{
			"from": [14, 2, 7],
			"to": [16, 3, 9],
			"rotation": {"angle": 0, "axis": "y", "origin": [10, 2, 7]},
			"faces": {
				"north": {"uv": [13.5, 7.5, 14.5, 8], "texture": "#0"},
				"east": {"uv": [8, 13.5, 9, 14], "texture": "#0"},
				"south": {"uv": [9, 13.5, 10, 14], "texture": "#0"},
				"west": {"uv": [10, 13.5, 11, 14], "texture": "#0"},
				"up": {"uv": [12, 13, 11, 12], "texture": "#0"},
				"down": {"uv": [13, 12, 12, 13], "texture": "#0"}
			}
		},
		{
			"from": [0, 3, 7],
			"to": [1, 4, 9],
			"rotation": {"angle": 0, "axis": "y", "origin": [-5, 3, 7]},
			"faces": {
				"north": {"uv": [1.5, 14, 2, 14.5], "texture": "#0"},
				"east": {"uv": [13.5, 10, 14.5, 10.5], "texture": "#0"},
				"south": {"uv": [2, 14, 2.5, 14.5], "texture": "#0"},
				"west": {"uv": [11, 13.5, 12, 14], "texture": "#0"},
				"up": {"uv": [12.5, 14.5, 12, 13.5], "texture": "#0"},
				"down": {"uv": [13, 13.5, 12.5, 14.5], "texture": "#0"}
			}
		},
		{
			"from": [7.5, -4, 7],
			"to": [8.5, -3, 9],
			"rotation": {"angle": 0, "axis": "y", "origin": [2, -4, 7]},
			"faces": {
				"north": {"uv": [14, 2, 14.5, 2.5], "texture": "#0"},
				"east": {"uv": [13, 13.5, 14, 14], "texture": "#0"},
				"south": {"uv": [2.5, 14, 3, 14.5], "texture": "#0"},
				"west": {"uv": [13.5, 13, 14.5, 13.5], "texture": "#0"},
				"up": {"uv": [0.5, 15, 0, 14], "texture": "#0"},
				"down": {"uv": [14.5, 0, 14, 1], "texture": "#0"}
			}
		},
		{
			"from": [6.5, 13, 6.5],
			"to": [9.5, 13.5, 9.5],
			"rotation": {"angle": 0, "axis": "y", "origin": [7, 13, 7]},
			"faces": {
				"north": {"uv": [12, 7.5, 13.5, 8], "texture": "#0"},
				"east": {"uv": [5, 12.5, 6.5, 13], "texture": "#0"},
				"south": {"uv": [12.5, 5.5, 14, 6], "texture": "#0"},
				"west": {"uv": [6.5, 12.5, 8, 13], "texture": "#0"},
				"up": {"uv": [4, 10.5, 2.5, 9], "texture": "#0"},
				"down": {"uv": [10.5, 8.5, 9, 10], "texture": "#0"}
			}
		},
		{
			"from": [6.5, 10, 6.5],
			"to": [9.5, 10.5, 9.5],
			"rotation": {"angle": 0, "axis": "y", "origin": [7, 10, 7]},
			"faces": {
				"north": {"uv": [12.5, 6.5, 14, 7], "texture": "#0"},
				"east": {"uv": [12.5, 7, 14, 7.5], "texture": "#0"},
				"south": {"uv": [8, 12.5, 9.5, 13], "texture": "#0"},
				"west": {"uv": [12.5, 8, 14, 8.5], "texture": "#0"},
				"up": {"uv": [5.5, 11, 4, 9.5], "texture": "#0"},
				"down": {"uv": [7, 9.5, 5.5, 11], "texture": "#0"}
			}
		},
		{
			"from": [6.5, 9, 6.5],
			"to": [9.5, 9.5, 9.5],
			"rotation": {"angle": 0, "axis": "y", "origin": [7, 9, 7]},
			"faces": {
				"north": {"uv": [12.5, 8.5, 14, 9], "texture": "#0"},
				"east": {"uv": [12.5, 9, 14, 9.5], "texture": "#0"},
				"south": {"uv": [12.5, 9.5, 14, 10], "texture": "#0"},
				"west": {"uv": [0, 13, 1.5, 13.5], "texture": "#0"},
				"up": {"uv": [8.5, 11, 7, 9.5], "texture": "#0"},
				"down": {"uv": [1.5, 10, 0, 11.5], "texture": "#0"}
			}
		},
		{
			"from": [9, 7, 6.5],
			"to": [9.5, 13, 7],
			"rotation": {"angle": 0, "axis": "y", "origin": [8, 8, 7]},
			"faces": {
				"north": {"uv": [3.5, 10.5, 4, 13.5], "texture": "#0"},
				"east": {"uv": [10.5, 10, 11, 13], "texture": "#0"},
				"south": {"uv": [4, 11, 4.5, 14], "texture": "#0"},
				"west": {"uv": [4.5, 11, 5, 14], "texture": "#0"},
				"up": {"uv": [9, 10, 8.5, 9.5], "texture": "#0"},
				"down": {"uv": [10.5, 8, 10, 8.5], "texture": "#0"}
			}
		},
		{
			"from": [8.5, 9.5, 6.5],
			"to": [9.5, 10, 7.5],
			"rotation": {"angle": 0, "axis": "y", "origin": [7, 9, 7]},
			"faces": {
				"north": {"uv": [14, 2.5, 14.5, 3], "texture": "#0"},
				"east": {"uv": [3, 14, 3.5, 14.5], "texture": "#0"},
				"south": {"uv": [14, 3, 14.5, 3.5], "texture": "#0"},
				"west": {"uv": [3.5, 14, 4, 14.5], "texture": "#0"},
				"up": {"uv": [14.5, 4, 14, 3.5], "texture": "#0"},
				"down": {"uv": [4.5, 14, 4, 14.5], "texture": "#0"}
			}
		}
	],
	"display": {
		"firstperson_righthand": {
			"translation": [3.75, -2.25, 0]
		},
		"firstperson_lefthand": {
			"translation": [3.5, -1.75, 0]
		},
		"ground": {
			"translation": [0, 8.75, 0]
		},
		"gui": {
			"rotation": [0, 180, 0],
			"translation": [0, 0.75, 0],
			"scale": [0.7, 0.7, 0.7]
		},
		"head": {
			"translation": [0, 15.75, 0]
		},
		"fixed": {
			"translation": [0, -5.5, -2],
			"scale": [2, 2, 2]
		}
	},
	"groups": [
		{
			"name": "anchor",
			"origin": [8, 8, 8],
			"color": 0,
			"children": [
				{
					"name": "center",
					"origin": [8, 8, 8],
					"color": 0,
					"children": [0]
				},
				{
					"name": "top",
					"origin": [8, 8, 8],
					"color": 0,
					"children": [1, 2, 3, 4, 5]
				},
				{
					"name": "rounded bottom",
					"origin": [8, 8, 8],
					"color": 0,
					"children": [6, 7, 8, 9, 10, 11, 12, 13, 14, 15, 16, 17]
				},
				{
					"name": "rope",
					"origin": [8, 8, 8],
					"color": 0,
					"children": [18, 19, 20, 21, 22]
				}
			]
		}
	]
}
