{
	"credit": "Made with Blockbench",
	"texture_size": [64, 64],
	"textures": {
		"1": "item/beermug"
	},
	"elements": [
		{
			"from": [6, 0, 0],
			"to": [10, 16, 1],
			"rotation": {"angle": 0, "axis": "y", "origin": [7, 0, 0]},
			"faces": {
				"north": {"uv": [4, 0, 5, 4], "texture": "#1"},
				"east": {"uv": [2.5, 11, 2.75, 15], "texture": "#1"},
				"south": {"uv": [4, 4, 5, 8], "texture": "#1"},
				"west": {"uv": [2.75, 11, 3, 15], "texture": "#1"},
				"up": {"uv": [2, 13.5, 1, 13.25], "texture": "#1"},
				"down": {"uv": [11.75, 13.25, 10.75, 13.5], "texture": "#1"}
			}
		},
		{
			"from": [6, 0, 15],
			"to": [10, 16, 16],
			"rotation": {"angle": 0, "axis": "y", "origin": [7, 0, 15]},
			"faces": {
				"north": {"uv": [5, 0, 6, 4], "texture": "#1"},
				"east": {"uv": [3, 11, 3.25, 15], "texture": "#1"},
				"south": {"uv": [5, 4, 6, 8], "texture": "#1"},
				"west": {"uv": [3.25, 11, 3.5, 15], "texture": "#1"},
				"up": {"uv": [13.5, 13.5, 12.5, 13.25], "texture": "#1"},
				"down": {"uv": [14.5, 0, 13.5, 0.25], "texture": "#1"}
			}
		},
		{
			"from": [15, 0, 6],
			"to": [16, 16, 10],
			"rotation": {"angle": 0, "axis": "y", "origin": [7, 0, 0]},
			"faces": {
				"north": {"uv": [3.5, 11, 3.75, 15], "texture": "#1"},
				"east": {"uv": [6, 0, 7, 4], "texture": "#1"},
				"south": {"uv": [3.75, 11, 4, 15], "texture": "#1"},
				"west": {"uv": [6, 4, 7, 8], "texture": "#1"},
				"up": {"uv": [2.25, 14.25, 2, 13.25], "texture": "#1"},
				"down": {"uv": [2.5, 13.25, 2.25, 14.25], "texture": "#1"}
			}
		},
		{
			"from": [12, 0, 7],
			"to": [13, 16, 10],
			"rotation": {"angle": -22.5, "axis": "y", "origin": [7, 0, 16]},
			"faces": {
				"north": {"uv": [11.5, 1.25, 11.75, 5.25], "texture": "#1"},
				"east": {"uv": [1, 7, 1.75, 11], "texture": "#1"},
				"south": {"uv": [11.5, 5.25, 11.75, 9.25], "texture": "#1"},
				"west": {"uv": [1.75, 7, 2.5, 11], "texture": "#1"},
				"up": {"uv": [2, 14.25, 1.75, 13.5], "texture": "#1"},
				"down": {"uv": [14, 8.5, 13.75, 9.25], "texture": "#1"}
			}
		},
		{
			"from": [12, 0, 6],
			"to": [13, 16, 9],
			"rotation": {"angle": 22.5, "axis": "y", "origin": [7, 0, 0]},
			"faces": {
				"north": {"uv": [11.5, 9.25, 11.75, 13.25], "texture": "#1"},
				"east": {"uv": [2.5, 7, 3.25, 11], "texture": "#1"},
				"south": {"uv": [11.75, 1.25, 12, 5.25], "texture": "#1"},
				"west": {"uv": [3.25, 7, 4, 11], "texture": "#1"},
				"up": {"uv": [14, 10, 13.75, 9.25], "texture": "#1"},
				"down": {"uv": [9.75, 13.75, 9.5, 14.5], "texture": "#1"}
			}
		},
		{
			"from": [10, 0, 0],
			"to": [13, 16, 1],
			"rotation": {"angle": -22.5, "axis": "y", "origin": [10, 0, 0]},
			"faces": {
				"north": {"uv": [7, 4, 7.75, 8], "texture": "#1"},
				"east": {"uv": [11.75, 5.25, 12, 9.25], "texture": "#1"},
				"south": {"uv": [7.75, 4, 8.5, 8], "texture": "#1"},
				"west": {"uv": [11.75, 9.25, 12, 13.25], "texture": "#1"},
				"up": {"uv": [14.5, 10.25, 13.75, 10], "texture": "#1"},
				"down": {"uv": [14.5, 10.25, 13.75, 10.5], "texture": "#1"}
			}
		},
		{
			"from": [3, 0, 15],
			"to": [6, 16, 16],
			"rotation": {"angle": -22.5, "axis": "y", "origin": [6, 0, 16]},
			"faces": {
				"north": {"uv": [8, 0, 8.75, 4], "texture": "#1"},
				"east": {"uv": [12, 0, 12.25, 4], "texture": "#1"},
				"south": {"uv": [4, 8, 4.75, 12], "texture": "#1"},
				"west": {"uv": [4, 12, 4.25, 16], "texture": "#1"},
				"up": {"uv": [14.5, 10.75, 13.75, 10.5], "texture": "#1"},
				"down": {"uv": [14.5, 10.75, 13.75, 11], "texture": "#1"}
			}
		},
		{
			"from": [0.2, 0, 16.1],
			"to": [3.5, 16, 17.1],
			"rotation": {"angle": -45, "axis": "y", "origin": [6, 0, 16]},
			"faces": {
				"north": {"uv": [4.75, 8, 5.5, 12], "texture": "#1"},
				"east": {"uv": [12, 4, 12.25, 8], "texture": "#1"},
				"south": {"uv": [5.5, 8, 6.25, 12], "texture": "#1"},
				"west": {"uv": [4.25, 12, 4.5, 16], "texture": "#1"},
				"up": {"uv": [14.5, 11.25, 13.75, 11], "texture": "#1"},
				"down": {"uv": [14.5, 11.25, 13.75, 11.5], "texture": "#1"}
			}
		},
		{
			"from": [3, 0, 7],
			"to": [4, 16, 10],
			"rotation": {"angle": 22.5, "axis": "y", "origin": [9, 0, 16]},
			"faces": {
				"north": {"uv": [4.5, 12, 4.75, 16], "texture": "#1"},
				"east": {"uv": [6.25, 8, 7, 12], "texture": "#1"},
				"south": {"uv": [4.75, 12, 5, 16], "texture": "#1"},
				"west": {"uv": [7, 8, 7.75, 12], "texture": "#1"},
				"up": {"uv": [10, 14.5, 9.75, 13.75], "texture": "#1"},
				"down": {"uv": [12.25, 13.75, 12, 14.5], "texture": "#1"}
			}
		},
		{
			"from": [0, 0, 6],
			"to": [1, 16, 10],
			"rotation": {"angle": 0, "axis": "y", "origin": [9, 0, 0]},
			"faces": {
				"north": {"uv": [5, 12, 5.25, 16], "texture": "#1"},
				"east": {"uv": [0, 7, 1, 11], "texture": "#1"},
				"south": {"uv": [5.25, 12, 5.5, 16], "texture": "#1"},
				"west": {"uv": [7, 0, 8, 4], "texture": "#1"},
				"up": {"uv": [12, 14.25, 11.75, 13.25], "texture": "#1"},
				"down": {"uv": [1.25, 13.5, 1, 14.5], "texture": "#1"}
			}
		},
		{
			"from": [3, 0, 6],
			"to": [4, 16, 9],
			"rotation": {"angle": -22.5, "axis": "y", "origin": [9, 0, 0]},
			"faces": {
				"north": {"uv": [5.5, 12, 5.75, 16], "texture": "#1"},
				"east": {"uv": [7.75, 8, 8.5, 12], "texture": "#1"},
				"south": {"uv": [5.75, 12, 6, 16], "texture": "#1"},
				"west": {"uv": [8.5, 4, 9.25, 8], "texture": "#1"},
				"up": {"uv": [12.5, 14.5, 12.25, 13.75], "texture": "#1"},
				"down": {"uv": [14, 12.5, 13.75, 13.25], "texture": "#1"}
			}
		},
		{
			"from": [0.2, 0, -1.1],
			"to": [3.5, 16, -0.1],
			"rotation": {"angle": 45, "axis": "y", "origin": [6, 0, 0]},
			"faces": {
				"north": {"uv": [8.5, 8, 9.25, 12], "texture": "#1"},
				"east": {"uv": [6, 12, 6.25, 16], "texture": "#1"},
				"south": {"uv": [8.75, 0, 9.5, 4], "texture": "#1"},
				"west": {"uv": [6.25, 12, 6.5, 16], "texture": "#1"},
				"up": {"uv": [14.25, 14, 13.5, 13.75], "texture": "#1"},
				"down": {"uv": [14.75, 0.25, 14, 0.5], "texture": "#1"}
			}
		},
		{
			"from": [3, 0, 0],
			"to": [6, 16, 1],
			"rotation": {"angle": 22.5, "axis": "y", "origin": [6, 0, 0]},
			"faces": {
				"north": {"uv": [9.25, 4, 10, 8], "texture": "#1"},
				"east": {"uv": [6.5, 12, 6.75, 16], "texture": "#1"},
				"south": {"uv": [9.25, 8, 10, 12], "texture": "#1"},
				"west": {"uv": [6.75, 12, 7, 16], "texture": "#1"},
				"up": {"uv": [14.75, 0.75, 14, 0.5], "texture": "#1"},
				"down": {"uv": [14.75, 0.75, 14, 1], "texture": "#1"}
			}
		},
		{
			"from": [10, 0, 15],
			"to": [13, 16, 16],
			"rotation": {"angle": 22.5, "axis": "y", "origin": [10, 0, 16]},
			"faces": {
				"north": {"uv": [9.5, 0, 10.25, 4], "texture": "#1"},
				"east": {"uv": [7, 12, 7.25, 16], "texture": "#1"},
				"south": {"uv": [10, 4, 10.75, 8], "texture": "#1"},
				"west": {"uv": [7.25, 12, 7.5, 16], "texture": "#1"},
				"up": {"uv": [14.75, 1.25, 14, 1], "texture": "#1"},
				"down": {"uv": [14.75, 1.25, 14, 1.5], "texture": "#1"}
			}
		},
		{
			"from": [12.5, 0, -1.1],
			"to": [15.8, 16, -0.1],
			"rotation": {"angle": -45, "axis": "y", "origin": [10, 0, 0]},
			"faces": {
				"north": {"uv": [10, 8, 10.75, 12], "texture": "#1"},
				"east": {"uv": [7.5, 12, 7.75, 16], "texture": "#1"},
				"south": {"uv": [10.25, 0, 11, 4], "texture": "#1"},
				"west": {"uv": [7.75, 12, 8, 16], "texture": "#1"},
				"up": {"uv": [14.75, 1.75, 14, 1.5], "texture": "#1"},
				"down": {"uv": [14.75, 1.75, 14, 2], "texture": "#1"}
			}
		},
		{
			"from": [12.5, 0, 16.1],
			"to": [15.8, 16, 17.1],
			"rotation": {"angle": 45, "axis": "y", "origin": [10, 0, 16]},
			"faces": {
				"north": {"uv": [10.75, 4, 11.5, 8], "texture": "#1"},
				"east": {"uv": [8, 12, 8.25, 16], "texture": "#1"},
				"south": {"uv": [10.75, 8, 11.5, 12], "texture": "#1"},
				"west": {"uv": [12, 8, 12.25, 12], "texture": "#1"},
				"up": {"uv": [14.75, 2.25, 14, 2], "texture": "#1"},
				"down": {"uv": [14.75, 2.25, 14, 2.5], "texture": "#1"}
			}
		},
		{
			"from": [-3, 2, 7],
			"to": [0, 4, 9],
			"rotation": {"angle": 0, "axis": "y", "origin": [-2, 2, 7]},
			"faces": {
				"north": {"uv": [10.75, 12.75, 11.5, 13.25], "texture": "#1"},
				"east": {"uv": [11, 3.5, 11.5, 4], "texture": "#1"},
				"south": {"uv": [13, 5, 13.75, 5.5], "texture": "#1"},
				"west": {"uv": [13.5, 0.25, 14, 0.75], "texture": "#1"},
				"up": {"uv": [13.75, 6, 13, 5.5], "texture": "#1"},
				"down": {"uv": [13.75, 6, 13, 6.5], "texture": "#1"}
			}
		},
		{
			"from": [-2.8, 11, 7],
			"to": [0.2, 13, 9],
			"rotation": {"angle": 0, "axis": "y", "origin": [-2, 11, 7]},
			"faces": {
				"north": {"uv": [13, 6.5, 13.75, 7], "texture": "#1"},
				"east": {"uv": [1.25, 13.5, 1.75, 14], "texture": "#1"},
				"south": {"uv": [13, 7, 13.75, 7.5], "texture": "#1"},
				"west": {"uv": [13.5, 2.25, 14, 2.75], "texture": "#1"},
				"up": {"uv": [13.75, 8, 13, 7.5], "texture": "#1"},
				"down": {"uv": [13.75, 8, 13, 8.5], "texture": "#1"}
			}
		},
		{
			"from": [-3, 10.95, 7],
			"to": [-1, 12.95, 9],
			"rotation": {"angle": 45, "axis": "z", "origin": [-2, 11, 7]},
			"faces": {
				"north": {"uv": [13.5, 2.75, 14, 3.25], "texture": "#1"},
				"east": {"uv": [13.5, 3.25, 14, 3.75], "texture": "#1"},
				"south": {"uv": [10.75, 13.5, 11.25, 14], "texture": "#1"},
				"west": {"uv": [11.25, 13.5, 11.75, 14], "texture": "#1"},
				"up": {"uv": [13, 14, 12.5, 13.5], "texture": "#1"},
				"down": {"uv": [13.5, 13.5, 13, 14], "texture": "#1"}
			}
		},
		{
			"from": [-2.8, 1.95, 7],
			"to": [-1.3, 3.95, 9],
			"rotation": {"angle": -45, "axis": "z", "origin": [-2, 4, 7]},
			"faces": {
				"north": {"uv": [13.5, 13.25, 14, 13.75], "texture": "#1"},
				"east": {"uv": [13.75, 5, 14.25, 5.5], "texture": "#1"},
				"south": {"uv": [13.75, 5.5, 14.25, 6], "texture": "#1"},
				"west": {"uv": [13.75, 6, 14.25, 6.5], "texture": "#1"},
				"up": {"uv": [14.25, 7, 13.75, 6.5], "texture": "#1"},
				"down": {"uv": [14.25, 7, 13.75, 7.5], "texture": "#1"}
			}
		},
		{
			"from": [-4, 3, 7],
			"to": [-2, 11.8, 9],
			"rotation": {"angle": 0, "axis": "y", "origin": [-4, 9, 7]},
			"faces": {
				"north": {"uv": [1, 11, 1.5, 13.25], "texture": "#1"},
				"east": {"uv": [11, 1.25, 11.5, 3.5], "texture": "#1"},
				"south": {"uv": [1.5, 11, 2, 13.25], "texture": "#1"},
				"west": {"uv": [2, 11, 2.5, 13.25], "texture": "#1"},
				"up": {"uv": [14.25, 8, 13.75, 7.5], "texture": "#1"},
				"down": {"uv": [14.25, 8, 13.75, 8.5], "texture": "#1"}
			}
		},
		{
			"from": [4, 14, 1],
			"to": [12, 14, 15],
			"rotation": {"angle": 0, "axis": "y", "origin": [7, 14, 0]},
			"faces": {
				"north": {"uv": [0, 0, 2, 0], "texture": "#1"},
				"east": {"uv": [0, 0, 3.5, 0], "texture": "#1"},
				"south": {"uv": [0, 0, 2, 0], "texture": "#1"},
				"west": {"uv": [0, 0, 3.5, 0], "texture": "#1"},
				"up": {"uv": [2, 3.5, 0, 0], "texture": "#1"},
				"down": {"uv": [4, 0, 2, 3.5], "texture": "#1"}
			}
		},
		{
			"from": [3, 14, 2],
			"to": [4, 14, 14],
			"rotation": {"angle": 0, "axis": "y", "origin": [-1, 14, 0]},
			"faces": {
				"north": {"uv": [0, 0, 0.25, 0], "texture": "#1"},
				"east": {"uv": [0, 0, 3, 0], "texture": "#1"},
				"south": {"uv": [0, 0, 0.25, 0], "texture": "#1"},
				"west": {"uv": [0, 0, 3, 0], "texture": "#1"},
				"up": {"uv": [0.25, 15.25, 0, 12.25], "texture": "#1"},
				"down": {"uv": [0.5, 12.25, 0.25, 15.25], "texture": "#1"}
			}
		},
		{
			"from": [12, 14, 2],
			"to": [13, 14, 14],
			"rotation": {"angle": 0, "axis": "y", "origin": [8, 14, 0]},
			"faces": {
				"north": {"uv": [0, 0, 0.25, 0], "texture": "#1"},
				"east": {"uv": [0, 0, 3, 0], "texture": "#1"},
				"south": {"uv": [0, 0, 0.25, 0], "texture": "#1"},
				"west": {"uv": [0, 0, 3, 0], "texture": "#1"},
				"up": {"uv": [0.75, 15.25, 0.5, 12.25], "texture": "#1"},
				"down": {"uv": [1, 12.25, 0.75, 15.25], "texture": "#1"}
			}
		},
		{
			"from": [2, 14, 2.52],
			"to": [3, 14, 13.52],
			"rotation": {"angle": 0, "axis": "y", "origin": [-2, 14, -1]},
			"faces": {
				"north": {"uv": [0, 0, 0.25, 0], "texture": "#1"},
				"east": {"uv": [0, 0, 2.75, 0], "texture": "#1"},
				"south": {"uv": [0, 0, 0.25, 0], "texture": "#1"},
				"west": {"uv": [0, 0, 2.75, 0], "texture": "#1"},
				"up": {"uv": [12.75, 6.5, 12.5, 3.75], "texture": "#1"},
				"down": {"uv": [12.75, 6.5, 12.5, 9.25], "texture": "#1"}
			}
		},
		{
			"from": [13, 14, 2.52],
			"to": [14, 14, 13.52],
			"rotation": {"angle": 0, "axis": "y", "origin": [9, 14, -1]},
			"faces": {
				"north": {"uv": [0, 0, 0.25, 0], "texture": "#1"},
				"east": {"uv": [0, 0, 2.75, 0], "texture": "#1"},
				"south": {"uv": [0, 0, 0.25, 0], "texture": "#1"},
				"west": {"uv": [0, 0, 2.75, 0], "texture": "#1"},
				"up": {"uv": [8.5, 15.25, 8.25, 12.5], "texture": "#1"},
				"down": {"uv": [8.75, 12.5, 8.5, 15.25], "texture": "#1"}
			}
		},
		{
			"from": [1, 14, 4],
			"to": [2, 14, 12],
			"rotation": {"angle": 0, "axis": "y", "origin": [-3, 14, -1]},
			"faces": {
				"north": {"uv": [0, 0, 0.25, 0], "texture": "#1"},
				"east": {"uv": [0, 0, 2, 0], "texture": "#1"},
				"south": {"uv": [0, 0, 0.25, 0], "texture": "#1"},
				"west": {"uv": [0, 0, 2, 0], "texture": "#1"},
				"up": {"uv": [12.5, 11.75, 12.25, 9.75], "texture": "#1"},
				"down": {"uv": [10.25, 12.5, 10, 14.5], "texture": "#1"}
			}
		},
		{
			"from": [14, 14, 4],
			"to": [15, 14, 12],
			"rotation": {"angle": 0, "axis": "y", "origin": [10, 14, -1]},
			"faces": {
				"north": {"uv": [0, 0, 0.25, 0], "texture": "#1"},
				"east": {"uv": [0, 0, 2, 0], "texture": "#1"},
				"south": {"uv": [0, 0, 0.25, 0], "texture": "#1"},
				"west": {"uv": [0, 0, 2, 0], "texture": "#1"},
				"up": {"uv": [13, 5.75, 12.75, 3.75], "texture": "#1"},
				"down": {"uv": [13, 5.75, 12.75, 7.75], "texture": "#1"}
			}
		},
		{
			"from": [4, 0, 1],
			"to": [12, 0, 15],
			"rotation": {"angle": 0, "axis": "y", "origin": [7, 0, 0]},
			"faces": {
				"north": {"uv": [0, 0, 2, 0], "texture": "#1"},
				"east": {"uv": [0, 0, 3.5, 0], "texture": "#1"},
				"south": {"uv": [0, 0, 2, 0], "texture": "#1"},
				"west": {"uv": [0, 0, 3.5, 0], "texture": "#1"},
				"up": {"uv": [2, 7, 0, 3.5], "texture": "#1"},
				"down": {"uv": [4, 3.5, 2, 7], "texture": "#1"}
			}
		},
		{
			"from": [3, 0, 2],
			"to": [4, 0, 14],
			"rotation": {"angle": 0, "axis": "y", "origin": [-1, 0, 0]},
			"faces": {
				"north": {"uv": [0, 0, 0.25, 0], "texture": "#1"},
				"east": {"uv": [0, 0, 3, 0], "texture": "#1"},
				"south": {"uv": [0, 0, 0.25, 0], "texture": "#1"},
				"west": {"uv": [0, 0, 3, 0], "texture": "#1"},
				"up": {"uv": [12.5, 3.75, 12.25, 0.75], "texture": "#1"},
				"down": {"uv": [12.5, 3.75, 12.25, 6.75], "texture": "#1"}
			}
		},
		{
			"from": [12, 0, 2],
			"to": [13, 0, 14],
			"rotation": {"angle": 0, "axis": "y", "origin": [8, 0, 0]},
			"faces": {
				"north": {"uv": [0, 0, 0.25, 0], "texture": "#1"},
				"east": {"uv": [0, 0, 3, 0], "texture": "#1"},
				"south": {"uv": [0, 0, 0.25, 0], "texture": "#1"},
				"west": {"uv": [0, 0, 3, 0], "texture": "#1"},
				"up": {"uv": [12.5, 9.75, 12.25, 6.75], "texture": "#1"},
				"down": {"uv": [12.75, 0.75, 12.5, 3.75], "texture": "#1"}
			}
		},
		{
			"from": [2, 0, 2.52],
			"to": [3, 0, 13.52],
			"rotation": {"angle": 0, "axis": "y", "origin": [-2, 0, -1]},
			"faces": {
				"north": {"uv": [0, 0, 0.25, 0], "texture": "#1"},
				"east": {"uv": [0, 0, 2.75, 0], "texture": "#1"},
				"south": {"uv": [0, 0, 0.25, 0], "texture": "#1"},
				"west": {"uv": [0, 0, 2.75, 0], "texture": "#1"},
				"up": {"uv": [9, 15.25, 8.75, 12.5], "texture": "#1"},
				"down": {"uv": [9.25, 12.5, 9, 15.25], "texture": "#1"}
			}
		},
		{
			"from": [13, 0, 2.52],
			"to": [14, 0, 13.52],
			"rotation": {"angle": 0, "axis": "y", "origin": [9, 0, -1]},
			"faces": {
				"north": {"uv": [0, 0, 0.25, 0], "texture": "#1"},
				"east": {"uv": [0, 0, 2.75, 0], "texture": "#1"},
				"south": {"uv": [0, 0, 0.25, 0], "texture": "#1"},
				"west": {"uv": [0, 0, 2.75, 0], "texture": "#1"},
				"up": {"uv": [9.5, 15.25, 9.25, 12.5], "texture": "#1"},
				"down": {"uv": [12.75, 9.25, 12.5, 12], "texture": "#1"}
			}
		},
		{
			"from": [1, 0, 4],
			"to": [2, 0, 12],
			"rotation": {"angle": 0, "axis": "y", "origin": [-3, 0, -1]},
			"faces": {
				"north": {"uv": [0, 0, 0.25, 0], "texture": "#1"},
				"east": {"uv": [0, 0, 2, 0], "texture": "#1"},
				"south": {"uv": [0, 0, 0.25, 0], "texture": "#1"},
				"west": {"uv": [0, 0, 2, 0], "texture": "#1"},
				"up": {"uv": [13, 9.75, 12.75, 7.75], "texture": "#1"},
				"down": {"uv": [13, 9.75, 12.75, 11.75], "texture": "#1"}
			}
		},
		{
			"from": [14, 0, 4],
			"to": [15, 0, 12],
			"rotation": {"angle": 0, "axis": "y", "origin": [10, 0, -1]},
			"faces": {
				"north": {"uv": [0, 0, 0.25, 0], "texture": "#1"},
				"east": {"uv": [0, 0, 2, 0], "texture": "#1"},
				"south": {"uv": [0, 0, 0.25, 0], "texture": "#1"},
				"west": {"uv": [0, 0, 2, 0], "texture": "#1"},
				"up": {"uv": [10.5, 14.75, 10.25, 12.75], "texture": "#1"},
				"down": {"uv": [10.75, 12.75, 10.5, 14.75], "texture": "#1"}
			}
		},
		{
			"from": [7, 13, -1],
			"to": [9, 14, 4],
			"faces": {
				"north": {"uv": [1.25, 14, 1.75, 14.25], "texture": "#1"},
				"east": {"uv": [13, 11.5, 14.25, 11.75], "texture": "#1"},
				"south": {"uv": [14, 4.5, 14.5, 4.75], "texture": "#1"},
				"west": {"uv": [12.5, 13, 13.75, 13.25], "texture": "#1"},
				"up": {"uv": [10, 13.75, 9.5, 12.5], "texture": "#1"},
				"down": {"uv": [12.5, 12.5, 12, 13.75], "texture": "#1"}
			}
		},
		{
			"from": [6, 14, -1],
			"to": [10, 16.1, 4],
			"faces": {
				"north": {"uv": [13, 3.75, 14, 4.25], "texture": "#1"},
				"east": {"uv": [12.5, 12.5, 13.75, 13], "texture": "#1"},
				"south": {"uv": [13, 4.25, 14, 4.75], "texture": "#1"},
				"west": {"uv": [12.75, 0.75, 14, 1.25], "texture": "#1"},
				"up": {"uv": [1, 12.25, 0, 11], "texture": "#1"},
				"down": {"uv": [12, 0, 11, 1.25], "texture": "#1"}
			}
		},
		{
			"from": [4, 14, 1],
			"to": [12, 15.1, 3],
			"rotation": {"angle": 0, "axis": "y", "origin": [-4, 0, -1]},
			"faces": {
				"north": {"uv": [12.75, 11.75, 14.75, 12], "texture": "#1"},
				"east": {"uv": [14, 8.5, 14.5, 8.75], "texture": "#1"},
				"south": {"uv": [13, 4.75, 15, 5], "texture": "#1"},
				"west": {"uv": [14, 8.75, 14.5, 9], "texture": "#1"},
				"up": {"uv": [10.25, 12.5, 8.25, 12], "texture": "#1"},
				"down": {"uv": [14, 12, 12, 12.5], "texture": "#1"}
			}
		},
		{
			"from": [6.5, 16, 0],
			"to": [9.5, 17, 3],
			"rotation": {"angle": 0, "axis": "y", "origin": [-1, 2, 0]},
			"faces": {
				"north": {"uv": [14, 2.5, 14.75, 2.75], "texture": "#1"},
				"east": {"uv": [14, 2.75, 14.75, 3], "texture": "#1"},
				"south": {"uv": [14, 3, 14.75, 3.25], "texture": "#1"},
				"west": {"uv": [14, 3.25, 14.75, 3.5], "texture": "#1"},
				"up": {"uv": [13.5, 3, 12.75, 2.25], "texture": "#1"},
				"down": {"uv": [13.5, 3, 12.75, 3.75], "texture": "#1"}
			}
		},
		{
			"from": [6.5, 15, -1.8],
			"to": [9.5, 16, 0.2],
			"rotation": {"angle": -45, "axis": "x", "origin": [8, 16.74802, -1.05097]},
			"faces": {
				"north": {"uv": [14, 3.5, 14.75, 3.75], "texture": "#1"},
				"east": {"uv": [14, 9, 14.5, 9.25], "texture": "#1"},
				"south": {"uv": [14, 3.75, 14.75, 4], "texture": "#1"},
				"west": {"uv": [14, 9.25, 14.5, 9.5], "texture": "#1"},
				"up": {"uv": [13.75, 9, 13, 8.5], "texture": "#1"},
				"down": {"uv": [13.75, 9, 13, 9.5], "texture": "#1"}
			}
		},
		{
			"from": [6.5, 15, 2.8],
			"to": [9.5, 16, 4.8],
			"rotation": {"angle": 45, "axis": "x", "origin": [8, 16.74802, 4.05097]},
			"faces": {
				"north": {"uv": [14, 4, 14.75, 4.25], "texture": "#1"},
				"east": {"uv": [14, 9.5, 14.5, 9.75], "texture": "#1"},
				"south": {"uv": [14, 4.25, 14.75, 4.5], "texture": "#1"},
				"west": {"uv": [14, 9.75, 14.5, 10], "texture": "#1"},
				"up": {"uv": [13.75, 10, 13, 9.5], "texture": "#1"},
				"down": {"uv": [13.75, 10, 13, 10.5], "texture": "#1"}
			}
		},
		{
			"from": [6, 15, -3],
			"to": [11, 17.45, 0],
			"rotation": {"angle": 22.5, "axis": "x", "origin": [0, 0, -3]},
			"faces": {
				"north": {"uv": [12.75, 1.25, 14, 1.75], "texture": "#1"},
				"east": {"uv": [13, 10.5, 13.75, 11], "texture": "#1"},
				"south": {"uv": [12.75, 1.75, 14, 2.25], "texture": "#1"},
				"west": {"uv": [13, 11, 13.75, 11.5], "texture": "#1"},
				"up": {"uv": [11.5, 12.75, 10.25, 12], "texture": "#1"},
				"down": {"uv": [13.5, 0, 12.25, 0.75], "texture": "#1"}
			}
		}
	],
	"display": {
		"thirdperson_righthand": {
			"translation": [5, -1.5, 0],
			"scale": [0.4, 0.4, 0.4]
		},
		"thirdperson_lefthand": {
			"translation": [-5, -1.5, 0],
			"scale": [0.4, 0.4, 0.4]
		},
		"firstperson_righthand": {
			"translation": [0, -2.75, 0],
			"scale": [0.7, 0.7, 0.7]
		},
		"firstperson_lefthand": {
			"translation": [4, -2.75, 0],
			"scale": [0.7, 0.7, 0.7]
		},
		"ground": {
			"rotation": [-180, 59, 180],
			"translation": [-5, 1, 6.25],
			"scale": [0.6, 0.6, 0.6]
		},
		"gui": {
			"rotation": [26, -159, 0],
			"scale": [0.7, 0.7, 0.7]
		},
		"head": {
			"translation": [0, 11, 0],
			"scale": [0.6, 0.6, 0.6]
		},
		"fixed": {
			"rotation": [-90, 0, 0],
			"translation": [0, 0, -8]
		}
	},
	"groups": [
		{
			"name": "beermug",
			"origin": [8, 8, 8],
			"color": 0,
			"children": [
				{
					"name": "tube",
					"origin": [8, 8, 8],
					"color": 0,
					"children": [0, 1, 2, 3, 4, 5, 6, 7, 8, 9, 10, 11, 12, 13, 14, 15]
				},
				{
					"name": "handle",
					"origin": [8, 8, 8],
					"color": 0,
					"children": [16, 17, 18, 19, 20]
				},
				{
					"name": "top",
					"origin": [8, 8, 8],
					"color": 0,
					"children": [21, 22, 23, 24, 25, 26, 27]
				},
				{
					"name": "bottom",
					"origin": [8, 8, 8],
					"color": 0,
					"children": [28, 29, 30, 31, 32, 33, 34]
				},
				35,
				36,
				37,
				38,
				39,
				40,
				41
			]
		}
	]
}
