{
	"credit": "Made with Blockbench",
	"texture_size": [32, 32],
	"textures": {
		"0": "item/bunnyears",
		"particle": "item/bunnyears"
	},
	"elements": [
		{
			"from": [10, 1, 8],
			"to": [13, 3, 9],
			"rotation": {"angle": 0, "axis": "y", "origin": [11, 1, 7]},
			"faces": {
				"north": {"uv": [7.5, 2.5, 9, 3.5], "texture": "#0"},
				"east": {"uv": [12, 2, 12.5, 3], "texture": "#0"},
				"south": {"uv": [7.5, 3.5, 9, 4.5], "texture": "#0"},
				"west": {"uv": [4, 12, 4.5, 13], "texture": "#0"},
				"up": {"uv": [12, 4.5, 10.5, 4], "texture": "#0"},
				"down": {"uv": [12, 4.5, 10.5, 5], "texture": "#0"}
			}
		},
		{
			"from": [10, 2, 9],
			"to": [13, 4, 10],
			"rotation": {"angle": 0, "axis": "y", "origin": [10, 3, 8]},
			"faces": {
				"north": {"uv": [7.5, 5.5, 9, 6.5], "texture": "#0"},
				"east": {"uv": [12, 4, 12.5, 5], "texture": "#0"},
				"south": {"uv": [8, 1, 9.5, 2], "texture": "#0"},
				"west": {"uv": [4.5, 12, 5, 13], "texture": "#0"},
				"up": {"uv": [12, 6, 10.5, 5.5], "texture": "#0"},
				"down": {"uv": [12, 6, 10.5, 6.5], "texture": "#0"}
			}
		},
		{
			"from": [10, 3, 10],
			"to": [13, 4, 12],
			"rotation": {"angle": 0, "axis": "y", "origin": [10, 4, 9]},
			"faces": {
				"north": {"uv": [8, 10.5, 9.5, 11], "texture": "#0"},
				"east": {"uv": [8, 2, 9, 2.5], "texture": "#0"},
				"south": {"uv": [9.5, 10.5, 11, 11], "texture": "#0"},
				"west": {"uv": [12, 3, 13, 3.5], "texture": "#0"},
				"up": {"uv": [9.5, 7.5, 8, 6.5], "texture": "#0"},
				"down": {"uv": [9.5, 7.5, 8, 8.5], "texture": "#0"}
			}
		},
		{
			"from": [10, 7, 11],
			"to": [13, 9, 12],
			"rotation": {"angle": 0, "axis": "y", "origin": [10, 8, 9]},
			"faces": {
				"north": {"uv": [8, 8.5, 9.5, 9.5], "texture": "#0"},
				"east": {"uv": [12, 5, 12.5, 6], "texture": "#0"},
				"south": {"uv": [9, 2, 10.5, 3], "texture": "#0"},
				"west": {"uv": [7, 12, 7.5, 13], "texture": "#0"},
				"up": {"uv": [1.5, 11.5, 0, 11], "texture": "#0"},
				"down": {"uv": [12.5, 1, 11, 1.5], "texture": "#0"}
			}
		},
		{
			"from": [10, 7, 6],
			"to": [13, 9, 7],
			"rotation": {"angle": 0, "axis": "y", "origin": [10, 8, 4]},
			"faces": {
				"north": {"uv": [9, 3, 10.5, 4], "texture": "#0"},
				"east": {"uv": [8, 12, 8.5, 13], "texture": "#0"},
				"south": {"uv": [9, 4, 10.5, 5], "texture": "#0"},
				"west": {"uv": [8.5, 12, 9, 13], "texture": "#0"},
				"up": {"uv": [3, 11.5, 1.5, 11], "texture": "#0"},
				"down": {"uv": [12.5, 1.5, 11, 2], "texture": "#0"}
			}
		},
		{
			"from": [10, 9, 7],
			"to": [13, 10, 11],
			"rotation": {"angle": 0, "axis": "y", "origin": [10, 9, 8]},
			"faces": {
				"north": {"uv": [11, 6.5, 12.5, 7], "texture": "#0"},
				"east": {"uv": [9, 9.5, 11, 10], "texture": "#0"},
				"south": {"uv": [11, 7, 12.5, 7.5], "texture": "#0"},
				"west": {"uv": [9.5, 9, 11.5, 9.5], "texture": "#0"},
				"up": {"uv": [6.5, 3, 5, 1], "texture": "#0"},
				"down": {"uv": [6.5, 3, 5, 5], "texture": "#0"}
			}
		},
		{
			"from": [10, 4, 12],
			"to": [13, 7, 13],
			"rotation": {"angle": 0, "axis": "y", "origin": [10, 5, 11]},
			"faces": {
				"north": {"uv": [6, 5.5, 7.5, 7], "texture": "#0"},
				"east": {"uv": [6, 11, 6.5, 12.5], "texture": "#0"},
				"south": {"uv": [6.5, 1, 8, 2.5], "texture": "#0"},
				"west": {"uv": [6.5, 11, 7, 12.5], "texture": "#0"},
				"up": {"uv": [12.5, 8, 11, 7.5], "texture": "#0"},
				"down": {"uv": [9.5, 11, 8, 11.5], "texture": "#0"}
			}
		},
		{
			"from": [10, 3, 8],
			"to": [11, 4, 9],
			"rotation": {"angle": 0, "axis": "y", "origin": [10, 2, 7]},
			"faces": {
				"north": {"uv": [7.5, 6.5, 8, 7], "texture": "#0"},
				"east": {"uv": [7.5, 9, 8, 9.5], "texture": "#0"},
				"south": {"uv": [12.5, 7.5, 13, 8], "texture": "#0"},
				"west": {"uv": [12.5, 8, 13, 8.5], "texture": "#0"},
				"up": {"uv": [10, 13, 9.5, 12.5], "texture": "#0"},
				"down": {"uv": [10.5, 12.5, 10, 13], "texture": "#0"}
			}
		},
		{
			"from": [12, 3, 8],
			"to": [13, 4, 9],
			"rotation": {"angle": 0, "axis": "y", "origin": [12, 2, 7]},
			"faces": {
				"north": {"uv": [10.5, 12.5, 11, 13], "texture": "#0"},
				"east": {"uv": [11, 12.5, 11.5, 13], "texture": "#0"},
				"south": {"uv": [11.5, 12.5, 12, 13], "texture": "#0"},
				"west": {"uv": [12, 12.5, 12.5, 13], "texture": "#0"},
				"up": {"uv": [13, 12.5, 12.5, 12], "texture": "#0"},
				"down": {"uv": [13, 12.5, 12.5, 13], "texture": "#0"}
			}
		},
		{
			"from": [13, 5, 11],
			"to": [14, 8, 12],
			"rotation": {"angle": 0, "axis": "y", "origin": [13, 4, 10]},
			"faces": {
				"north": {"uv": [9.5, 11, 10, 12.5], "texture": "#0"},
				"east": {"uv": [11, 9.5, 11.5, 11], "texture": "#0"},
				"south": {"uv": [10, 11, 10.5, 12.5], "texture": "#0"},
				"west": {"uv": [10.5, 11, 11, 12.5], "texture": "#0"},
				"up": {"uv": [0.5, 13.5, 0, 13], "texture": "#0"},
				"down": {"uv": [1, 13, 0.5, 13.5], "texture": "#0"}
			}
		},
		{
			"from": [13, 7, 10],
			"to": [14, 8, 11],
			"rotation": {"angle": 0, "axis": "y", "origin": [13, 4, 9]},
			"faces": {
				"north": {"uv": [1, 13, 1.5, 13.5], "texture": "#0"},
				"east": {"uv": [1.5, 13, 2, 13.5], "texture": "#0"},
				"south": {"uv": [2, 13, 2.5, 13.5], "texture": "#0"},
				"west": {"uv": [3, 13, 3.5, 13.5], "texture": "#0"},
				"up": {"uv": [13.5, 3.5, 13, 3], "texture": "#0"},
				"down": {"uv": [4, 13, 3.5, 13.5], "texture": "#0"}
			}
		},
		{
			"from": [9, 7, 10],
			"to": [10, 8, 11],
			"rotation": {"angle": 0, "axis": "y", "origin": [9, 4, 9]},
			"faces": {
				"north": {"uv": [13, 3.5, 13.5, 4], "texture": "#0"},
				"east": {"uv": [4, 13, 4.5, 13.5], "texture": "#0"},
				"south": {"uv": [13, 4, 13.5, 4.5], "texture": "#0"},
				"west": {"uv": [4.5, 13, 5, 13.5], "texture": "#0"},
				"up": {"uv": [13.5, 5, 13, 4.5], "texture": "#0"},
				"down": {"uv": [13.5, 5, 13, 5.5], "texture": "#0"}
			}
		},
		{
			"from": [9, 5, 11],
			"to": [10, 8, 12],
			"rotation": {"angle": 0, "axis": "y", "origin": [9, 4, 10]},
			"faces": {
				"north": {"uv": [11, 11, 11.5, 12.5], "texture": "#0"},
				"east": {"uv": [0, 11.5, 0.5, 13], "texture": "#0"},
				"south": {"uv": [0.5, 11.5, 1, 13], "texture": "#0"},
				"west": {"uv": [1, 11.5, 1.5, 13], "texture": "#0"},
				"up": {"uv": [13.5, 6, 13, 5.5], "texture": "#0"},
				"down": {"uv": [6.5, 13, 6, 13.5], "texture": "#0"}
			}
		},
		{
			"from": [13, 8, 7],
			"to": [14, 9, 11],
			"rotation": {"angle": 0, "axis": "y", "origin": [13, 7, 6]},
			"faces": {
				"north": {"uv": [13, 6, 13.5, 6.5], "texture": "#0"},
				"east": {"uv": [10, 0, 12, 0.5], "texture": "#0"},
				"south": {"uv": [6.5, 13, 7, 13.5], "texture": "#0"},
				"west": {"uv": [10, 0.5, 12, 1], "texture": "#0"},
				"up": {"uv": [4.5, 10, 4, 8], "texture": "#0"},
				"down": {"uv": [5, 8, 4.5, 10], "texture": "#0"}
			}
		},
		{
			"from": [13, 4, 9],
			"to": [14, 5, 12],
			"rotation": {"angle": 0, "axis": "y", "origin": [13, 3, 7]},
			"faces": {
				"north": {"uv": [13, 6.5, 13.5, 7], "texture": "#0"},
				"east": {"uv": [11, 8, 12.5, 8.5], "texture": "#0"},
				"south": {"uv": [7, 13, 7.5, 13.5], "texture": "#0"},
				"west": {"uv": [1.5, 11.5, 3, 12], "texture": "#0"},
				"up": {"uv": [12, 3.5, 11.5, 2], "texture": "#0"},
				"down": {"uv": [3.5, 11.5, 3, 13], "texture": "#0"}
			}
		},
		{
			"from": [9, 4, 9],
			"to": [10, 5, 12],
			"rotation": {"angle": 0, "axis": "y", "origin": [9, 3, 7]},
			"faces": {
				"north": {"uv": [13, 7, 13.5, 7.5], "texture": "#0"},
				"east": {"uv": [11.5, 3.5, 13, 4], "texture": "#0"},
				"south": {"uv": [13, 7.5, 13.5, 8], "texture": "#0"},
				"west": {"uv": [8, 11.5, 9.5, 12], "texture": "#0"},
				"up": {"uv": [4, 13, 3.5, 11.5], "texture": "#0"},
				"down": {"uv": [12, 9, 11.5, 10.5], "texture": "#0"}
			}
		},
		{
			"from": [9, 8, 7],
			"to": [10, 9, 11],
			"rotation": {"angle": 0, "axis": "y", "origin": [9, 7, 6]},
			"faces": {
				"north": {"uv": [8, 13, 8.5, 13.5], "texture": "#0"},
				"east": {"uv": [10, 5, 12, 5.5], "texture": "#0"},
				"south": {"uv": [13, 8, 13.5, 8.5], "texture": "#0"},
				"west": {"uv": [9, 10, 11, 10.5], "texture": "#0"},
				"up": {"uv": [4.5, 12, 4, 10], "texture": "#0"},
				"down": {"uv": [5, 10, 4.5, 12], "texture": "#0"}
			}
		},
		{
			"from": [3, 0, 7],
			"to": [13, 1, 9],
			"rotation": {"angle": 0, "axis": "y", "origin": [7, 0, 7]},
			"faces": {
				"north": {"uv": [5, 5, 10, 5.5], "texture": "#0"},
				"east": {"uv": [12, 6, 13, 6.5], "texture": "#0"},
				"south": {"uv": [0, 5.5, 5, 6], "texture": "#0"},
				"west": {"uv": [12, 8.5, 13, 9], "texture": "#0"},
				"up": {"uv": [5, 5.5, 0, 4.5], "texture": "#0"},
				"down": {"uv": [10, 0, 5, 1], "texture": "#0"}
			}
		},
		{
			"from": [1, -1, 7],
			"to": [3, 0, 9],
			"rotation": {"angle": 0, "axis": "y", "origin": [5, -1, 7]},
			"faces": {
				"north": {"uv": [12, 9, 13, 9.5], "texture": "#0"},
				"east": {"uv": [12, 9.5, 13, 10], "texture": "#0"},
				"south": {"uv": [12, 10, 13, 10.5], "texture": "#0"},
				"west": {"uv": [11.5, 12, 12.5, 12.5], "texture": "#0"},
				"up": {"uv": [7, 11, 6, 10], "texture": "#0"},
				"down": {"uv": [11.5, 2, 10.5, 3], "texture": "#0"}
			}
		},
		{
			"from": [13, -1, 7],
			"to": [15, 0, 9],
			"rotation": {"angle": 0, "axis": "y", "origin": [17, -1, 7]},
			"faces": {
				"north": {"uv": [12.5, 1, 13.5, 1.5], "texture": "#0"},
				"east": {"uv": [1.5, 12.5, 2.5, 13], "texture": "#0"},
				"south": {"uv": [12.5, 1.5, 13.5, 2], "texture": "#0"},
				"west": {"uv": [12.5, 2, 13.5, 2.5], "texture": "#0"},
				"up": {"uv": [4, 11.5, 3, 10.5], "texture": "#0"},
				"down": {"uv": [11.5, 3, 10.5, 4], "texture": "#0"}
			}
		},
		{
			"from": [0, -5, 7],
			"to": [1, -1, 9],
			"rotation": {"angle": 0, "axis": "y", "origin": [4, -2, 7]},
			"faces": {
				"north": {"uv": [7, 10, 7.5, 12], "texture": "#0"},
				"east": {"uv": [4, 6, 5, 8], "texture": "#0"},
				"south": {"uv": [5, 10.5, 5.5, 12.5], "texture": "#0"},
				"west": {"uv": [6.5, 2.5, 7.5, 4.5], "texture": "#0"},
				"up": {"uv": [9.5, 13, 9, 12], "texture": "#0"},
				"down": {"uv": [3, 12.5, 2.5, 13.5], "texture": "#0"}
			}
		},
		{
			"from": [15, -5, 7],
			"to": [16, -1, 9],
			"rotation": {"angle": 0, "axis": "y", "origin": [19, -2, 7]},
			"faces": {
				"north": {"uv": [5.5, 10.5, 6, 12.5], "texture": "#0"},
				"east": {"uv": [6, 7, 7, 9], "texture": "#0"},
				"south": {"uv": [7.5, 10.5, 8, 12.5], "texture": "#0"},
				"west": {"uv": [7, 7, 8, 9], "texture": "#0"},
				"up": {"uv": [13, 5, 12.5, 4], "texture": "#0"},
				"down": {"uv": [5.5, 12.5, 5, 13.5], "texture": "#0"}
			}
		},
		{
			"from": [3, 1, 8],
			"to": [6, 3, 9],
			"rotation": {"angle": 0, "axis": "y", "origin": [3, 1, 7]},
			"faces": {
				"north": {"uv": [9, 5.5, 10.5, 6.5], "texture": "#0"},
				"east": {"uv": [12.5, 5, 13, 6], "texture": "#0"},
				"south": {"uv": [6, 9, 7.5, 10], "texture": "#0"},
				"west": {"uv": [5.5, 12.5, 6, 13.5], "texture": "#0"},
				"up": {"uv": [13, 11, 11.5, 10.5], "texture": "#0"},
				"down": {"uv": [13, 11, 11.5, 11.5], "texture": "#0"}
			}
		},
		{
			"from": [3, 3, 8],
			"to": [4, 4, 9],
			"rotation": {"angle": 0, "axis": "y", "origin": [3, 2, 7]},
			"faces": {
				"north": {"uv": [8.5, 13, 9, 13.5], "texture": "#0"},
				"east": {"uv": [13, 8.5, 13.5, 9], "texture": "#0"},
				"south": {"uv": [9, 13, 9.5, 13.5], "texture": "#0"},
				"west": {"uv": [13, 9, 13.5, 9.5], "texture": "#0"},
				"up": {"uv": [10, 13.5, 9.5, 13], "texture": "#0"},
				"down": {"uv": [13.5, 9.5, 13, 10], "texture": "#0"}
			}
		},
		{
			"from": [5, 3, 8],
			"to": [6, 4, 9],
			"rotation": {"angle": 0, "axis": "y", "origin": [5, 2, 7]},
			"faces": {
				"north": {"uv": [10, 13, 10.5, 13.5], "texture": "#0"},
				"east": {"uv": [13, 10, 13.5, 10.5], "texture": "#0"},
				"south": {"uv": [10.5, 13, 11, 13.5], "texture": "#0"},
				"west": {"uv": [13, 10.5, 13.5, 11], "texture": "#0"},
				"up": {"uv": [11.5, 13.5, 11, 13], "texture": "#0"},
				"down": {"uv": [13.5, 11, 13, 11.5], "texture": "#0"}
			}
		},
		{
			"from": [3, 13, 8],
			"to": [6, 14, 10],
			"rotation": {"angle": 0, "axis": "y", "origin": [3, 12, 7]},
			"faces": {
				"north": {"uv": [11.5, 11.5, 13, 12], "texture": "#0"},
				"east": {"uv": [12.5, 2.5, 13.5, 3], "texture": "#0"},
				"south": {"uv": [12, 0, 13.5, 0.5], "texture": "#0"},
				"west": {"uv": [6, 12.5, 7, 13], "texture": "#0"},
				"up": {"uv": [11, 2, 9.5, 1], "texture": "#0"},
				"down": {"uv": [11, 6.5, 9.5, 7.5], "texture": "#0"}
			}
		},
		{
			"from": [3, 2, 9],
			"to": [6, 4, 10],
			"rotation": {"angle": 0, "axis": "y", "origin": [3, 3, 8]},
			"faces": {
				"north": {"uv": [7.5, 9.5, 9, 10.5], "texture": "#0"},
				"east": {"uv": [12.5, 6.5, 13, 7.5], "texture": "#0"},
				"south": {"uv": [9.5, 7.5, 11, 8.5], "texture": "#0"},
				"west": {"uv": [7.5, 12.5, 8, 13.5], "texture": "#0"},
				"up": {"uv": [13.5, 1, 12, 0.5], "texture": "#0"},
				"down": {"uv": [3, 12, 1.5, 12.5], "texture": "#0"}
			}
		},
		{
			"from": [2, 4, 9],
			"to": [7, 13, 10],
			"rotation": {"angle": 0, "axis": "y", "origin": [4, 2, 8]},
			"faces": {
				"north": {"uv": [0, 0, 2.5, 4.5], "texture": "#0"},
				"east": {"uv": [3, 6, 3.5, 10.5], "texture": "#0"},
				"south": {"uv": [2.5, 0, 5, 4.5], "texture": "#0"},
				"west": {"uv": [3.5, 6, 4, 10.5], "texture": "#0"},
				"up": {"uv": [9, 5, 6.5, 4.5], "texture": "#0"},
				"down": {"uv": [12, 8.5, 9.5, 9], "texture": "#0"}
			}
		},
		{
			"from": [2, 3, 8],
			"to": [3, 13, 9],
			"rotation": {"angle": 0, "axis": "y", "origin": [4, 2, 7]},
			"faces": {
				"north": {"uv": [5, 5.5, 5.5, 10.5], "texture": "#0"},
				"east": {"uv": [5.5, 5.5, 6, 10.5], "texture": "#0"},
				"south": {"uv": [0, 6, 0.5, 11], "texture": "#0"},
				"west": {"uv": [0.5, 6, 1, 11], "texture": "#0"},
				"up": {"uv": [12, 13.5, 11.5, 13], "texture": "#0"},
				"down": {"uv": [13.5, 11.5, 13, 12], "texture": "#0"}
			}
		},
		{
			"from": [6, 3, 8],
			"to": [7, 13, 9],
			"rotation": {"angle": 0, "axis": "y", "origin": [8, 2, 7]},
			"faces": {
				"north": {"uv": [1, 6, 1.5, 11], "texture": "#0"},
				"east": {"uv": [1.5, 6, 2, 11], "texture": "#0"},
				"south": {"uv": [2, 6, 2.5, 11], "texture": "#0"},
				"west": {"uv": [2.5, 6, 3, 11], "texture": "#0"},
				"up": {"uv": [12.5, 13.5, 12, 13], "texture": "#0"},
				"down": {"uv": [13.5, 12, 13, 12.5], "texture": "#0"}
			}
		}
	],
	"display": {
		"thirdperson_righthand": {
			"translation": [0, 6, 0],
			"scale": [0.8, 0.8, 0.8]
		},
		"thirdperson_lefthand": {
			"translation": [0, 6, 0],
			"scale": [0.8, 0.8, 0.8]
		},
		"ground": {
			"translation": [0, 9.5, 0]
		},
		"gui": {
			"rotation": [21, 152, 0],
			"translation": [0, 3.25, 0],
			"scale": [0.8, 0.8, 0.8]
		},
		"head": {
			"translation": [0, 15.25, 0]
		},
		"fixed": {
			"translation": [0, 3.5, -2]
		}
	},
	"groups": [
		{
			"name": "hat",
			"origin": [8, 8, 8],
			"color": 0,
			"children": [
				{
					"name": "ear 2",
					"origin": [10, 1, 7],
					"color": 0,
					"children": [0, 1, 2, 3, 4, 5, 6, 7, 8, 9, 10, 11, 12, 13, 14, 15, 16]
				},
				{
					"name": "bow",
					"origin": [8, 8, 8],
					"color": 0,
					"children": [17, 18, 19, 20, 21]
				},
				{
					"name": "ear1",
					"origin": [8, 8, 8],
					"color": 0,
					"children": [22, 23, 24, 25, 26, 27, 28, 29]
				}
			]
		}
	]
}
