{
	"parent": "minecraft:block/carved_pumpkin",
	"textures": {
		"layer0": "item/carved_pumpkin"
	},
	"overrides": [
		{ "predicate": { "custom_model_data": 1 }, "model": "block/custom/blinders" },
		{ "predicate": { "custom_model_data": 2 }, "model": "block/custom/pilothat" },
		{ "predicate": { "custom_model_data": 3 }, "model": "block/custom/steampunkhat1" },
		{ "predicate": { "custom_model_data": 4 }, "model": "block/custom/tophatsimple" },
		{ "predicate": { "custom_model_data": 5 }, "model": "block/custom/tophattop" },
		{ "predicate": { "custom_model_data": 6 }, "model": "block/custom/bunnyears" },
		{ "predicate": { "custom_model_data": 7 }, "model": "block/custom/ggpeanut" },
		{ "predicate": { "custom_model_data": 8 }, "model": "block/custom/steampunk2" },
		{ "predicate": { "custom_model_data": 9 }, "model": "block/custom/judge1" },
		{ "predicate": { "custom_model_data": 10 }, "model": "block/custom/judge2" },
		{ "predicate": { "custom_model_data": 11 }, "model": "block/custom/judgeultimate" },
		{ "predicate": { "custom_model_data": 12 }, "model": "block/custom/sortinghat" },
		{ "predicate": { "custom_model_data": 13 }, "model": "block/custom/puchef" },
		{ "predicate": { "custom_model_data": 14 }, "model": "block/custom/redstonehat" },
		{ "predicate": { "custom_model_data": 15 }, "model": "block/custom/puegg" },
		{ "predicate": { "custom_model_data": 16 }, "model": "block/custom/puturkey" },
		{ "predicate": { "custom_model_data": 17 }, "model": "block/custom/books1" },
		{ "predicate": { "custom_model_data": 18 }, "model": "block/custom/telescope" },
		{ "predicate": { "custom_model_data": 19 }, "model": "block/custom/pupizza" },
		{ "predicate": { "custom_model_data": 20 }, "model": "block/custom/gift1" },
		{ "predicate": { "custom_model_data": 21 }, "model": "block/custom/coastalbanner" },
		{ "predicate": { "custom_model_data": 22 }, "model": "block/custom/parkbench" },
		{ "predicate": { "custom_model_data": 23 }, "model": "block/custom/plushie1" },
		{ "predicate": { "custom_model_data": 24 }, "model": "block/custom/sofa1" },
		{ "predicate": { "custom_model_data": 25 }, "model": "block/custom/endermug" },
		{ "predicate": { "custom_model_data": 26 }, "model": "block/custom/beermug" },
		{ "predicate": { "custom_model_data": 27 }, "model": "item/carved_pumpkin" }
	]
}
