{
	"credit": "Made with Blockbench",
	"texture_size": [64, 64],
	"textures": {
		"0": "item/coastalbanner",
		"particle": "item/coastalbanner"
	},
	"elements": [
		{
			"from": [-3, 25, 6],
			"to": [20, 27, 8],
			"rotation": {"angle": 0, "axis": "y", "origin": [5, 25, 3]},
			"faces": {
				"north": {"uv": [0, 5.25, 4.25, 5.75], "texture": "#0"},
				"east": {"uv": [4.75, 7.5, 5.25, 8], "texture": "#0"},
				"south": {"uv": [4.25, 5.25, 8.5, 5.75], "texture": "#0"},
				"west": {"uv": [7.5, 7.5, 8, 8], "texture": "#0"},
				"up": {"uv": [4.25, 6.25, 0, 5.75], "texture": "#0"},
				"down": {"uv": [8.5, 5.75, 4.25, 6.25], "texture": "#0"}
			}
		},
		{
			"from": [-2, 24, 5],
			"to": [0, 28, 9],
			"rotation": {"angle": 0, "axis": "y", "origin": [-2, 25, 6]},
			"faces": {
				"north": {"uv": [6, 7.25, 6.5, 8.25], "texture": "#0"},
				"east": {"uv": [6, 6.25, 7, 7.25], "texture": "#0"},
				"south": {"uv": [6.5, 7.25, 7, 8.25], "texture": "#0"},
				"west": {"uv": [0, 6.75, 1, 7.75], "texture": "#0"},
				"up": {"uv": [7.5, 8.25, 7, 7.25], "texture": "#0"},
				"down": {"uv": [8, 0, 7.5, 1], "texture": "#0"}
			}
		},
		{
			"from": [17, 24, 5],
			"to": [19, 28, 9],
			"rotation": {"angle": 0, "axis": "y", "origin": [17, 25, 6]},
			"faces": {
				"north": {"uv": [7.5, 1, 8, 2], "texture": "#0"},
				"east": {"uv": [1, 6.75, 2, 7.75], "texture": "#0"},
				"south": {"uv": [7.5, 2, 8, 3], "texture": "#0"},
				"west": {"uv": [2, 6.75, 3, 7.75], "texture": "#0"},
				"up": {"uv": [3.5, 8.5, 3, 7.5], "texture": "#0"},
				"down": {"uv": [8, 3, 7.5, 4], "texture": "#0"}
			}
		},
		{
			"from": [1, 7, 7],
			"to": [16, 25, 8],
			"rotation": {"angle": 0, "axis": "y", "origin": [2, 23, 7]},
			"faces": {
				"north": {"uv": [0, 0, 3.75, 4.5], "texture": "#0"},
				"east": {"uv": [5.5, 6.25, 5.75, 10.75], "texture": "#0"},
				"south": {"uv": [3.75, 0, 7.5, 4.5], "texture": "#0"},
				"west": {"uv": [5.75, 6.25, 6, 10.75], "texture": "#0"},
				"up": {"uv": [10.25, 4.75, 6.5, 4.5], "texture": "#0"},
				"down": {"uv": [10.25, 4.75, 6.5, 5], "texture": "#0"}
			}
		},
		{
			"from": [2, 4, 7],
			"to": [15, 7, 8],
			"rotation": {"angle": 0, "axis": "y", "origin": [2, 5, 7]},
			"faces": {
				"north": {"uv": [0, 4.5, 3.25, 5.25], "texture": "#0"},
				"east": {"uv": [5.25, 6.75, 5.5, 7.5], "texture": "#0"},
				"south": {"uv": [3.25, 4.5, 6.5, 5.25], "texture": "#0"},
				"west": {"uv": [5.25, 7.5, 5.5, 8.25], "texture": "#0"},
				"up": {"uv": [9.75, 5.25, 6.5, 5], "texture": "#0"},
				"down": {"uv": [10.25, 6.25, 7, 6.5], "texture": "#0"}
			}
		},
		{
			"from": [3, 2, 7],
			"to": [14, 4, 8],
			"rotation": {"angle": 0, "axis": "y", "origin": [2, 2, 7]},
			"faces": {
				"north": {"uv": [0, 6.25, 2.75, 6.75], "texture": "#0"},
				"east": {"uv": [0, 7.75, 0.25, 8.25], "texture": "#0"},
				"south": {"uv": [2.75, 6.25, 5.5, 6.75], "texture": "#0"},
				"west": {"uv": [0.25, 7.75, 0.5, 8.25], "texture": "#0"},
				"up": {"uv": [9.75, 6.75, 7, 6.5], "texture": "#0"},
				"down": {"uv": [9.75, 6.75, 7, 7], "texture": "#0"}
			}
		},
		{
			"from": [4, 1, 7],
			"to": [13, 2, 8],
			"rotation": {"angle": 0, "axis": "y", "origin": [2, 0, 7]},
			"faces": {
				"north": {"uv": [3, 6.75, 5.25, 7], "texture": "#0"},
				"east": {"uv": [0.5, 7.75, 0.75, 8], "texture": "#0"},
				"south": {"uv": [3, 7, 5.25, 7.25], "texture": "#0"},
				"west": {"uv": [0.75, 7.75, 1, 8], "texture": "#0"},
				"up": {"uv": [9.25, 7.25, 7, 7], "texture": "#0"},
				"down": {"uv": [5.25, 7.25, 3, 7.5], "texture": "#0"}
			}
		},
		{
			"from": [6, 0, 7],
			"to": [11, 1, 8],
			"rotation": {"angle": 0, "axis": "y", "origin": [2, -1, 7]},
			"faces": {
				"north": {"uv": [3.5, 7.5, 4.75, 7.75], "texture": "#0"},
				"east": {"uv": [1, 7.75, 1.25, 8], "texture": "#0"},
				"south": {"uv": [7.5, 4, 8.75, 4.25], "texture": "#0"},
				"west": {"uv": [1.25, 7.75, 1.5, 8], "texture": "#0"},
				"up": {"uv": [8.75, 4.5, 7.5, 4.25], "texture": "#0"},
				"down": {"uv": [8.75, 7.25, 7.5, 7.5], "texture": "#0"}
			}
		}
	],
	"display": {
		"thirdperson_righthand": {
			"translation": [0, -14, 0],
			"scale": [0.7, 0.7, 0.7]
		},
		"thirdperson_lefthand": {
			"translation": [0, -14, 0],
			"scale": [0.7, 0.7, 0.7]
		},
		"firstperson_righthand": {
			"translation": [8.25, -17, 0]
		},
		"firstperson_lefthand": {
			"translation": [9, -17, 0]
		},
		"ground": {
			"translation": [0, 3.75, 0],
			"scale": [0.7, 0.7, 0.7]
		},
		"gui": {
			"rotation": [0, -180, 0],
			"translation": [0, -4.75, 0],
			"scale": [0.7, 0.7, 0.7]
		},
		"head": {
			"translation": [-0.75, 5, 0]
		},
		"fixed": {
			"translation": [-1, -25.75, 0],
			"scale": [2, 2, 2]
		}
	},
	"groups": [
		{
			"name": "banner",
			"origin": [8, 8, 8],
			"color": 0,
			"children": [
				{
					"name": "stick",
					"origin": [8, 8, 8],
					"color": 0,
					"children": [0, 1, 2]
				},
				{
					"name": "fabric",
					"origin": [8, 8, 8],
					"color": 0,
					"children": [3, 4, 5, 6, 7]
				}
			]
		}
	]
}
