{
	"credit": "Made with Blockbench",
	"texture_size": [32, 32],
	"textures": {
		"0": "item/croissant",
		"particle": "item/croissant"
	},
	"elements": [
		{
			"from": [5, 0, 7],
			"to": [11, 3, 13],
			"rotation": {"angle": 0, "axis": "y", "origin": [6, 0, 11]},
			"faces": {
				"north": {"uv": [3, 4, 6, 5.5], "texture": "#0"},
				"east": {"uv": [3, 5.5, 6, 7], "texture": "#0"},
				"south": {"uv": [0, 6, 3, 7.5], "texture": "#0"},
				"west": {"uv": [6, 0, 9, 1.5], "texture": "#0"},
				"up": {"uv": [3, 3, 0, 0], "texture": "#0"},
				"down": {"uv": [3, 3, 0, 6], "texture": "#0"}
			}
		},
		{
			"from": [5, 3, 8],
			"to": [11, 4, 12],
			"rotation": {"angle": 0, "axis": "y", "origin": [6, 3, 11]},
			"faces": {
				"north": {"uv": [0, 10, 3, 10.5], "texture": "#0"},
				"east": {"uv": [7.5, 6.5, 9.5, 7], "texture": "#0"},
				"south": {"uv": [10, 1.5, 13, 2], "texture": "#0"},
				"west": {"uv": [10.5, 1, 12.5, 1.5], "texture": "#0"},
				"up": {"uv": [6, 2, 3, 0], "texture": "#0"},
				"down": {"uv": [6, 2, 3, 4], "texture": "#0"}
			}
		},
		{
			"from": [10, 0, 7],
			"to": [13, 3, 12],
			"rotation": {"angle": 22.5, "axis": "y", "origin": [11, 0, 10]},
			"faces": {
				"north": {"uv": [7.5, 8.5, 9, 10], "texture": "#0"},
				"east": {"uv": [6, 1.5, 8.5, 3], "texture": "#0"},
				"south": {"uv": [9, 0, 10.5, 1.5], "texture": "#0"},
				"west": {"uv": [6, 3, 8.5, 4.5], "texture": "#0"},
				"up": {"uv": [7.5, 7, 6, 4.5], "texture": "#0"},
				"down": {"uv": [4.5, 7, 3, 9.5], "texture": "#0"}
			}
		},
		{
			"from": [3, 0, 7],
			"to": [6, 3, 12],
			"rotation": {"angle": -22.5, "axis": "y", "origin": [5, 0, 10]},
			"faces": {
				"north": {"uv": [9, 3.5, 10.5, 5], "texture": "#0"},
				"east": {"uv": [4.5, 7, 7, 8.5], "texture": "#0"},
				"south": {"uv": [9, 5, 10.5, 6.5], "texture": "#0"},
				"west": {"uv": [7, 7, 9.5, 8.5], "texture": "#0"},
				"up": {"uv": [1.5, 10, 0, 7.5], "texture": "#0"},
				"down": {"uv": [3, 7.5, 1.5, 10], "texture": "#0"}
			}
		},
		{
			"from": [12, 0, 8],
			"to": [15, 2, 12],
			"rotation": {"angle": 45, "axis": "y", "origin": [11, 0, 10]},
			"faces": {
				"north": {"uv": [3, 9.5, 4.5, 10.5], "texture": "#0"},
				"east": {"uv": [9, 8.5, 11, 9.5], "texture": "#0"},
				"south": {"uv": [10, 2, 11.5, 3], "texture": "#0"},
				"west": {"uv": [9.5, 6.5, 11.5, 7.5], "texture": "#0"},
				"up": {"uv": [9, 6.5, 7.5, 4.5], "texture": "#0"},
				"down": {"uv": [10, 1.5, 8.5, 3.5], "texture": "#0"}
			}
		},
		{
			"from": [1, 0, 8],
			"to": [4, 2, 12],
			"rotation": {"angle": -45, "axis": "y", "origin": [5, 0, 10]},
			"faces": {
				"north": {"uv": [7.5, 10, 9, 11], "texture": "#0"},
				"east": {"uv": [9.5, 7.5, 11.5, 8.5], "texture": "#0"},
				"south": {"uv": [0, 10.5, 1.5, 11.5], "texture": "#0"},
				"west": {"uv": [9, 9.5, 11, 10.5], "texture": "#0"},
				"up": {"uv": [6, 10.5, 4.5, 8.5], "texture": "#0"},
				"down": {"uv": [7.5, 8.5, 6, 10.5], "texture": "#0"}
			}
		},
		{
			"from": [-1, 0, 9],
			"to": [2, 1, 11],
			"rotation": {"angle": -45, "axis": "y", "origin": [5, 0, 10]},
			"faces": {
				"north": {"uv": [10.5, 0, 12, 1], "texture": "#0"},
				"east": {"uv": [9, 10.5, 10, 11.5], "texture": "#0"},
				"south": {"uv": [1.5, 10.5, 3, 11.5], "texture": "#0"},
				"west": {"uv": [10, 10.5, 11, 11.5], "texture": "#0"},
				"up": {"uv": [4.5, 11.5, 3, 10.5], "texture": "#0"},
				"down": {"uv": [12, 3, 10.5, 4], "texture": "#0"}
			}
		},
		{
			"from": [14, 0, 9],
			"to": [17, 1, 11],
			"rotation": {"angle": 45, "axis": "y", "origin": [11, 0, 10]},
			"faces": {
				"north": {"uv": [10.5, 4, 12, 5], "texture": "#0"},
				"east": {"uv": [7.5, 11, 8.5, 12], "texture": "#0"},
				"south": {"uv": [4.5, 10.5, 6, 11.5], "texture": "#0"},
				"west": {"uv": [11, 8.5, 12, 9.5], "texture": "#0"},
				"up": {"uv": [12, 6, 10.5, 5], "texture": "#0"},
				"down": {"uv": [7.5, 10.5, 6, 11.5], "texture": "#0"}
			}
		}
	],
	"display": {
		"thirdperson_righthand": {
			"translation": [0, 5, 0],
			"scale": [0.7, 0.7, 0.7]
		},
		"thirdperson_lefthand": {
			"translation": [0, 5, 0],
			"scale": [0.7, 0.7, 0.7]
		},
		"firstperson_righthand": {
			"translation": [4.25, 5.25, 0]
		},
		"firstperson_lefthand": {
			"translation": [2.75, 5.25, 0]
		},
		"ground": {
			"translation": [0, 3, 0.5],
			"scale": [0.7, 0.7, 0.7]
		},
		"gui": {
			"rotation": [26, 145, 0],
			"translation": [0, 3.75, 0]
		},
		"head": {
			"translation": [0, 12, 0],
			"scale": [0.7, 0.7, 0.7]
		},
		"fixed": {
			"rotation": [-90, 0, 0],
			"translation": [0, 0, -12],
			"scale": [1.5, 1.5, 1.5]
		}
	},
	"groups": [
		{
			"name": "croissant",
			"origin": [8, 8, 8],
			"color": 0,
			"children": [
				{
					"name": "pastry",
					"origin": [8, 8, 8],
					"color": 0,
					"children": [0, 1, 2, 3, 4, 5, 6, 7]
				}
			]
		}
	]
}
