{
	"credit": "Made with Blockbench",
	"texture_size": [128, 128],
	"textures": {
		"0": "item/gift1",
		"particle": "item/gift1"
	},
	"elements": [
		{
			"from": [0, 0, 0],
			"to": [16, 16, 16],
			"rotation": {"angle": 0, "axis": "y", "origin": [1, 0, 1]},
			"faces": {
				"north": {"uv": [2.25, 0, 4.25, 2], "texture": "#0"},
				"east": {"uv": [2.25, 2, 4.25, 4], "texture": "#0"},
				"south": {"uv": [2.25, 4, 4.25, 6], "texture": "#0"},
				"west": {"uv": [4.25, 0, 6.25, 2], "texture": "#0"},
				"up": {"uv": [6.25, 4, 4.25, 2], "texture": "#0"},
				"down": {"uv": [6.25, 4, 4.25, 6], "texture": "#0"}
			}
		},
		{
			"from": [-1, 14, -1],
			"to": [17, 17, 17],
			"rotation": {"angle": 0, "axis": "y", "origin": [-1, 15, -1]},
			"faces": {
				"north": {"uv": [0, 4.5, 2.25, 4.875], "texture": "#0"},
				"east": {"uv": [0, 4.875, 2.25, 5.25], "texture": "#0"},
				"south": {"uv": [0, 5.25, 2.25, 5.625], "texture": "#0"},
				"west": {"uv": [0, 5.625, 2.25, 6], "texture": "#0"},
				"up": {"uv": [2.25, 2.25, 0, 0], "texture": "#0"},
				"down": {"uv": [2.25, 2.25, 0, 4.5], "texture": "#0"}
			}
		},
		{
			"from": [-2, 16.3, 7],
			"to": [18, 17.3, 9],
			"rotation": {"angle": 0, "axis": "y", "origin": [0, 17, 7]},
			"faces": {
				"north": {"uv": [2.75, 6.25, 5.25, 6.375], "texture": "#0"},
				"east": {"uv": [6.125, 6.75, 6.375, 6.875], "texture": "#0"},
				"south": {"uv": [6.25, 3.25, 8.75, 3.375], "texture": "#0"},
				"west": {"uv": [6.375, 6.75, 6.625, 6.875], "texture": "#0"},
				"up": {"uv": [2.5, 6.25, 0, 6], "texture": "#0"},
				"down": {"uv": [5, 6, 2.5, 6.25], "texture": "#0"}
			}
		},
		{
			"from": [-1, -0.2, 7],
			"to": [17, 0.8, 9],
			"rotation": {"angle": 0, "axis": "y", "origin": [0, -1, 7]},
			"faces": {
				"north": {"uv": [6.25, 3.375, 8.5, 3.5], "texture": "#0"},
				"east": {"uv": [6.625, 6.75, 6.875, 6.875], "texture": "#0"},
				"south": {"uv": [6.25, 3.5, 8.5, 3.625], "texture": "#0"},
				"west": {"uv": [6.875, 0, 7.125, 0.125], "texture": "#0"},
				"up": {"uv": [7.25, 6.25, 5, 6], "texture": "#0"},
				"down": {"uv": [2.25, 6.25, 0, 6.5], "texture": "#0"}
			}
		},
		{
			"from": [16, 0.8, 7],
			"to": [17, 13.8, 9],
			"rotation": {"angle": 0, "axis": "y", "origin": [16, 0, 7]},
			"faces": {
				"north": {"uv": [6.25, 3.625, 6.375, 5.25], "texture": "#0"},
				"east": {"uv": [6.25, 0, 6.5, 1.625], "texture": "#0"},
				"south": {"uv": [5.25, 6.25, 5.375, 7.875], "texture": "#0"},
				"west": {"uv": [6.25, 1.625, 6.5, 3.25], "texture": "#0"},
				"up": {"uv": [7, 0.375, 6.875, 0.125], "texture": "#0"},
				"down": {"uv": [7, 0.75, 6.875, 1], "texture": "#0"}
			}
		},
		{
			"from": [4, 12.8, 7],
			"to": [5, 17.8, 9],
			"rotation": {"angle": 22.5, "axis": "z", "origin": [3, 1, 7]},
			"faces": {
				"north": {"uv": [6.625, 4, 6.75, 4.625], "texture": "#0"},
				"east": {"uv": [6.375, 4, 6.625, 4.625], "texture": "#0"},
				"south": {"uv": [6.625, 4.625, 6.75, 5.25], "texture": "#0"},
				"west": {"uv": [4.25, 6.375, 4.5, 7], "texture": "#0"},
				"up": {"uv": [7, 1.25, 6.875, 1], "texture": "#0"},
				"down": {"uv": [7, 2, 6.875, 2.25], "texture": "#0"}
			}
		},
		{
			"from": [-1, 0.8, 7],
			"to": [0, 13.8, 9],
			"rotation": {"angle": 0, "axis": "y", "origin": [0, 0, 7]},
			"faces": {
				"north": {"uv": [5.375, 6.25, 5.5, 7.875], "texture": "#0"},
				"east": {"uv": [2.25, 6.25, 2.5, 7.875], "texture": "#0"},
				"south": {"uv": [5.5, 6.25, 5.625, 7.875], "texture": "#0"},
				"west": {"uv": [2.5, 6.25, 2.75, 7.875], "texture": "#0"},
				"up": {"uv": [7, 2.5, 6.875, 2.25], "texture": "#0"},
				"down": {"uv": [3.25, 6.875, 3.125, 7.125], "texture": "#0"}
			}
		},
		{
			"from": [11, 12.8, 7],
			"to": [12, 17.8, 9],
			"rotation": {"angle": -22.5, "axis": "z", "origin": [13, 1, 7]},
			"faces": {
				"north": {"uv": [5.625, 6.625, 5.75, 7.25], "texture": "#0"},
				"east": {"uv": [4.5, 6.375, 4.75, 7], "texture": "#0"},
				"south": {"uv": [5.75, 6.625, 5.875, 7.25], "texture": "#0"},
				"west": {"uv": [6.375, 4.625, 6.625, 5.25], "texture": "#0"},
				"up": {"uv": [3.375, 7.125, 3.25, 6.875], "texture": "#0"},
				"down": {"uv": [3.5, 6.875, 3.375, 7.125], "texture": "#0"}
			}
		},
		{
			"from": [12, 19, 6],
			"to": [13, 20, 10],
			"rotation": {"angle": 0, "axis": "y", "origin": [14, 19, 7]},
			"faces": {
				"north": {"uv": [5.125, 6.875, 5.25, 7], "texture": "#0"},
				"east": {"uv": [6.375, 6.625, 6.875, 6.75], "texture": "#0"},
				"south": {"uv": [6.875, 5.125, 7, 5.25], "texture": "#0"},
				"west": {"uv": [6.625, 6.375, 7.125, 6.5], "texture": "#0"},
				"up": {"uv": [6.875, 0.5, 6.75, 0], "texture": "#0"},
				"down": {"uv": [0.875, 6.75, 0.75, 7.25], "texture": "#0"}
			}
		},
		{
			"from": [13, 20, 6],
			"to": [14, 23, 10],
			"rotation": {"angle": 0, "axis": "y", "origin": [15, 20, 7]},
			"faces": {
				"north": {"uv": [3.875, 6.75, 4, 7.125], "texture": "#0"},
				"east": {"uv": [6.25, 5.25, 6.75, 5.625], "texture": "#0"},
				"south": {"uv": [4, 6.75, 4.125, 7.125], "texture": "#0"},
				"west": {"uv": [5.625, 6.25, 6.125, 6.625], "texture": "#0"},
				"up": {"uv": [6.875, 1.25, 6.75, 0.75], "texture": "#0"},
				"down": {"uv": [1, 6.75, 0.875, 7.25], "texture": "#0"}
			}
		},
		{
			"from": [11, 23, 6],
			"to": [13, 24, 10],
			"rotation": {"angle": 0, "axis": "y", "origin": [13, 23, 7]},
			"faces": {
				"north": {"uv": [6.875, 3.75, 7.125, 3.875], "texture": "#0"},
				"east": {"uv": [6.625, 6.5, 7.125, 6.625], "texture": "#0"},
				"south": {"uv": [6.875, 3.875, 7.125, 4], "texture": "#0"},
				"west": {"uv": [6.75, 1.25, 7.25, 1.375], "texture": "#0"},
				"up": {"uv": [0.5, 7, 0.25, 6.5], "texture": "#0"},
				"down": {"uv": [0.75, 6.5, 0.5, 7], "texture": "#0"}
			}
		},
		{
			"from": [10, 21, 6],
			"to": [11, 23, 10],
			"rotation": {"angle": 0, "axis": "y", "origin": [12, 21, 7]},
			"faces": {
				"north": {"uv": [3.5, 6.875, 3.625, 7.125], "texture": "#0"},
				"east": {"uv": [6.5, 0.5, 7, 0.75], "texture": "#0"},
				"south": {"uv": [6.875, 4, 7, 4.25], "texture": "#0"},
				"west": {"uv": [0.75, 6.5, 1.25, 6.75], "texture": "#0"},
				"up": {"uv": [1.125, 7.25, 1, 6.75], "texture": "#0"},
				"down": {"uv": [1.25, 6.75, 1.125, 7.25], "texture": "#0"}
			}
		},
		{
			"from": [9, 18, 6],
			"to": [10, 21, 10],
			"rotation": {"angle": 0, "axis": "y", "origin": [11, 18, 7]},
			"faces": {
				"north": {"uv": [6.75, 4, 6.875, 4.375], "texture": "#0"},
				"east": {"uv": [6.25, 5.625, 6.75, 6], "texture": "#0"},
				"south": {"uv": [4.125, 6.75, 4.25, 7.125], "texture": "#0"},
				"west": {"uv": [6.125, 6.25, 6.625, 6.625], "texture": "#0"},
				"up": {"uv": [1.875, 7.25, 1.75, 6.75], "texture": "#0"},
				"down": {"uv": [2, 6.75, 1.875, 7.25], "texture": "#0"}
			}
		},
		{
			"from": [10, 18, 6],
			"to": [12, 19, 10],
			"rotation": {"angle": 0, "axis": "y", "origin": [12, 18, 7]},
			"faces": {
				"north": {"uv": [6.875, 4.25, 7.125, 4.375], "texture": "#0"},
				"east": {"uv": [6.75, 1.375, 7.25, 1.5], "texture": "#0"},
				"south": {"uv": [6.875, 4.375, 7.125, 4.5], "texture": "#0"},
				"west": {"uv": [6.75, 1.5, 7.25, 1.625], "texture": "#0"},
				"up": {"uv": [6.75, 1.25, 6.5, 0.75], "texture": "#0"},
				"down": {"uv": [1.5, 6.5, 1.25, 7], "texture": "#0"}
			}
		},
		{
			"from": [7, 17, 6],
			"to": [9, 18, 10],
			"rotation": {"angle": 0, "axis": "y", "origin": [9, 17, 7]},
			"faces": {
				"north": {"uv": [5.875, 6.75, 6.125, 6.875], "texture": "#0"},
				"east": {"uv": [6.5, 3, 7, 3.125], "texture": "#0"},
				"south": {"uv": [6.75, 5.875, 7, 6], "texture": "#0"},
				"west": {"uv": [6.5, 3.125, 7, 3.25], "texture": "#0"},
				"up": {"uv": [5, 6.875, 4.75, 6.375], "texture": "#0"},
				"down": {"uv": [5.25, 6.375, 5, 6.875], "texture": "#0"}
			}
		},
		{
			"from": [6, 18, 6],
			"to": [7, 21, 10],
			"rotation": {"angle": 0, "axis": "y", "origin": [5, 18, 7]},
			"faces": {
				"north": {"uv": [6.75, 4.375, 6.875, 4.75], "texture": "#0"},
				"east": {"uv": [2.75, 6.375, 3.25, 6.75], "texture": "#0"},
				"south": {"uv": [6.75, 4.75, 6.875, 5.125], "texture": "#0"},
				"west": {"uv": [3.25, 6.375, 3.75, 6.75], "texture": "#0"},
				"up": {"uv": [2.125, 7.25, 2, 6.75], "texture": "#0"},
				"down": {"uv": [6.875, 2, 6.75, 2.5], "texture": "#0"}
			}
		},
		{
			"from": [3, 19, 6],
			"to": [4, 20, 10],
			"rotation": {"angle": 0, "axis": "y", "origin": [2, 19, 7]},
			"faces": {
				"north": {"uv": [6.875, 5.25, 7, 5.375], "texture": "#0"},
				"east": {"uv": [6.75, 1.625, 7.25, 1.75], "texture": "#0"},
				"south": {"uv": [6.875, 5.375, 7, 5.5], "texture": "#0"},
				"west": {"uv": [6.75, 2.5, 7.25, 2.625], "texture": "#0"},
				"up": {"uv": [2.25, 7.25, 2.125, 6.75], "texture": "#0"},
				"down": {"uv": [2.875, 6.75, 2.75, 7.25], "texture": "#0"}
			}
		},
		{
			"from": [4, 18, 6],
			"to": [6, 19, 10],
			"rotation": {"angle": 0, "axis": "y", "origin": [4, 18, 7]},
			"faces": {
				"north": {"uv": [6.875, 4.5, 7.125, 4.625], "texture": "#0"},
				"east": {"uv": [6.75, 2.625, 7.25, 2.75], "texture": "#0"},
				"south": {"uv": [6.875, 4.625, 7.125, 4.75], "texture": "#0"},
				"west": {"uv": [6.75, 2.75, 7.25, 2.875], "texture": "#0"},
				"up": {"uv": [6.75, 1.75, 6.5, 1.25], "texture": "#0"},
				"down": {"uv": [1.75, 6.5, 1.5, 7], "texture": "#0"}
			}
		},
		{
			"from": [5, 21, 6],
			"to": [6, 23, 10],
			"rotation": {"angle": 0, "axis": "y", "origin": [4, 21, 7]},
			"faces": {
				"north": {"uv": [4.75, 6.875, 4.875, 7.125], "texture": "#0"},
				"east": {"uv": [1.75, 6.5, 2.25, 6.75], "texture": "#0"},
				"south": {"uv": [6.875, 4.75, 7, 5], "texture": "#0"},
				"west": {"uv": [6.5, 1.75, 7, 2], "texture": "#0"},
				"up": {"uv": [3, 7.25, 2.875, 6.75], "texture": "#0"},
				"down": {"uv": [3.125, 6.75, 3, 7.25], "texture": "#0"}
			}
		},
		{
			"from": [3, 23, 6],
			"to": [5, 24, 10],
			"rotation": {"angle": 0, "axis": "y", "origin": [3, 23, 7]},
			"faces": {
				"north": {"uv": [4.875, 6.875, 5.125, 7], "texture": "#0"},
				"east": {"uv": [6.75, 2.875, 7.25, 3], "texture": "#0"},
				"south": {"uv": [6.875, 5, 7.125, 5.125], "texture": "#0"},
				"west": {"uv": [3.125, 6.75, 3.625, 6.875], "texture": "#0"},
				"up": {"uv": [6.75, 2.5, 6.5, 2], "texture": "#0"},
				"down": {"uv": [6.75, 2.5, 6.5, 3], "texture": "#0"}
			}
		},
		{
			"from": [2, 20, 6],
			"to": [3, 23, 10],
			"rotation": {"angle": 0, "axis": "y", "origin": [1, 20, 7]},
			"faces": {
				"north": {"uv": [6.75, 5.125, 6.875, 5.5], "texture": "#0"},
				"east": {"uv": [6.375, 3.625, 6.875, 4], "texture": "#0"},
				"south": {"uv": [6.75, 5.5, 6.875, 5.875], "texture": "#0"},
				"west": {"uv": [3.75, 6.375, 4.25, 6.75], "texture": "#0"},
				"up": {"uv": [3.75, 7.25, 3.625, 6.75], "texture": "#0"},
				"down": {"uv": [3.875, 6.75, 3.75, 7.25], "texture": "#0"}
			}
		}
	],
	"display": {
		"thirdperson_righthand": {
			"scale": [0.8, 0.8, 0.8]
		},
		"thirdperson_lefthand": {
			"scale": [0.8, 0.8, 0.8]
		},
		"firstperson_righthand": {
			"translation": [0, -7.5, 0]
		},
		"firstperson_lefthand": {
			"translation": [0, -7.75, 0]
		},
		"ground": {
			"translation": [0, 5.5, 0],
			"scale": [0.8, 0.8, 0.8]
		},
		"gui": {
			"rotation": [16, -44, 0],
			"scale": [0.6, 0.6, 0.6]
		},
		"head": {
			"translation": [0, 0.5, 0]
		},
		"fixed": {
			"rotation": [-90, 0, 0],
			"translation": [0, 0, 15.25],
			"scale": [2.1, 2.1, 2.1]
		}
	},
	"groups": [
		{
			"name": "gift",
			"origin": [8, 8, 8],
			"color": 0,
			"children": [
				{
					"name": "box",
					"origin": [8, 8, 8],
					"color": 0,
					"children": [0]
				},
				{
					"name": "top",
					"origin": [8, 8, 8],
					"color": 0,
					"children": [1]
				},
				{
					"name": "ribbon",
					"origin": [8, 8, 8],
					"color": 0,
					"children": [2, 3, 4, 5, 6, 7, 8, 9, 10, 11, 12, 13, 14, 15, 16, 17, 18, 19, 20]
				}
			]
		}
	]
}
