{
	"credit": "Made with Blockbench",
	"texture_size": [32, 32],
	"textures": {
		"0": "item/goggles",
		"particle": "item/goggles"
	},
	"elements": [
		{
			"from": [2, 6, 6],
			"to": [14, 7, 8],
			"faces": {
				"north": {"uv": [9, 8, 15, 8.5], "texture": "#0"},
				"east": {"uv": [9.5, 7.5, 10.5, 8], "texture": "#0"},
				"south": {"uv": [9, 8.5, 15, 9], "texture": "#0"},
				"west": {"uv": [10.5, 7.5, 11.5, 8], "texture": "#0"},
				"up": {"uv": [10, 1, 4, 0], "texture": "#0"},
				"down": {"uv": [10, 1, 4, 2], "texture": "#0"}
			}
		},
		{
			"from": [3, 7, 6],
			"to": [13, 8, 8],
			"faces": {
				"north": {"uv": [9.5, 4.5, 14.5, 5], "texture": "#0"},
				"east": {"uv": [11.5, 7.5, 12.5, 8], "texture": "#0"},
				"south": {"uv": [9.5, 5, 14.5, 5.5], "texture": "#0"},
				"west": {"uv": [3, 12.5, 4, 13], "texture": "#0"},
				"up": {"uv": [9, 9, 4, 8], "texture": "#0"},
				"down": {"uv": [9, 9, 4, 10], "texture": "#0"}
			}
		},
		{
			"from": [2, 2.8, 6],
			"to": [3, 6.1, 8],
			"faces": {
				"north": {"uv": [1, 12, 1.5, 13.5], "texture": "#0"},
				"east": {"uv": [10, 1, 11, 2.5], "texture": "#0"},
				"south": {"uv": [12, 1, 12.5, 2.5], "texture": "#0"},
				"west": {"uv": [10, 2.5, 11, 4], "texture": "#0"},
				"up": {"uv": [13, 4, 12.5, 3], "texture": "#0"},
				"down": {"uv": [4.5, 12.5, 4, 13.5], "texture": "#0"}
			}
		},
		{
			"from": [7, 3, 6],
			"to": [9, 4.2, 8],
			"faces": {
				"north": {"uv": [4.5, 12.5, 5.5, 13], "texture": "#0"},
				"east": {"uv": [5.5, 12.5, 6.5, 13], "texture": "#0"},
				"south": {"uv": [12.5, 5.5, 13.5, 6], "texture": "#0"},
				"west": {"uv": [12.5, 6, 13.5, 6.5], "texture": "#0"},
				"up": {"uv": [11, 10.5, 10, 9.5], "texture": "#0"},
				"down": {"uv": [11, 10.5, 10, 11.5], "texture": "#0"}
			}
		},
		{
			"from": [3.4, 1.3, 6],
			"to": [5.6, 2.3, 8],
			"faces": {
				"north": {"uv": [6.5, 12.5, 7.5, 13], "texture": "#0"},
				"east": {"uv": [12.5, 6.5, 13.5, 7], "texture": "#0"},
				"south": {"uv": [12.5, 7, 13.5, 7.5], "texture": "#0"},
				"west": {"uv": [7.5, 12.5, 8.5, 13], "texture": "#0"},
				"up": {"uv": [2, 12, 1, 11], "texture": "#0"},
				"down": {"uv": [12, 1, 11, 2], "texture": "#0"}
			}
		},
		{
			"from": [7, 7, 6],
			"to": [8, 10, 8],
			"rotation": {"angle": -45, "axis": "z", "origin": [0, 7, 0]},
			"faces": {
				"north": {"uv": [1.5, 12, 2, 13.5], "texture": "#0"},
				"east": {"uv": [3, 10, 4, 11.5], "texture": "#0"},
				"south": {"uv": [2, 12, 2.5, 13.5], "texture": "#0"},
				"west": {"uv": [4, 10, 5, 11.5], "texture": "#0"},
				"up": {"uv": [9, 13.5, 8.5, 12.5], "texture": "#0"},
				"down": {"uv": [13, 9.5, 12.5, 10.5], "texture": "#0"}
			}
		},
		{
			"from": [13, 2.8, 6],
			"to": [14, 6.1, 8],
			"rotation": {"angle": 0, "axis": "y", "origin": [16, 0, 0]},
			"faces": {
				"north": {"uv": [2.5, 12, 3, 13.5], "texture": "#0"},
				"east": {"uv": [5, 10, 6, 11.5], "texture": "#0"},
				"south": {"uv": [12, 2.5, 12.5, 4], "texture": "#0"},
				"west": {"uv": [6, 10, 7, 11.5], "texture": "#0"},
				"up": {"uv": [10.5, 13.5, 10, 12.5], "texture": "#0"},
				"down": {"uv": [11, 12.5, 10.5, 13.5], "texture": "#0"}
			}
		},
		{
			"from": [13, 7.4, 6],
			"to": [14, 9.4, 8],
			"rotation": {"angle": -45, "axis": "z", "origin": [6, 6, 0]},
			"faces": {
				"north": {"uv": [12.5, 10.5, 13, 11.5], "texture": "#0"},
				"east": {"uv": [2, 11, 3, 12], "texture": "#0"},
				"south": {"uv": [11, 12.5, 11.5, 13.5], "texture": "#0"},
				"west": {"uv": [11, 2, 12, 3], "texture": "#0"},
				"up": {"uv": [12, 13.5, 11.5, 12.5], "texture": "#0"},
				"down": {"uv": [13, 11.5, 12.5, 12.5], "texture": "#0"}
			}
		},
		{
			"from": [10.4, 1.3, 6],
			"to": [12.6, 2.3, 8],
			"rotation": {"angle": 0, "axis": "y", "origin": [16, 0, 0]},
			"faces": {
				"north": {"uv": [12.5, 7.5, 13.5, 8], "texture": "#0"},
				"east": {"uv": [12, 12.5, 13, 13], "texture": "#0"},
				"south": {"uv": [13, 0, 14, 0.5], "texture": "#0"},
				"west": {"uv": [13, 0.5, 14, 1], "texture": "#0"},
				"up": {"uv": [12, 4, 11, 3], "texture": "#0"},
				"down": {"uv": [12, 9.5, 11, 10.5], "texture": "#0"}
			}
		},
		{
			"from": [8, 7, 6],
			"to": [9, 10, 8],
			"rotation": {"angle": 45, "axis": "z", "origin": [16, 7, 0]},
			"faces": {
				"north": {"uv": [12, 9.5, 12.5, 11], "texture": "#0"},
				"east": {"uv": [7, 10, 8, 11.5], "texture": "#0"},
				"south": {"uv": [12, 11, 12.5, 12.5], "texture": "#0"},
				"west": {"uv": [8, 10, 9, 11.5], "texture": "#0"},
				"up": {"uv": [13.5, 2, 13, 1], "texture": "#0"},
				"down": {"uv": [13.5, 2, 13, 3], "texture": "#0"}
			}
		},
		{
			"from": [2, 7.4, 6],
			"to": [3, 9.4, 8],
			"rotation": {"angle": 45, "axis": "z", "origin": [10, 6, 0]},
			"faces": {
				"north": {"uv": [3, 13, 3.5, 14], "texture": "#0"},
				"east": {"uv": [11, 10.5, 12, 11.5], "texture": "#0"},
				"south": {"uv": [13, 3, 13.5, 4], "texture": "#0"},
				"west": {"uv": [3, 11.5, 4, 12.5], "texture": "#0"},
				"up": {"uv": [4, 14, 3.5, 13], "texture": "#0"},
				"down": {"uv": [5, 13, 4.5, 14], "texture": "#0"}
			}
		},
		{
			"from": [0.5, 5, 5],
			"to": [2, 25, 6.5],
			"rotation": {"angle": 45, "axis": "x", "origin": [0, 6, -2]},
			"faces": {
				"north": {"uv": [0, 0, 1, 10], "texture": "#0"},
				"east": {"uv": [1, 0, 2, 10], "texture": "#0"},
				"south": {"uv": [2, 0, 3, 10], "texture": "#0"},
				"west": {"uv": [3, 0, 4, 10], "texture": "#0"},
				"up": {"uv": [5, 12.5, 4, 11.5], "texture": "#0"},
				"down": {"uv": [6, 11.5, 5, 12.5], "texture": "#0"}
			}
		},
		{
			"from": [4, 5, 5],
			"to": [5.5, 7, 6.5],
			"rotation": {"angle": 45, "axis": "x", "origin": [7, 6, -2]},
			"faces": {
				"north": {"uv": [11.5, 5.5, 12.5, 6.5], "texture": "#0"},
				"east": {"uv": [6, 11.5, 7, 12.5], "texture": "#0"},
				"south": {"uv": [11.5, 6.5, 12.5, 7.5], "texture": "#0"},
				"west": {"uv": [7, 11.5, 8, 12.5], "texture": "#0"},
				"up": {"uv": [9, 12.5, 8, 11.5], "texture": "#0"},
				"down": {"uv": [11, 11.5, 10, 12.5], "texture": "#0"}
			}
		},
		{
			"from": [1, 4, 5],
			"to": [5, 5.5, 6.5],
			"rotation": {"angle": 45, "axis": "x", "origin": [7, 6, -2]},
			"faces": {
				"north": {"uv": [9.5, 5.5, 11.5, 6.5], "texture": "#0"},
				"east": {"uv": [11, 11.5, 12, 12.5], "texture": "#0"},
				"south": {"uv": [9.5, 6.5, 11.5, 7.5], "texture": "#0"},
				"west": {"uv": [12, 0, 13, 1], "texture": "#0"},
				"up": {"uv": [12, 1, 10, 0], "texture": "#0"},
				"down": {"uv": [3, 10, 1, 11], "texture": "#0"}
			}
		},
		{
			"from": [14, 5, 8],
			"to": [15, 7, 19],
			"rotation": {"angle": 0, "axis": "y", "origin": [12, 5, 8]},
			"faces": {
				"north": {"uv": [12.5, 1, 13, 2], "texture": "#0"},
				"east": {"uv": [4, 4, 9.5, 5], "texture": "#0"},
				"south": {"uv": [12.5, 2, 13, 3], "texture": "#0"},
				"west": {"uv": [4, 5, 9.5, 6], "texture": "#0"},
				"up": {"uv": [9.5, 15, 9, 9.5], "texture": "#0"},
				"down": {"uv": [10, 9.5, 9.5, 15], "texture": "#0"}
			}
		},
		{
			"from": [1, 5, 8],
			"to": [2, 7, 19],
			"rotation": {"angle": 0, "axis": "y", "origin": [0, 5, 8]},
			"faces": {
				"north": {"uv": [5, 13, 5.5, 14], "texture": "#0"},
				"east": {"uv": [4, 6, 9.5, 7], "texture": "#0"},
				"south": {"uv": [5.5, 13, 6, 14], "texture": "#0"},
				"west": {"uv": [4, 7, 9.5, 8], "texture": "#0"},
				"up": {"uv": [0.5, 15.5, 0, 10], "texture": "#0"},
				"down": {"uv": [1, 10, 0.5, 15.5], "texture": "#0"}
			}
		},
		{
			"from": [2, 5, 19],
			"to": [14, 7, 20],
			"rotation": {"angle": 0, "axis": "y", "origin": [0, 5, 19]},
			"faces": {
				"north": {"uv": [4, 2, 10, 3], "texture": "#0"},
				"east": {"uv": [6, 13, 6.5, 14], "texture": "#0"},
				"south": {"uv": [4, 3, 10, 4], "texture": "#0"},
				"west": {"uv": [6.5, 13, 7, 14], "texture": "#0"},
				"up": {"uv": [15, 9.5, 9, 9], "texture": "#0"},
				"down": {"uv": [15.5, 4, 9.5, 4.5], "texture": "#0"}
			}
		}
	],
	"display": {
		"thirdperson_righthand": {
			"scale": [0.8, 0.8, 0.8]
		},
		"thirdperson_lefthand": {
			"scale": [0.8, 0.8, 0.8]
		},
		"ground": {
			"translation": [0, 4.25, 0],
			"scale": [0.8, 0.8, 0.8]
		},
		"gui": {
			"rotation": [0, 180, 0],
			"translation": [-0.5, 1.75, 0]
		},
		"head": {
			"translation": [0, 2.5, -6.5],
			"scale": [1.2, 1.2, 1.2]
		},
		"fixed": {
			"rotation": [-70, 0, 0],
			"translation": [0, -2.5, -12.25],
			"scale": [1.8, 1.8, 1.8]
		}
	},
	"groups": [
		{
			"name": "goggles",
			"origin": [8, 8, 8],
			"color": 0,
			"children": [
				{
					"name": "eye",
					"origin": [8, 8, 8],
					"color": 0,
					"children": [0, 1, 2, 3, 4, 5, 6, 7, 8, 9, 10]
				},
				{
					"name": "breath",
					"origin": [8, 8, 8],
					"color": 0,
					"children": [11, 12, 13]
				},
				{
					"name": "strap",
					"origin": [8, 8, 8],
					"color": 0,
					"children": [14, 15, 16]
				}
			]
		}
	]
}
