{
    "parent": "minecraft:item/generated",
    "textures": {
        "layer0": "minecraft:item/iron_nugget"
    },
    "overrides": [
        {"predicate": {"custom_model_data": 1}, "model": "custom:item/medal1"},
        {"predicate": {"custom_model_data": 450}, "model": "custom:item/acorn"},
        {"predicate": {"custom_model_data": 451}, "model": "custom:item/bear_claw"},
        {"predicate": {"custom_model_data": 452}, "model": "custom:item/blueberries"},
        {"predicate": {"custom_model_data": 453}, "model": "custom:item/brown_skull"},
        {"predicate": {"custom_model_data": 454}, "model": "custom:item/candycane"},
        {"predicate": {"custom_model_data": 455}, "model": "custom:item/clam"},
        {"predicate": {"custom_model_data": 456}, "model": "custom:item/clover"},
        {"predicate": {"custom_model_data": 457}, "model": "custom:item/cocktail"},
        {"predicate": {"custom_model_data": 458}, "model": "custom:item/coin"},
        {"predicate": {"custom_model_data": 459}, "model": "custom:item/dice"},
        {"predicate": {"custom_model_data": 460}, "model": "custom:item/dirty_bone"},
        {"predicate": {"custom_model_data": 461}, "model": "custom:item/emerald_key"},
        {"predicate": {"custom_model_data": 462}, "model": "custom:item/emerald"},
        {"predicate": {"custom_model_data": 463}, "model": "custom:item/feather"},
        {"predicate": {"custom_model_data": 464}, "model": "custom:item/flippers"},
        {"predicate": {"custom_model_data": 465}, "model": "custom:item/gloves"},
        {"predicate": {"custom_model_data": 466}, "model": "custom:item/headphones"},
        {"predicate": {"custom_model_data": 467}, "model": "custom:item/log"},
        {"predicate": {"custom_model_data": 468}, "model": "custom:item/magnifying_glass"},
        {"predicate": {"custom_model_data": 469}, "model": "custom:item/needle"},
        {"predicate": {"custom_model_data": 470}, "model": "custom:item/pink_mushroom"},
        {"predicate": {"custom_model_data": 471}, "model": "custom:item/pink_necklace"},
        {"predicate": {"custom_model_data": 472}, "model": "custom:item/pretzel"},
        {"predicate": {"custom_model_data": 473}, "model": "custom:item/red_balloon"},
        {"predicate": {"custom_model_data": 474}, "model": "custom:item/ring1"},
        {"predicate": {"custom_model_data": 475}, "model": "custom:item/ring2"},
        {"predicate": {"custom_model_data": 476}, "model": "custom:item/ruby_key"},
        {"predicate": {"custom_model_data": 477}, "model": "custom:item/ruby"},
        {"predicate": {"custom_model_data": 478}, "model": "custom:item/sapphire_key"},
        {"predicate": {"custom_model_data": 479}, "model": "custom:item/sapphire"},
        {"predicate": {"custom_model_data": 480}, "model": "custom:item/scroll"},
        {"predicate": {"custom_model_data": 481}, "model": "custom:item/shell"},
        {"predicate": {"custom_model_data": 482}, "model": "custom:item/slingshot"},
        {"predicate": {"custom_model_data": 483}, "model": "custom:item/succulent"},
        {"predicate": {"custom_model_data": 484}, "model": "custom:item/sunglasses"},
        {"predicate": {"custom_model_data": 485}, "model": "custom:item/ticket"},
        {"predicate": {"custom_model_data": 486}, "model": "custom:item/tooth_necklace"},
        {"predicate": {"custom_model_data": 487}, "model": "custom:item/yarn_ball"},
        {"predicate": {"custom_model_data": 500}, "model": "item/iron_nugget"}
    ]
}
