{
	"credit": "Made with Blockbench by PaluduPlays",
	"texture_size": [64, 64],
	"textures": {
		"0": "item/judge1",
		"particle": "item/judge1"
	},
	"elements": [
		{
			"from": [2, 0, 2],
			"to": [14, 1, 14],
			"rotation": {"angle": 0, "axis": "y", "origin": [2, 0, 2]},
			"faces": {
				"north": {"uv": [8.75, 5.75, 11.75, 6], "texture": "#0"},
				"east": {"uv": [9, 1, 12, 1.25], "texture": "#0"},
				"south": {"uv": [9, 1.25, 12, 1.5], "texture": "#0"},
				"west": {"uv": [9, 1.5, 12, 1.75], "texture": "#0"},
				"up": {"uv": [3, 3, 0, 0], "texture": "#0"},
				"down": {"uv": [3, 3, 0, 6], "texture": "#0"}
			}
		},
		{
			"from": [2, -5, 2],
			"to": [3, -1, 3],
			"rotation": {"angle": 0, "axis": "y", "origin": [2, -2, 2]},
			"faces": {
				"north": {"uv": [5.75, 7, 6, 8], "texture": "#0"},
				"east": {"uv": [5.75, 8, 6, 9], "texture": "#0"},
				"south": {"uv": [12, 12.25, 12.25, 13.25], "texture": "#0"},
				"west": {"uv": [12.25, 12.25, 12.5, 13.25], "texture": "#0"},
				"up": {"uv": [8.75, 5, 8.5, 4.75], "texture": "#0"},
				"down": {"uv": [5.5, 14, 5.25, 14.25], "texture": "#0"}
			}
		},
		{
			"from": [13, -5, 2],
			"to": [14, -1, 3],
			"rotation": {"angle": 0, "axis": "y", "origin": [13, -2, 2]},
			"faces": {
				"north": {"uv": [12.5, 12.25, 12.75, 13.25], "texture": "#0"},
				"east": {"uv": [12.75, 12.25, 13, 13.25], "texture": "#0"},
				"south": {"uv": [13, 12.25, 13.25, 13.25], "texture": "#0"},
				"west": {"uv": [12, 13.25, 12.25, 14.25], "texture": "#0"},
				"up": {"uv": [5.75, 14.25, 5.5, 14], "texture": "#0"},
				"down": {"uv": [14.25, 5.5, 14, 5.75], "texture": "#0"}
			}
		},
		{
			"from": [3, 1, 3],
			"to": [13, 2, 13],
			"rotation": {"angle": 0, "axis": "y", "origin": [2, 1, 2]},
			"faces": {
				"north": {"uv": [12, 11, 14.5, 11.25], "texture": "#0"},
				"east": {"uv": [12, 12, 14.5, 12.25], "texture": "#0"},
				"south": {"uv": [12.25, 6, 14.75, 6.25], "texture": "#0"},
				"west": {"uv": [12.25, 6.25, 14.75, 6.5], "texture": "#0"},
				"up": {"uv": [5.5, 2.5, 3, 0], "texture": "#0"},
				"down": {"uv": [5.5, 2.5, 3, 5], "texture": "#0"}
			}
		},
		{
			"from": [1, -1, 3],
			"to": [2, 0, 14],
			"rotation": {"angle": 0, "axis": "y", "origin": [0, -1, 6]},
			"faces": {
				"north": {"uv": [5.75, 14, 6, 14.25], "texture": "#0"},
				"east": {"uv": [1.5, 9, 4.25, 9.25], "texture": "#0"},
				"south": {"uv": [6, 14, 6.25, 14.25], "texture": "#0"},
				"west": {"uv": [1.5, 9.25, 4.25, 9.5], "texture": "#0"},
				"up": {"uv": [3.25, 14, 3, 11.25], "texture": "#0"},
				"down": {"uv": [3.5, 11.25, 3.25, 14], "texture": "#0"}
			}
		},
		{
			"from": [1, -3, 3],
			"to": [2, -1, 14],
			"rotation": {"angle": 0, "axis": "y", "origin": [0, -2, 6]},
			"faces": {
				"north": {"uv": [0, 9.25, 0.25, 9.75], "texture": "#0"},
				"east": {"uv": [6, 5, 8.75, 5.5], "texture": "#0"},
				"south": {"uv": [0.25, 9.25, 0.5, 9.75], "texture": "#0"},
				"west": {"uv": [6, 5.5, 8.75, 6], "texture": "#0"},
				"up": {"uv": [3.75, 14, 3.5, 11.25], "texture": "#0"},
				"down": {"uv": [4, 11.25, 3.75, 14], "texture": "#0"}
			}
		},
		{
			"from": [-1, -3, 3],
			"to": [0, -2, 14],
			"rotation": {"angle": 0, "axis": "y", "origin": [-2, -2, 6]},
			"faces": {
				"north": {"uv": [6.25, 14, 6.5, 14.25], "texture": "#0"},
				"east": {"uv": [1.5, 9.5, 4.25, 9.75], "texture": "#0"},
				"south": {"uv": [6.5, 14, 6.75, 14.25], "texture": "#0"},
				"west": {"uv": [11.25, 0.25, 14, 0.5], "texture": "#0"},
				"up": {"uv": [4.25, 14, 4, 11.25], "texture": "#0"},
				"down": {"uv": [4.5, 11.25, 4.25, 14], "texture": "#0"}
			}
		},
		{
			"from": [0, -4.05, 3],
			"to": [1, -3.05, 14],
			"rotation": {"angle": 0, "axis": "y", "origin": [-1, -3, 6]},
			"faces": {
				"north": {"uv": [6.75, 14, 7, 14.25], "texture": "#0"},
				"east": {"uv": [11.25, 0.5, 14, 0.75], "texture": "#0"},
				"south": {"uv": [14, 11.25, 14.25, 11.5], "texture": "#0"},
				"west": {"uv": [11.25, 0.75, 14, 1], "texture": "#0"},
				"up": {"uv": [4.75, 14, 4.5, 11.25], "texture": "#0"},
				"down": {"uv": [5, 11.25, 4.75, 14], "texture": "#0"}
			}
		},
		{
			"from": [-1, -3, 3],
			"to": [0.5, -2, 14],
			"rotation": {"angle": -45, "axis": "z", "origin": [-1, -3, 6]},
			"faces": {
				"north": {"uv": [6, 8.75, 6.5, 9], "texture": "#0"},
				"east": {"uv": [11.25, 3.75, 14, 4], "texture": "#0"},
				"south": {"uv": [12.5, 11.25, 13, 11.5], "texture": "#0"},
				"west": {"uv": [11.25, 4, 14, 4.25], "texture": "#0"},
				"up": {"uv": [6.5, 8.75, 6, 6], "texture": "#0"},
				"down": {"uv": [0.5, 6.5, 0, 9.25], "texture": "#0"}
			}
		},
		{
			"from": [0.6, -2.22, 3],
			"to": [1.6, -0.72, 14],
			"rotation": {"angle": -45, "axis": "z", "origin": [-1, -2.3, 6]},
			"faces": {
				"north": {"uv": [12.5, 11.5, 12.75, 12], "texture": "#0"},
				"east": {"uv": [0.5, 6.5, 3.25, 7], "texture": "#0"},
				"south": {"uv": [12.75, 11.5, 13, 12], "texture": "#0"},
				"west": {"uv": [3.25, 6.5, 6, 7], "texture": "#0"},
				"up": {"uv": [5.25, 14, 5, 11.25], "texture": "#0"},
				"down": {"uv": [5.5, 11.25, 5.25, 14], "texture": "#0"}
			}
		},
		{
			"from": [-1.15, -2.1, 3],
			"to": [-0.15, -1.1, 14],
			"rotation": {"angle": -45, "axis": "z", "origin": [-1, -2.3, 6]},
			"faces": {
				"north": {"uv": [14, 11.5, 14.25, 11.75], "texture": "#0"},
				"east": {"uv": [11.25, 4.75, 14, 5], "texture": "#0"},
				"south": {"uv": [14, 11.75, 14.25, 12], "texture": "#0"},
				"west": {"uv": [11.25, 5, 14, 5.25], "texture": "#0"},
				"up": {"uv": [5.75, 14, 5.5, 11.25], "texture": "#0"},
				"down": {"uv": [6, 11.25, 5.75, 14], "texture": "#0"}
			}
		},
		{
			"from": [14, -1, 3],
			"to": [15, 0, 14],
			"rotation": {"angle": 0, "axis": "y", "origin": [16, -1, 6]},
			"faces": {
				"north": {"uv": [12.25, 14, 12.5, 14.25], "texture": "#0"},
				"east": {"uv": [11.25, 5.25, 14, 5.5], "texture": "#0"},
				"south": {"uv": [14, 12.25, 14.25, 12.5], "texture": "#0"},
				"west": {"uv": [11.25, 5.5, 14, 5.75], "texture": "#0"},
				"up": {"uv": [6.25, 14, 6, 11.25], "texture": "#0"},
				"down": {"uv": [6.5, 11.25, 6.25, 14], "texture": "#0"}
			}
		},
		{
			"from": [14, -3, 3],
			"to": [15, -1, 14],
			"rotation": {"angle": 0, "axis": "y", "origin": [16, -2, 6]},
			"faces": {
				"north": {"uv": [13, 11.25, 13.25, 11.75], "texture": "#0"},
				"east": {"uv": [6.5, 6, 9.25, 6.5], "texture": "#0"},
				"south": {"uv": [13.25, 11.25, 13.5, 11.75], "texture": "#0"},
				"west": {"uv": [6.5, 6.5, 9.25, 7], "texture": "#0"},
				"up": {"uv": [6.75, 14, 6.5, 11.25], "texture": "#0"},
				"down": {"uv": [7, 11.25, 6.75, 14], "texture": "#0"}
			}
		},
		{
			"from": [16, -3, 3],
			"to": [17, -2, 14],
			"rotation": {"angle": 0, "axis": "y", "origin": [18, -2, 6]},
			"faces": {
				"north": {"uv": [12.5, 14, 12.75, 14.25], "texture": "#0"},
				"east": {"uv": [7, 11.25, 9.75, 11.5], "texture": "#0"},
				"south": {"uv": [14, 12.5, 14.25, 12.75], "texture": "#0"},
				"west": {"uv": [9.75, 11.25, 12.5, 11.5], "texture": "#0"},
				"up": {"uv": [0.25, 14.25, 0, 11.5], "texture": "#0"},
				"down": {"uv": [0.5, 11.5, 0.25, 14.25], "texture": "#0"}
			}
		},
		{
			"from": [15, -4.05, 3],
			"to": [16, -3.05, 14],
			"rotation": {"angle": 0, "axis": "y", "origin": [17, -3, 6]},
			"faces": {
				"north": {"uv": [12.75, 14, 13, 14.25], "texture": "#0"},
				"east": {"uv": [7, 11.5, 9.75, 11.75], "texture": "#0"},
				"south": {"uv": [14, 12.75, 14.25, 13], "texture": "#0"},
				"west": {"uv": [9.75, 11.5, 12.5, 11.75], "texture": "#0"},
				"up": {"uv": [0.75, 14.25, 0.5, 11.5], "texture": "#0"},
				"down": {"uv": [1, 11.5, 0.75, 14.25], "texture": "#0"}
			}
		},
		{
			"from": [15.5, -3, 3],
			"to": [17, -2, 14],
			"rotation": {"angle": 45, "axis": "z", "origin": [17, -3, 6]},
			"faces": {
				"north": {"uv": [13, 11.75, 13.5, 12], "texture": "#0"},
				"east": {"uv": [11.75, 5.75, 14.5, 6], "texture": "#0"},
				"south": {"uv": [12.25, 13.25, 12.75, 13.5], "texture": "#0"},
				"west": {"uv": [7, 11.75, 9.75, 12], "texture": "#0"},
				"up": {"uv": [1, 9.75, 0.5, 7], "texture": "#0"},
				"down": {"uv": [1.5, 7, 1, 9.75], "texture": "#0"}
			}
		},
		{
			"from": [14.4, -2.22, 3],
			"to": [15.4, -0.72, 14],
			"rotation": {"angle": 45, "axis": "z", "origin": [17, -2.3, 6]},
			"faces": {
				"north": {"uv": [13.25, 12.25, 13.5, 12.75], "texture": "#0"},
				"east": {"uv": [1.5, 7, 4.25, 7.5], "texture": "#0"},
				"south": {"uv": [12.75, 13.25, 13, 13.75], "texture": "#0"},
				"west": {"uv": [6.5, 7, 9.25, 7.5], "texture": "#0"},
				"up": {"uv": [1.25, 14.25, 1, 11.5], "texture": "#0"},
				"down": {"uv": [1.5, 11.5, 1.25, 14.25], "texture": "#0"}
			}
		},
		{
			"from": [16.15, -2.1, 3],
			"to": [17.15, -1.1, 14],
			"rotation": {"angle": 45, "axis": "z", "origin": [17, -2.3, 6]},
			"faces": {
				"north": {"uv": [13, 14, 13.25, 14.25], "texture": "#0"},
				"east": {"uv": [11.75, 9, 14.5, 9.25], "texture": "#0"},
				"south": {"uv": [14, 13, 14.25, 13.25], "texture": "#0"},
				"west": {"uv": [11.75, 9.25, 14.5, 9.5], "texture": "#0"},
				"up": {"uv": [1.75, 14.25, 1.5, 11.5], "texture": "#0"},
				"down": {"uv": [2, 11.5, 1.75, 14.25], "texture": "#0"}
			}
		},
		{
			"from": [1, -4, 3],
			"to": [2, -3, 14],
			"rotation": {"angle": 0, "axis": "y", "origin": [0, -4, 6]},
			"faces": {
				"north": {"uv": [13.25, 14, 13.5, 14.25], "texture": "#0"},
				"east": {"uv": [11.75, 9.5, 14.5, 9.75], "texture": "#0"},
				"south": {"uv": [13.5, 14, 13.75, 14.25], "texture": "#0"},
				"west": {"uv": [9.75, 11.75, 12.5, 12], "texture": "#0"},
				"up": {"uv": [2.25, 14.25, 2, 11.5], "texture": "#0"},
				"down": {"uv": [2.5, 11.5, 2.25, 14.25], "texture": "#0"}
			}
		},
		{
			"from": [1, -6, 3],
			"to": [2, -4, 14],
			"rotation": {"angle": 0, "axis": "y", "origin": [0, -5, 6]},
			"faces": {
				"north": {"uv": [13.25, 12.75, 13.5, 13.25], "texture": "#0"},
				"east": {"uv": [1.5, 7.5, 4.25, 8], "texture": "#0"},
				"south": {"uv": [13, 13.25, 13.25, 13.75], "texture": "#0"},
				"west": {"uv": [6.5, 7.5, 9.25, 8], "texture": "#0"},
				"up": {"uv": [2.75, 14.25, 2.5, 11.5], "texture": "#0"},
				"down": {"uv": [3, 11.5, 2.75, 14.25], "texture": "#0"}
			}
		},
		{
			"from": [-1, -6, 3],
			"to": [0, -5, 14],
			"rotation": {"angle": 0, "axis": "y", "origin": [-2, -5, 6]},
			"faces": {
				"north": {"uv": [14, 13.5, 14.25, 13.75], "texture": "#0"},
				"east": {"uv": [12, 1, 14.75, 1.25], "texture": "#0"},
				"south": {"uv": [13.75, 14, 14, 14.25], "texture": "#0"},
				"west": {"uv": [12, 1.25, 14.75, 1.5], "texture": "#0"},
				"up": {"uv": [7.25, 14.75, 7, 12], "texture": "#0"},
				"down": {"uv": [7.5, 12, 7.25, 14.75], "texture": "#0"}
			}
		},
		{
			"from": [0, -7.05, 3],
			"to": [1, -6.05, 14],
			"rotation": {"angle": 0, "axis": "y", "origin": [-1, -6, 6]},
			"faces": {
				"north": {"uv": [14, 13.75, 14.25, 14], "texture": "#0"},
				"east": {"uv": [12, 1.5, 14.75, 1.75], "texture": "#0"},
				"south": {"uv": [14, 14, 14.25, 14.25], "texture": "#0"},
				"west": {"uv": [12, 1.75, 14.75, 2], "texture": "#0"},
				"up": {"uv": [7.75, 14.75, 7.5, 12], "texture": "#0"},
				"down": {"uv": [8, 12, 7.75, 14.75], "texture": "#0"}
			}
		},
		{
			"from": [-1, -6, 3],
			"to": [0.5, -5, 14],
			"rotation": {"angle": -45, "axis": "z", "origin": [-1, -6, 6]},
			"faces": {
				"north": {"uv": [13.25, 13.25, 13.75, 13.5], "texture": "#0"},
				"east": {"uv": [12, 2, 14.75, 2.25], "texture": "#0"},
				"south": {"uv": [13.5, 11.25, 14, 11.5], "texture": "#0"},
				"west": {"uv": [12, 2.25, 14.75, 2.5], "texture": "#0"},
				"up": {"uv": [4.75, 9.75, 4.25, 7], "texture": "#0"},
				"down": {"uv": [5.25, 7, 4.75, 9.75], "texture": "#0"}
			}
		},
		{
			"from": [0.6, -5.22, 3],
			"to": [1.6, -3.72, 14],
			"rotation": {"angle": -45, "axis": "z", "origin": [-1, -5.3, 6]},
			"faces": {
				"north": {"uv": [13.5, 11.5, 13.75, 12], "texture": "#0"},
				"east": {"uv": [1.5, 8, 4.25, 8.5], "texture": "#0"},
				"south": {"uv": [12.25, 13.5, 12.5, 14], "texture": "#0"},
				"west": {"uv": [6.5, 8, 9.25, 8.5], "texture": "#0"},
				"up": {"uv": [8.25, 14.75, 8, 12], "texture": "#0"},
				"down": {"uv": [8.5, 12, 8.25, 14.75], "texture": "#0"}
			}
		},
		{
			"from": [-1.15, -5.1, 3],
			"to": [-0.15, -4.1, 14],
			"rotation": {"angle": -45, "axis": "z", "origin": [-1, -5.3, 6]},
			"faces": {
				"north": {"uv": [0, 14.25, 0.25, 14.5], "texture": "#0"},
				"east": {"uv": [12, 2.5, 14.75, 2.75], "texture": "#0"},
				"south": {"uv": [14.25, 0, 14.5, 0.25], "texture": "#0"},
				"west": {"uv": [12, 2.75, 14.75, 3], "texture": "#0"},
				"up": {"uv": [8.75, 14.75, 8.5, 12], "texture": "#0"},
				"down": {"uv": [9, 12, 8.75, 14.75], "texture": "#0"}
			}
		},
		{
			"from": [14, -4, 3],
			"to": [15, -3, 14],
			"rotation": {"angle": 0, "axis": "y", "origin": [16, -4, 6]},
			"faces": {
				"north": {"uv": [0.25, 14.25, 0.5, 14.5], "texture": "#0"},
				"east": {"uv": [12, 3, 14.75, 3.25], "texture": "#0"},
				"south": {"uv": [14.25, 0.25, 14.5, 0.5], "texture": "#0"},
				"west": {"uv": [12, 3.25, 14.75, 3.5], "texture": "#0"},
				"up": {"uv": [9.25, 14.75, 9, 12], "texture": "#0"},
				"down": {"uv": [9.5, 12, 9.25, 14.75], "texture": "#0"}
			}
		},
		{
			"from": [14, -6, 3],
			"to": [15, -4, 14],
			"rotation": {"angle": 0, "axis": "y", "origin": [16, -5, 6]},
			"faces": {
				"north": {"uv": [13.5, 12.25, 13.75, 12.75], "texture": "#0"},
				"east": {"uv": [8.5, 0, 11.25, 0.5], "texture": "#0"},
				"south": {"uv": [12.5, 13.5, 12.75, 14], "texture": "#0"},
				"west": {"uv": [8.5, 0.5, 11.25, 1], "texture": "#0"},
				"up": {"uv": [9.75, 14.75, 9.5, 12], "texture": "#0"},
				"down": {"uv": [10, 12, 9.75, 14.75], "texture": "#0"}
			}
		},
		{
			"from": [16, -6, 3],
			"to": [17, -5, 14],
			"rotation": {"angle": 0, "axis": "y", "origin": [18, -5, 6]},
			"faces": {
				"north": {"uv": [0.5, 14.25, 0.75, 14.5], "texture": "#0"},
				"east": {"uv": [12, 3.5, 14.75, 3.75], "texture": "#0"},
				"south": {"uv": [14.25, 0.5, 14.5, 0.75], "texture": "#0"},
				"west": {"uv": [12, 8.5, 14.75, 8.75], "texture": "#0"},
				"up": {"uv": [10.25, 14.75, 10, 12], "texture": "#0"},
				"down": {"uv": [10.5, 12, 10.25, 14.75], "texture": "#0"}
			}
		},
		{
			"from": [15, -7.05, 3],
			"to": [16, -6.05, 14],
			"rotation": {"angle": 0, "axis": "y", "origin": [17, -6, 6]},
			"faces": {
				"north": {"uv": [0.75, 14.25, 1, 14.5], "texture": "#0"},
				"east": {"uv": [12, 8.75, 14.75, 9], "texture": "#0"},
				"south": {"uv": [1, 14.25, 1.25, 14.5], "texture": "#0"},
				"west": {"uv": [12, 9.75, 14.75, 10], "texture": "#0"},
				"up": {"uv": [10.75, 14.75, 10.5, 12], "texture": "#0"},
				"down": {"uv": [11, 12, 10.75, 14.75], "texture": "#0"}
			}
		},
		{
			"from": [15.5, -6, 3],
			"to": [17, -5, 14],
			"rotation": {"angle": 45, "axis": "z", "origin": [17, -6, 6]},
			"faces": {
				"north": {"uv": [13.5, 12.75, 14, 13], "texture": "#0"},
				"east": {"uv": [12, 10, 14.75, 10.25], "texture": "#0"},
				"south": {"uv": [13.5, 13, 14, 13.25], "texture": "#0"},
				"west": {"uv": [12, 10.25, 14.75, 10.5], "texture": "#0"},
				"up": {"uv": [5.75, 9.75, 5.25, 7], "texture": "#0"},
				"down": {"uv": [9, 1, 8.5, 3.75], "texture": "#0"}
			}
		},
		{
			"from": [14.4, -5.22, 3],
			"to": [15.4, -3.72, 14],
			"rotation": {"angle": 45, "axis": "z", "origin": [17, -5.3, 6]},
			"faces": {
				"north": {"uv": [13.25, 13.5, 13.5, 14], "texture": "#0"},
				"east": {"uv": [1.5, 8.5, 4.25, 9], "texture": "#0"},
				"south": {"uv": [13.5, 13.5, 13.75, 14], "texture": "#0"},
				"west": {"uv": [8.5, 3.75, 11.25, 4.25], "texture": "#0"},
				"up": {"uv": [11.25, 14.75, 11, 12], "texture": "#0"},
				"down": {"uv": [11.5, 12, 11.25, 14.75], "texture": "#0"}
			}
		},
		{
			"from": [16.15, -5.1, 3],
			"to": [17.15, -4.1, 14],
			"rotation": {"angle": 45, "axis": "z", "origin": [17, -5.3, 6]},
			"faces": {
				"north": {"uv": [1.25, 14.25, 1.5, 14.5], "texture": "#0"},
				"east": {"uv": [12, 10.5, 14.75, 10.75], "texture": "#0"},
				"south": {"uv": [1.5, 14.25, 1.75, 14.5], "texture": "#0"},
				"west": {"uv": [12, 10.75, 14.75, 11], "texture": "#0"},
				"up": {"uv": [11.75, 14.75, 11.5, 12], "texture": "#0"},
				"down": {"uv": [12, 12, 11.75, 14.75], "texture": "#0"}
			}
		},
		{
			"from": [2, -1, 14],
			"to": [14, 0, 15],
			"rotation": {"angle": 0, "axis": "y", "origin": [11, -1, 16]},
			"faces": {
				"north": {"uv": [9, 1.75, 12, 2], "texture": "#0"},
				"east": {"uv": [1.75, 14.25, 2, 14.5], "texture": "#0"},
				"south": {"uv": [9, 2, 12, 2.25], "texture": "#0"},
				"west": {"uv": [2, 14.25, 2.25, 14.5], "texture": "#0"},
				"up": {"uv": [12, 2.5, 9, 2.25], "texture": "#0"},
				"down": {"uv": [12, 2.5, 9, 2.75], "texture": "#0"}
			}
		},
		{
			"from": [2, -3, 14],
			"to": [14, -1, 15],
			"rotation": {"angle": 0, "axis": "y", "origin": [11, -2, 16]},
			"faces": {
				"north": {"uv": [3, 5, 6, 5.5], "texture": "#0"},
				"east": {"uv": [13.75, 11.5, 14, 12], "texture": "#0"},
				"south": {"uv": [5.5, 0, 8.5, 0.5], "texture": "#0"},
				"west": {"uv": [13.75, 12.25, 14, 12.75], "texture": "#0"},
				"up": {"uv": [12, 3, 9, 2.75], "texture": "#0"},
				"down": {"uv": [12, 3, 9, 3.25], "texture": "#0"}
			}
		},
		{
			"from": [2, -3, 16],
			"to": [14, -2, 17],
			"rotation": {"angle": 0, "axis": "y", "origin": [11, -2, 18]},
			"faces": {
				"north": {"uv": [9, 3.25, 12, 3.5], "texture": "#0"},
				"east": {"uv": [2.25, 14.25, 2.5, 14.5], "texture": "#0"},
				"south": {"uv": [9, 3.5, 12, 3.75], "texture": "#0"},
				"west": {"uv": [2.5, 14.25, 2.75, 14.5], "texture": "#0"},
				"up": {"uv": [8.75, 9.25, 5.75, 9], "texture": "#0"},
				"down": {"uv": [12, 8.5, 9, 8.75], "texture": "#0"}
			}
		},
		{
			"from": [2, -4.05, 15],
			"to": [14, -3.05, 16],
			"rotation": {"angle": 0, "axis": "y", "origin": [11, -3, 17]},
			"faces": {
				"north": {"uv": [8.75, 9, 11.75, 9.25], "texture": "#0"},
				"east": {"uv": [2.75, 14.25, 3, 14.5], "texture": "#0"},
				"south": {"uv": [9, 8.75, 12, 9], "texture": "#0"},
				"west": {"uv": [3.5, 14.25, 3.75, 14.5], "texture": "#0"},
				"up": {"uv": [8.75, 9.5, 5.75, 9.25], "texture": "#0"},
				"down": {"uv": [12.25, 6, 9.25, 6.25], "texture": "#0"}
			}
		},
		{
			"from": [2, -3, 15.5],
			"to": [14, -2, 17],
			"rotation": {"angle": -45, "axis": "x", "origin": [11, -3, 17]},
			"faces": {
				"north": {"uv": [9.25, 6.25, 12.25, 6.5], "texture": "#0"},
				"east": {"uv": [12.75, 13.75, 13.25, 14], "texture": "#0"},
				"south": {"uv": [9.25, 6.5, 12.25, 6.75], "texture": "#0"},
				"west": {"uv": [13.75, 13.25, 14.25, 13.5], "texture": "#0"},
				"up": {"uv": [8.5, 1, 5.5, 0.5], "texture": "#0"},
				"down": {"uv": [8.5, 1, 5.5, 1.5], "texture": "#0"}
			}
		},
		{
			"from": [2, -2.22, 14.4],
			"to": [14, -0.72, 15.4],
			"rotation": {"angle": -45, "axis": "x", "origin": [11, -2.3, 17]},
			"faces": {
				"north": {"uv": [5.5, 1.5, 8.5, 2], "texture": "#0"},
				"east": {"uv": [13.75, 13.5, 14, 14], "texture": "#0"},
				"south": {"uv": [5.5, 2, 8.5, 2.5], "texture": "#0"},
				"west": {"uv": [14, 0.25, 14.25, 0.75], "texture": "#0"},
				"up": {"uv": [12.25, 7, 9.25, 6.75], "texture": "#0"},
				"down": {"uv": [12.25, 7, 9.25, 7.25], "texture": "#0"}
			}
		},
		{
			"from": [2, -2.1, 16.15],
			"to": [14, -1.1, 17.15],
			"rotation": {"angle": -45, "axis": "x", "origin": [11, -2.3, 17]},
			"faces": {
				"north": {"uv": [9.25, 7.25, 12.25, 7.5], "texture": "#0"},
				"east": {"uv": [3.75, 14.25, 4, 14.5], "texture": "#0"},
				"south": {"uv": [9.25, 7.5, 12.25, 7.75], "texture": "#0"},
				"west": {"uv": [14.25, 3.75, 14.5, 4], "texture": "#0"},
				"up": {"uv": [12.25, 8, 9.25, 7.75], "texture": "#0"},
				"down": {"uv": [12.25, 8, 9.25, 8.25], "texture": "#0"}
			}
		},
		{
			"from": [2, -4, 14],
			"to": [14, -3, 15],
			"rotation": {"angle": 0, "axis": "y", "origin": [11, -4, 16]},
			"faces": {
				"north": {"uv": [9.25, 8.25, 12.25, 8.5], "texture": "#0"},
				"east": {"uv": [14.25, 4, 14.5, 4.25], "texture": "#0"},
				"south": {"uv": [8.75, 9.25, 11.75, 9.5], "texture": "#0"},
				"west": {"uv": [14.25, 4.25, 14.5, 4.5], "texture": "#0"},
				"up": {"uv": [8.75, 9.75, 5.75, 9.5], "texture": "#0"},
				"down": {"uv": [11.75, 9.5, 8.75, 9.75], "texture": "#0"}
			}
		},
		{
			"from": [2, -6, 14],
			"to": [14, -4, 15],
			"rotation": {"angle": 0, "axis": "y", "origin": [11, -5, 16]},
			"faces": {
				"north": {"uv": [5.5, 2.5, 8.5, 3], "texture": "#0"},
				"east": {"uv": [3, 14, 3.25, 14.5], "texture": "#0"},
				"south": {"uv": [3, 5.5, 6, 6], "texture": "#0"},
				"west": {"uv": [3.25, 14, 3.5, 14.5], "texture": "#0"},
				"up": {"uv": [3, 10, 0, 9.75], "texture": "#0"},
				"down": {"uv": [6, 9.75, 3, 10], "texture": "#0"}
			}
		},
		{
			"from": [2, -6, 16],
			"to": [14, -5, 17],
			"rotation": {"angle": 0, "axis": "y", "origin": [11, -5, 18]},
			"faces": {
				"north": {"uv": [6, 9.75, 9, 10], "texture": "#0"},
				"east": {"uv": [4.5, 14.25, 4.75, 14.5], "texture": "#0"},
				"south": {"uv": [9, 9.75, 12, 10], "texture": "#0"},
				"west": {"uv": [14.25, 4.5, 14.5, 4.75], "texture": "#0"},
				"up": {"uv": [3, 10.25, 0, 10], "texture": "#0"},
				"down": {"uv": [6, 10, 3, 10.25], "texture": "#0"}
			}
		},
		{
			"from": [2, -7.05, 15],
			"to": [14, -6.05, 16],
			"rotation": {"angle": 0, "axis": "y", "origin": [11, -6, 17]},
			"faces": {
				"north": {"uv": [6, 10, 9, 10.25], "texture": "#0"},
				"east": {"uv": [4.75, 14.25, 5, 14.5], "texture": "#0"},
				"south": {"uv": [9, 10, 12, 10.25], "texture": "#0"},
				"west": {"uv": [14.25, 5, 14.5, 5.25], "texture": "#0"},
				"up": {"uv": [3, 10.5, 0, 10.25], "texture": "#0"},
				"down": {"uv": [6, 10.25, 3, 10.5], "texture": "#0"}
			}
		},
		{
			"from": [2, -6, 15.5],
			"to": [14, -5, 17],
			"rotation": {"angle": -45, "axis": "x", "origin": [11, -6, 17]},
			"faces": {
				"north": {"uv": [6, 10.25, 9, 10.5], "texture": "#0"},
				"east": {"uv": [14, 0.75, 14.5, 1], "texture": "#0"},
				"south": {"uv": [9, 10.25, 12, 10.5], "texture": "#0"},
				"west": {"uv": [3.5, 14, 4, 14.25], "texture": "#0"},
				"up": {"uv": [8.5, 3.5, 5.5, 3], "texture": "#0"},
				"down": {"uv": [8.5, 3.5, 5.5, 4], "texture": "#0"}
			}
		},
		{
			"from": [2, -5.22, 14.4],
			"to": [14, -3.72, 15.4],
			"rotation": {"angle": -45, "axis": "x", "origin": [11, -5.3, 17]},
			"faces": {
				"north": {"uv": [5.5, 4, 8.5, 4.5], "texture": "#0"},
				"east": {"uv": [14, 3.75, 14.25, 4.25], "texture": "#0"},
				"south": {"uv": [5.5, 4.5, 8.5, 5], "texture": "#0"},
				"west": {"uv": [4, 14, 4.25, 14.5], "texture": "#0"},
				"up": {"uv": [3, 10.75, 0, 10.5], "texture": "#0"},
				"down": {"uv": [6, 10.5, 3, 10.75], "texture": "#0"}
			}
		},
		{
			"from": [2, -5.1, 16.15],
			"to": [14, -4.1, 17.15],
			"rotation": {"angle": -45, "axis": "x", "origin": [11, -5.3, 17]},
			"faces": {
				"north": {"uv": [6, 10.5, 9, 10.75], "texture": "#0"},
				"east": {"uv": [5.25, 14.25, 5.5, 14.5], "texture": "#0"},
				"south": {"uv": [9, 10.5, 12, 10.75], "texture": "#0"},
				"west": {"uv": [14.25, 5.25, 14.5, 5.5], "texture": "#0"},
				"up": {"uv": [3, 11, 0, 10.75], "texture": "#0"},
				"down": {"uv": [6, 10.75, 3, 11], "texture": "#0"}
			}
		},
		{
			"from": [2, -1, 2],
			"to": [14, 0, 3],
			"faces": {
				"north": {"uv": [6, 10.75, 9, 11], "texture": "#0"},
				"east": {"uv": [5.5, 14.25, 5.75, 14.5], "texture": "#0"},
				"south": {"uv": [9, 10.75, 12, 11], "texture": "#0"},
				"west": {"uv": [14.25, 5.5, 14.5, 5.75], "texture": "#0"},
				"up": {"uv": [3, 11.25, 0, 11], "texture": "#0"},
				"down": {"uv": [6, 11, 3, 11.25], "texture": "#0"}
			}
		},
		{
			"from": [2, -2.2, 0.7],
			"to": [14, -0.7, 1.7],
			"rotation": {"angle": -45, "axis": "x", "origin": [0, 0, 0]},
			"faces": {
				"north": {"uv": [0, 6, 3, 6.5], "texture": "#0"},
				"east": {"uv": [4.25, 14, 4.5, 14.5], "texture": "#0"},
				"south": {"uv": [3, 6, 6, 6.5], "texture": "#0"},
				"west": {"uv": [14, 4.25, 14.25, 4.75], "texture": "#0"},
				"up": {"uv": [14, 4.5, 11, 4.25], "texture": "#0"},
				"down": {"uv": [14, 4.5, 11, 4.75], "texture": "#0"}
			}
		},
		{
			"from": [3, 0.8, 0.7],
			"to": [13, 1.8, 2.2],
			"rotation": {"angle": -45, "axis": "x", "origin": [0, 2.5, 0]},
			"faces": {
				"north": {"uv": [12.25, 6.5, 14.75, 6.75], "texture": "#0"},
				"east": {"uv": [4.5, 14, 5, 14.25], "texture": "#0"},
				"south": {"uv": [12.25, 6.75, 14.75, 7], "texture": "#0"},
				"west": {"uv": [14, 4.75, 14.5, 5], "texture": "#0"},
				"up": {"uv": [11, 4.75, 8.5, 4.25], "texture": "#0"},
				"down": {"uv": [9, 8.5, 6.5, 9], "texture": "#0"}
			}
		},
		{
			"from": [3, 2.53, 2],
			"to": [13, 3.53, 3],
			"rotation": {"angle": 0, "axis": "y", "origin": [0, 0.5, 0]},
			"faces": {
				"north": {"uv": [12.25, 7, 14.75, 7.25], "texture": "#0"},
				"east": {"uv": [5.75, 14.25, 6, 14.5], "texture": "#0"},
				"south": {"uv": [12.25, 7.25, 14.75, 7.5], "texture": "#0"},
				"west": {"uv": [6, 14.25, 6.25, 14.5], "texture": "#0"},
				"up": {"uv": [14.75, 7.75, 12.25, 7.5], "texture": "#0"},
				"down": {"uv": [14.75, 7.75, 12.25, 8], "texture": "#0"}
			}
		},
		{
			"from": [2, 0, 1],
			"to": [14, 1, 2],
			"faces": {
				"north": {"uv": [6, 11, 9, 11.25], "texture": "#0"},
				"east": {"uv": [6.25, 14.25, 6.5, 14.5], "texture": "#0"},
				"south": {"uv": [9, 11, 12, 11.25], "texture": "#0"},
				"west": {"uv": [6.5, 14.25, 6.75, 14.5], "texture": "#0"},
				"up": {"uv": [3, 11.5, 0, 11.25], "texture": "#0"},
				"down": {"uv": [14.25, 0, 11.25, 0.25], "texture": "#0"}
			}
		},
		{
			"from": [1.5, 1.6, 1],
			"to": [2.5, 2.6, 2],
			"rotation": {"angle": -22.5, "axis": "z", "origin": [0, 0, 0]},
			"faces": {
				"north": {"uv": [6.75, 14.25, 7, 14.5], "texture": "#0"},
				"east": {"uv": [14.25, 11.25, 14.5, 11.5], "texture": "#0"},
				"south": {"uv": [14.25, 11.5, 14.5, 11.75], "texture": "#0"},
				"west": {"uv": [14.25, 11.75, 14.5, 12], "texture": "#0"},
				"up": {"uv": [12.25, 14.5, 12, 14.25], "texture": "#0"},
				"down": {"uv": [12.5, 14.25, 12.25, 14.5], "texture": "#0"}
			}
		},
		{
			"from": [13.5, 1.6, 1],
			"to": [14.5, 2.6, 2],
			"rotation": {"angle": 22.5, "axis": "z", "origin": [16, 0, 0]},
			"faces": {
				"north": {"uv": [14.25, 12.25, 14.5, 12.5], "texture": "#0"},
				"east": {"uv": [12.5, 14.25, 12.75, 14.5], "texture": "#0"},
				"south": {"uv": [14.25, 12.5, 14.5, 12.75], "texture": "#0"},
				"west": {"uv": [12.75, 14.25, 13, 14.5], "texture": "#0"},
				"up": {"uv": [14.5, 13, 14.25, 12.75], "texture": "#0"},
				"down": {"uv": [13.25, 14.25, 13, 14.5], "texture": "#0"}
			}
		},
		{
			"from": [14.6, 2.9, 1],
			"to": [15.6, 3.9, 2],
			"rotation": {"angle": 45, "axis": "z", "origin": [16, 0, 0]},
			"faces": {
				"north": {"uv": [14.25, 13, 14.5, 13.25], "texture": "#0"},
				"east": {"uv": [13.25, 14.25, 13.5, 14.5], "texture": "#0"},
				"south": {"uv": [14.25, 13.25, 14.5, 13.5], "texture": "#0"},
				"west": {"uv": [13.5, 14.25, 13.75, 14.5], "texture": "#0"},
				"up": {"uv": [14.5, 13.75, 14.25, 13.5], "texture": "#0"},
				"down": {"uv": [14, 14.25, 13.75, 14.5], "texture": "#0"}
			}
		},
		{
			"from": [0.4, 2.9, 1],
			"to": [1.4, 3.9, 2],
			"rotation": {"angle": -45, "axis": "z", "origin": [0, 0, 0]},
			"faces": {
				"north": {"uv": [14.25, 13.75, 14.5, 14], "texture": "#0"},
				"east": {"uv": [14, 14.25, 14.25, 14.5], "texture": "#0"},
				"south": {"uv": [14.25, 14, 14.5, 14.25], "texture": "#0"},
				"west": {"uv": [14.25, 14.25, 14.5, 14.5], "texture": "#0"},
				"up": {"uv": [0.25, 14.75, 0, 14.5], "texture": "#0"},
				"down": {"uv": [14.75, 0, 14.5, 0.25], "texture": "#0"}
			}
		},
		{
			"from": [3, 1, 1],
			"to": [13, 2.5, 2],
			"faces": {
				"north": {"uv": [8.75, 4.75, 11.25, 5.25], "texture": "#0"},
				"east": {"uv": [5, 14, 5.25, 14.5], "texture": "#0"},
				"south": {"uv": [8.75, 5.25, 11.25, 5.75], "texture": "#0"},
				"west": {"uv": [14, 5, 14.25, 5.5], "texture": "#0"},
				"up": {"uv": [14.75, 8.25, 12.25, 8], "texture": "#0"},
				"down": {"uv": [14.75, 8.25, 12.25, 8.5], "texture": "#0"}
			}
		}
	],
	"display": {
		"thirdperson_righthand": {
			"translation": [0, 7.5, -2.25],
			"scale": [0.6, 0.6, 0.6]
		},
		"thirdperson_lefthand": {
			"translation": [0, 7.5, -2.25],
			"scale": [0.6, 0.6, 0.6]
		},
		"firstperson_righthand": {
			"translation": [0, 3, 0]
		},
		"firstperson_lefthand": {
			"translation": [0, 3, 0]
		},
		"ground": {
			"translation": [0, 8, 0],
			"scale": [0.8, 0.8, 0.8]
		},
		"gui": {
			"rotation": [20, 160, 0],
			"translation": [0, 7.75, 0],
			"scale": [0.8, 0.8, 0.8]
		},
		"head": {
			"translation": [0, 15.5, 0],
			"scale": [1.2, 1.2, 1.2]
		},
		"fixed": {
			"translation": [0, 10.25, 0]
		}
	},
	"groups": [
		{
			"name": "hat",
			"origin": [8, 8, 8],
			"color": 0,
			"children": [
				{
					"name": "base",
					"origin": [8, 8, 8],
					"color": 0,
					"children": [0, 1, 2, 3]
				},
				{
					"name": "side curl 1",
					"origin": [8, 8, 8],
					"color": 0,
					"children": [4, 5, 6, 7, 8, 9, 10]
				},
				{
					"name": "side curl 2",
					"origin": [8, 8, 8],
					"color": 0,
					"children": [11, 12, 13, 14, 15, 16, 17]
				},
				{
					"name": "side curl 3",
					"origin": [8, 8, 8],
					"color": 0,
					"children": [18, 19, 20, 21, 22, 23, 24]
				},
				{
					"name": "side curl 4",
					"origin": [8, 8, 8],
					"color": 0,
					"children": [25, 26, 27, 28, 29, 30, 31]
				},
				{
					"name": "back curl 1",
					"origin": [8, 8, 8],
					"color": 0,
					"children": [32, 33, 34, 35, 36, 37, 38]
				},
				{
					"name": "back curl 2",
					"origin": [8, 8, 8],
					"color": 0,
					"children": [39, 40, 41, 42, 43, 44, 45]
				},
				{
					"name": "front",
					"origin": [8, 8, 8],
					"color": 0,
					"children": [46, 47, 48, 49, 50, 51, 52, 53, 54, 55]
				}
			]
		}
	]
}
