{
	"credit": "Made with Blockbench",
	"texture_size": [64, 64],
	"textures": {
		"0": "item/plushie1",
		"particle": "item/plushie1"
	},
	"elements": [
		{
			"from": [0, 0, 0],
			"to": [16, 10, 16],
			"rotation": {"angle": 0, "axis": "y", "origin": [5, 0, 8]},
			"faces": {
				"north": {"uv": [0, 8, 4, 10.5], "texture": "#0"},
				"east": {"uv": [7.5, 9, 11.5, 11.5], "texture": "#0"},
				"south": {"uv": [0, 10.5, 4, 13], "texture": "#0"},
				"west": {"uv": [11, 0, 15, 2.5], "texture": "#0"},
				"up": {"uv": [4, 4, 0, 0], "texture": "#0"},
				"down": {"uv": [4, 4, 0, 8], "texture": "#0"}
			}
		},
		{
			"from": [1, -1, 1],
			"to": [15, 11, 15],
			"rotation": {"angle": 0, "axis": "y", "origin": [5, -9, 8]},
			"faces": {
				"north": {"uv": [4, 7, 7.5, 10], "texture": "#0"},
				"east": {"uv": [7.5, 0, 11, 3], "texture": "#0"},
				"south": {"uv": [7.5, 3, 11, 6], "texture": "#0"},
				"west": {"uv": [7.5, 6, 11, 9], "texture": "#0"},
				"up": {"uv": [7.5, 3.5, 4, 0], "texture": "#0"},
				"down": {"uv": [7.5, 3.5, 4, 7], "texture": "#0"}
			}
		},
		{
			"from": [2, 11, 2],
			"to": [14, 12, 6],
			"rotation": {"angle": 0, "axis": "y", "origin": [5, 2, 9]},
			"faces": {
				"north": {"uv": [11, 8.5, 14, 8.75], "texture": "#0"},
				"east": {"uv": [7.5, 12.25, 8.5, 12.5], "texture": "#0"},
				"south": {"uv": [11, 8.75, 14, 9], "texture": "#0"},
				"west": {"uv": [8.5, 12.25, 9.5, 12.5], "texture": "#0"},
				"up": {"uv": [7, 11, 4, 10], "texture": "#0"},
				"down": {"uv": [14, 2.5, 11, 3.5], "texture": "#0"}
			}
		},
		{
			"from": [2, 11, 10],
			"to": [14, 12, 14],
			"rotation": {"angle": 0, "axis": "y", "origin": [5, 2, 17]},
			"faces": {
				"north": {"uv": [11.5, 9, 14.5, 9.25], "texture": "#0"},
				"east": {"uv": [12, 12.25, 13, 12.5], "texture": "#0"},
				"south": {"uv": [11.5, 9.25, 14.5, 9.5], "texture": "#0"},
				"west": {"uv": [12.5, 4.5, 13.5, 4.75], "texture": "#0"},
				"up": {"uv": [14, 4.5, 11, 3.5], "texture": "#0"},
				"down": {"uv": [7, 11, 4, 12], "texture": "#0"}
			}
		},
		{
			"from": [10, 11, 6],
			"to": [14, 12, 10],
			"rotation": {"angle": 0, "axis": "y", "origin": [5, 2, 13]},
			"faces": {
				"north": {"uv": [12.5, 4.75, 13.5, 5], "texture": "#0"},
				"east": {"uv": [12.5, 5, 13.5, 5.25], "texture": "#0"},
				"south": {"uv": [12.5, 5.25, 13.5, 5.5], "texture": "#0"},
				"west": {"uv": [12.5, 5.5, 13.5, 5.75], "texture": "#0"},
				"up": {"uv": [12, 5.5, 11, 4.5], "texture": "#0"},
				"down": {"uv": [12, 5.5, 11, 6.5], "texture": "#0"}
			}
		},
		{
			"from": [2, 11, 6],
			"to": [6, 12, 10],
			"rotation": {"angle": 0, "axis": "y", "origin": [-3, 2, 13]},
			"faces": {
				"north": {"uv": [6, 12.5, 7, 12.75], "texture": "#0"},
				"east": {"uv": [12.5, 6.25, 13.5, 6.5], "texture": "#0"},
				"south": {"uv": [12.5, 6.5, 13.5, 6.75], "texture": "#0"},
				"west": {"uv": [12.5, 6.75, 13.5, 7], "texture": "#0"},
				"up": {"uv": [12, 7.5, 11, 6.5], "texture": "#0"},
				"down": {"uv": [12, 7.5, 11, 8.5], "texture": "#0"}
			}
		},
		{
			"from": [3, -1, -3],
			"to": [5, 1, 1],
			"rotation": {"angle": 0, "axis": "y", "origin": [3, -1, -1]},
			"faces": {
				"north": {"uv": [12.5, 7, 13, 7.5], "texture": "#0"},
				"east": {"uv": [12, 5.75, 13, 6.25], "texture": "#0"},
				"south": {"uv": [7.5, 12.5, 8, 13], "texture": "#0"},
				"west": {"uv": [6, 12, 7, 12.5], "texture": "#0"},
				"up": {"uv": [12.5, 7.25, 12, 6.25], "texture": "#0"},
				"down": {"uv": [12.5, 7.25, 12, 8.25], "texture": "#0"}
			}
		},
		{
			"from": [11, -1, -3],
			"to": [13, 1, 1],
			"rotation": {"angle": 0, "axis": "y", "origin": [11, -1, -1]},
			"faces": {
				"north": {"uv": [12.5, 7.5, 13, 8], "texture": "#0"},
				"east": {"uv": [12, 9.5, 13, 10], "texture": "#0"},
				"south": {"uv": [8, 12.5, 8.5, 13], "texture": "#0"},
				"west": {"uv": [12, 10, 13, 10.5], "texture": "#0"},
				"up": {"uv": [12.5, 11.5, 12, 10.5], "texture": "#0"},
				"down": {"uv": [12, 12, 11.5, 13], "texture": "#0"}
			}
		},
		{
			"from": [16, 0, 7],
			"to": [18, 5, 9],
			"rotation": {"angle": 22.5, "axis": "z", "origin": [18, 1, 7]},
			"faces": {
				"north": {"uv": [7, 10, 7.5, 11.25], "texture": "#0"},
				"east": {"uv": [9.5, 11.5, 10, 12.75], "texture": "#0"},
				"south": {"uv": [11.5, 9.5, 12, 10.75], "texture": "#0"},
				"west": {"uv": [10, 11.5, 10.5, 12.75], "texture": "#0"},
				"up": {"uv": [12.5, 12.25, 12, 11.75], "texture": "#0"},
				"down": {"uv": [7.5, 12.25, 7, 12.75], "texture": "#0"}
			}
		},
		{
			"from": [-2, 0, 7],
			"to": [0, 5, 9],
			"rotation": {"angle": -22.5, "axis": "z", "origin": [-2, 1, 7]},
			"faces": {
				"north": {"uv": [10.5, 11.5, 11, 12.75], "texture": "#0"},
				"east": {"uv": [11.5, 10.75, 12, 12], "texture": "#0"},
				"south": {"uv": [11, 11.5, 11.5, 12.75], "texture": "#0"},
				"west": {"uv": [4, 12, 4.5, 13.25], "texture": "#0"},
				"up": {"uv": [9, 13, 8.5, 12.5], "texture": "#0"},
				"down": {"uv": [9.5, 12.5, 9, 13], "texture": "#0"}
			}
		},
		{
			"from": [7, 11, 7],
			"to": [9, 16, 9],
			"rotation": {"angle": 0, "axis": "y", "origin": [7, 11, 7]},
			"faces": {
				"north": {"uv": [4.5, 12, 5, 13.25], "texture": "#0"},
				"east": {"uv": [12, 4.5, 12.5, 5.75], "texture": "#0"},
				"south": {"uv": [5, 12, 5.5, 13.25], "texture": "#0"},
				"west": {"uv": [5.5, 12, 6, 13.25], "texture": "#0"},
				"up": {"uv": [13, 11, 12.5, 10.5], "texture": "#0"},
				"down": {"uv": [13, 11, 12.5, 11.5], "texture": "#0"}
			}
		},
		{
			"from": [2, 15, 7.5],
			"to": [7, 18, 8.5],
			"rotation": {"angle": 0, "axis": "y", "origin": [5, 15, 6]},
			"faces": {
				"north": {"uv": [7, 11.5, 8.25, 12.25], "texture": "#0"},
				"east": {"uv": [12, 12.5, 12.25, 13.25], "texture": "#0"},
				"south": {"uv": [8.25, 11.5, 9.5, 12.25], "texture": "#0"},
				"west": {"uv": [12.25, 12.5, 12.5, 13.25], "texture": "#0"},
				"up": {"uv": [13.25, 8.5, 12, 8.25], "texture": "#0"},
				"down": {"uv": [13.25, 11.5, 12, 11.75], "texture": "#0"}
			}
		}
	],
	"display": {
		"thirdperson_righthand": {
			"scale": [0.5, 0.5, 0.5]
		},
		"thirdperson_lefthand": {
			"scale": [0.5, 0.5, 0.5]
		},
		"firstperson_righthand": {
			"scale": [0.6, 0.6, 0.6]
		},
		"firstperson_lefthand": {
			"scale": [0.6, 0.6, 0.6]
		},
		"ground": {
			"translation": [0, 2.75, 0],
			"scale": [0.6, 0.6, 0.6]
		},
		"gui": {
			"rotation": [8, -163, 0],
			"scale": [0.8, 0.8, 0.8]
		},
		"head": {
			"translation": [0, 11.75, 0.5],
			"scale": [0.6, 0.6, 0.6]
		},
		"fixed": {
			"rotation": [-90, 0, 0],
			"translation": [0, 0, -9]
		}
	},
	"groups": [
		{
			"name": "plushie",
			"origin": [8, 8, 8],
			"color": 0,
			"children": [
				{
					"name": "body",
					"origin": [8, 8, 8],
					"color": 0,
					"children": [0, 1, 2, 3, 4, 5]
				},
				{
					"name": "limbs",
					"origin": [8, 8, 8],
					"color": 0,
					"children": [6, 7, 8, 9]
				},
				{
					"name": "leaf",
					"origin": [8, 8, 8],
					"color": 0,
					"children": [10, 11]
				}
			]
		}
	]
}
