{
	"credit": "Made with Blockbench",
	"texture_size": [64, 64],
	"textures": {
		"0": "item/puchef",
		"particle": "item/puchef"
	},
	"elements": [
		{
			"from": [4, 0, 5],
			"to": [5, 2, 11],
			"rotation": {"angle": 0, "axis": "y", "origin": [4, 0, 4]},
			"faces": {
				"north": {"uv": [3.5, 8.5, 3.75, 9], "texture": "#0"},
				"east": {"uv": [0, 8, 1.5, 8.5], "texture": "#0"},
				"south": {"uv": [3.75, 8.5, 4, 9], "texture": "#0"},
				"west": {"uv": [0, 9.5, 1.5, 10], "texture": "#0"},
				"up": {"uv": [4.25, 9, 4, 7.5], "texture": "#0"},
				"down": {"uv": [4.5, 7.5, 4.25, 9], "texture": "#0"}
			}
		},
		{
			"from": [11, 0, 5],
			"to": [12, 2, 11],
			"rotation": {"angle": 0, "axis": "y", "origin": [11, 0, 4]},
			"faces": {
				"north": {"uv": [10, 3.5, 10.25, 4], "texture": "#0"},
				"east": {"uv": [1.5, 9.5, 3, 10], "texture": "#0"},
				"south": {"uv": [5.75, 10, 6, 10.5], "texture": "#0"},
				"west": {"uv": [9.5, 4, 11, 4.5], "texture": "#0"},
				"up": {"uv": [1.25, 11.5, 1, 10], "texture": "#0"},
				"down": {"uv": [1.5, 10, 1.25, 11.5], "texture": "#0"}
			}
		},
		{
			"from": [5, 0, 4],
			"to": [11, 2, 5],
			"rotation": {"angle": 0, "axis": "y", "origin": [6, 0, 3]},
			"faces": {
				"north": {"uv": [9.5, 4.5, 11, 5], "texture": "#0"},
				"east": {"uv": [6, 10, 6.25, 10.5], "texture": "#0"},
				"south": {"uv": [5, 9.5, 6.5, 10], "texture": "#0"},
				"west": {"uv": [6.25, 10, 6.5, 10.5], "texture": "#0"},
				"up": {"uv": [11.5, 1.25, 10, 1], "texture": "#0"},
				"down": {"uv": [11.5, 1.25, 10, 1.5], "texture": "#0"}
			}
		},
		{
			"from": [5, 0, 11],
			"to": [11, 2, 12],
			"rotation": {"angle": 0, "axis": "y", "origin": [6, 0, 10]},
			"faces": {
				"north": {"uv": [6.5, 9.5, 8, 10], "texture": "#0"},
				"east": {"uv": [6.5, 10, 6.75, 10.5], "texture": "#0"},
				"south": {"uv": [9.5, 7, 11, 7.5], "texture": "#0"},
				"west": {"uv": [10, 6.5, 10.25, 7], "texture": "#0"},
				"up": {"uv": [3, 10.25, 1.5, 10], "texture": "#0"},
				"down": {"uv": [11.5, 1.5, 10, 1.75], "texture": "#0"}
			}
		},
		{
			"from": [5, 2, 5],
			"to": [11, 10, 6],
			"rotation": {"angle": 0, "axis": "y", "origin": [5, 2, 5]},
			"faces": {
				"north": {"uv": [4.5, 5, 6, 7], "texture": "#0"},
				"east": {"uv": [3, 9.5, 3.25, 11.5], "texture": "#0"},
				"south": {"uv": [5.5, 3, 7, 5], "texture": "#0"},
				"west": {"uv": [3.25, 9.5, 3.5, 11.5], "texture": "#0"},
				"up": {"uv": [11.5, 2, 10, 1.75], "texture": "#0"},
				"down": {"uv": [11.5, 3, 10, 3.25], "texture": "#0"}
			}
		},
		{
			"from": [5, 2, 10],
			"to": [11, 10, 11],
			"rotation": {"angle": 0, "axis": "y", "origin": [5, 2, 10]},
			"faces": {
				"north": {"uv": [0, 6, 1.5, 8], "texture": "#0"},
				"east": {"uv": [9.5, 9.5, 9.75, 11.5], "texture": "#0"},
				"south": {"uv": [6, 5, 7.5, 7], "texture": "#0"},
				"west": {"uv": [9.75, 9.5, 10, 11.5], "texture": "#0"},
				"up": {"uv": [11.5, 3.5, 10, 3.25], "texture": "#0"},
				"down": {"uv": [5, 10, 3.5, 10.25], "texture": "#0"}
			}
		},
		{
			"from": [5, 2, 5],
			"to": [6, 10, 11],
			"rotation": {"angle": 0, "axis": "y", "origin": [5, 2, 10]},
			"faces": {
				"north": {"uv": [0, 10, 0.25, 12], "texture": "#0"},
				"east": {"uv": [7, 0, 8.5, 2], "texture": "#0"},
				"south": {"uv": [0.25, 10, 0.5, 12], "texture": "#0"},
				"west": {"uv": [7, 2, 8.5, 4], "texture": "#0"},
				"up": {"uv": [5.25, 11.5, 5, 10], "texture": "#0"},
				"down": {"uv": [10.25, 5, 10, 6.5], "texture": "#0"}
			}
		},
		{
			"from": [10, 2, 5],
			"to": [11, 10, 11],
			"rotation": {"angle": 0, "axis": "y", "origin": [10, 2, 10]},
			"faces": {
				"north": {"uv": [0.5, 10, 0.75, 12], "texture": "#0"},
				"east": {"uv": [4.5, 7, 6, 9], "texture": "#0"},
				"south": {"uv": [0.75, 10, 1, 12], "texture": "#0"},
				"west": {"uv": [6, 7, 7.5, 9], "texture": "#0"},
				"up": {"uv": [5.5, 11.5, 5.25, 10], "texture": "#0"},
				"down": {"uv": [5.75, 10, 5.5, 11.5], "texture": "#0"}
			}
		},
		{
			"from": [3, 10, 5],
			"to": [13, 14, 11],
			"rotation": {"angle": 0, "axis": "y", "origin": [3, 10, 3]},
			"faces": {
				"north": {"uv": [7, 4, 9.5, 5], "texture": "#0"},
				"east": {"uv": [8.5, 1, 10, 2], "texture": "#0"},
				"south": {"uv": [1.5, 7.5, 4, 8.5], "texture": "#0"},
				"west": {"uv": [2, 8.5, 3.5, 9.5], "texture": "#0"},
				"up": {"uv": [7, 1.5, 4.5, 0], "texture": "#0"},
				"down": {"uv": [7, 1.5, 4.5, 3], "texture": "#0"}
			}
		},
		{
			"from": [2, 11, 5],
			"to": [14, 13, 11],
			"rotation": {"angle": 0, "axis": "y", "origin": [4, 11, 3]},
			"faces": {
				"north": {"uv": [8.5, 2, 11.5, 2.5], "texture": "#0"},
				"east": {"uv": [9.5, 7.5, 11, 8], "texture": "#0"},
				"south": {"uv": [8.5, 2.5, 11.5, 3], "texture": "#0"},
				"west": {"uv": [8, 9.5, 9.5, 10], "texture": "#0"},
				"up": {"uv": [3, 1.5, 0, 0], "texture": "#0"},
				"down": {"uv": [3, 1.5, 0, 3], "texture": "#0"}
			}
		},
		{
			"from": [5, 10, 3],
			"to": [11, 14, 13],
			"rotation": {"angle": 0, "axis": "y", "origin": [3, 10, 1]},
			"faces": {
				"north": {"uv": [8.5, 3, 10, 4], "texture": "#0"},
				"east": {"uv": [7.5, 5, 10, 6], "texture": "#0"},
				"south": {"uv": [3.5, 9, 5, 10], "texture": "#0"},
				"west": {"uv": [7.5, 6, 10, 7], "texture": "#0"},
				"up": {"uv": [3, 7.5, 1.5, 5], "texture": "#0"},
				"down": {"uv": [4.5, 5, 3, 7.5], "texture": "#0"}
			}
		},
		{
			"from": [5, 11, 2],
			"to": [11, 13, 14],
			"rotation": {"angle": 0, "axis": "y", "origin": [3, 11, 0]},
			"faces": {
				"north": {"uv": [9.5, 8, 11, 8.5], "texture": "#0"},
				"east": {"uv": [5, 9, 8, 9.5], "texture": "#0"},
				"south": {"uv": [9.5, 8.5, 11, 9], "texture": "#0"},
				"west": {"uv": [8, 9, 11, 9.5], "texture": "#0"},
				"up": {"uv": [1.5, 6, 0, 3], "texture": "#0"},
				"down": {"uv": [4.5, 0, 3, 3], "texture": "#0"}
			}
		},
		{
			"from": [4, 10, 4],
			"to": [12, 14, 12],
			"rotation": {"angle": 0, "axis": "y", "origin": [3, 10, 1]},
			"faces": {
				"north": {"uv": [7.5, 7, 9.5, 8], "texture": "#0"},
				"east": {"uv": [7.5, 8, 9.5, 9], "texture": "#0"},
				"south": {"uv": [0, 8.5, 2, 9.5], "texture": "#0"},
				"west": {"uv": [8.5, 0, 10.5, 1], "texture": "#0"},
				"up": {"uv": [3.5, 5, 1.5, 3], "texture": "#0"},
				"down": {"uv": [5.5, 3, 3.5, 5], "texture": "#0"}
			}
		}
	],
	"display": {
		"thirdperson_righthand": {
			"translation": [0, 5, 0]
		},
		"thirdperson_lefthand": {
			"translation": [0, 5, 0]
		},
		"ground": {
			"translation": [0, 4.25, 0]
		},
		"gui": {
			"rotation": [11, -35, 0],
			"translation": [0, 0.75, 0]
		},
		"head": {
			"rotation": [0, 0, -10],
			"translation": [4.25, 13.75, 0]
		},
		"fixed": {
			"translation": [0, 0.75, -0.75]
		}
	},
	"groups": [
		{
			"name": "hat",
			"origin": [8, 8, 8],
			"color": 0,
			"children": [
				{
					"name": "base tube",
					"origin": [8, 8, 8],
					"color": 0,
					"children": [0, 1, 2, 3]
				},
				{
					"name": "main tube",
					"origin": [8, 8, 8],
					"color": 0,
					"children": [4, 5, 6, 7]
				},
				{
					"name": "top",
					"origin": [8, 8, 8],
					"color": 0,
					"children": [8, 9, 10, 11, 12]
				}
			]
		}
	]
}
