{
	"credit": "Made with Blockbench",
	"texture_size": [32, 32],
	"textures": {
		"0": "item/puegg",
		"particle": "item/puegg"
	},
	"elements": [
		{
			"from": [0, 0, 2],
			"to": [14, 1, 10],
			"faces": {
				"north": {"uv": [7, 3, 14, 3.5], "texture": "#0"},
				"east": {"uv": [4.5, 9.5, 8.5, 10], "texture": "#0"},
				"south": {"uv": [7, 3.5, 14, 4], "texture": "#0"},
				"west": {"uv": [8.5, 9.5, 12.5, 10], "texture": "#0"},
				"up": {"uv": [7, 4, 0, 0], "texture": "#0"},
				"down": {"uv": [7, 4, 0, 8], "texture": "#0"}
			}
		},
		{
			"from": [1, 0, 1],
			"to": [13, 1, 2],
			"faces": {
				"north": {"uv": [7, 6, 13, 6.5], "texture": "#0"},
				"east": {"uv": [0, 11.5, 0.5, 12], "texture": "#0"},
				"south": {"uv": [7, 6.5, 13, 7], "texture": "#0"},
				"west": {"uv": [0.5, 11.5, 1, 12], "texture": "#0"},
				"up": {"uv": [13, 7.5, 7, 7], "texture": "#0"},
				"down": {"uv": [13, 7.5, 7, 8], "texture": "#0"}
			}
		},
		{
			"from": [1, 0, 10],
			"to": [14, 1, 11],
			"faces": {
				"north": {"uv": [7, 4, 13.5, 4.5], "texture": "#0"},
				"east": {"uv": [1, 11.5, 1.5, 12], "texture": "#0"},
				"south": {"uv": [7, 4.5, 13.5, 5], "texture": "#0"},
				"west": {"uv": [1.5, 11.5, 2, 12], "texture": "#0"},
				"up": {"uv": [13.5, 5.5, 7, 5], "texture": "#0"},
				"down": {"uv": [13.5, 5.5, 7, 6], "texture": "#0"}
			}
		},
		{
			"from": [3, 0, 11],
			"to": [13, 1, 12],
			"faces": {
				"north": {"uv": [0, 8, 5, 8.5], "texture": "#0"},
				"east": {"uv": [2, 11.5, 2.5, 12], "texture": "#0"},
				"south": {"uv": [5, 8, 10, 8.5], "texture": "#0"},
				"west": {"uv": [2.5, 11.5, 3, 12], "texture": "#0"},
				"up": {"uv": [5, 9, 0, 8.5], "texture": "#0"},
				"down": {"uv": [10, 8.5, 5, 9], "texture": "#0"}
			}
		},
		{
			"from": [4, 0, 12],
			"to": [12, 1, 13],
			"faces": {
				"north": {"uv": [0, 10, 4, 10.5], "texture": "#0"},
				"east": {"uv": [3, 11.5, 3.5, 12], "texture": "#0"},
				"south": {"uv": [4, 10, 8, 10.5], "texture": "#0"},
				"west": {"uv": [3.5, 11.5, 4, 12], "texture": "#0"},
				"up": {"uv": [12, 10.5, 8, 10], "texture": "#0"},
				"down": {"uv": [14, 8, 10, 8.5], "texture": "#0"}
			}
		},
		{
			"from": [6, 0, 13],
			"to": [11, 1, 14],
			"faces": {
				"north": {"uv": [10, 8.5, 12.5, 9], "texture": "#0"},
				"east": {"uv": [4, 11.5, 4.5, 12], "texture": "#0"},
				"south": {"uv": [0, 10.5, 2.5, 11], "texture": "#0"},
				"west": {"uv": [4.5, 11.5, 5, 12], "texture": "#0"},
				"up": {"uv": [5, 11, 2.5, 10.5], "texture": "#0"},
				"down": {"uv": [7.5, 10.5, 5, 11], "texture": "#0"}
			}
		},
		{
			"from": [3, 0, 0],
			"to": [12, 1, 1],
			"faces": {
				"north": {"uv": [0, 9, 4.5, 9.5], "texture": "#0"},
				"east": {"uv": [5, 11.5, 5.5, 12], "texture": "#0"},
				"south": {"uv": [4.5, 9, 9, 9.5], "texture": "#0"},
				"west": {"uv": [5.5, 11.5, 6, 12], "texture": "#0"},
				"up": {"uv": [13.5, 9.5, 9, 9], "texture": "#0"},
				"down": {"uv": [4.5, 9.5, 0, 10], "texture": "#0"}
			}
		},
		{
			"from": [1, 1, 4],
			"to": [6, 2, 7],
			"faces": {
				"north": {"uv": [7.5, 10.5, 10, 11], "texture": "#0"},
				"east": {"uv": [0, 11, 1.5, 11.5], "texture": "#0"},
				"south": {"uv": [10, 10.5, 12.5, 11], "texture": "#0"},
				"west": {"uv": [11, 0, 12.5, 0.5], "texture": "#0"},
				"up": {"uv": [9.5, 1.5, 7, 0], "texture": "#0"},
				"down": {"uv": [9.5, 1.5, 7, 3], "texture": "#0"}
			}
		},
		{
			"from": [2, 2, 4],
			"to": [5, 3, 7],
			"faces": {
				"north": {"uv": [11, 0.5, 12.5, 1], "texture": "#0"},
				"east": {"uv": [11, 1, 12.5, 1.5], "texture": "#0"},
				"south": {"uv": [1.5, 11, 3, 11.5], "texture": "#0"},
				"west": {"uv": [11, 1.5, 12.5, 2], "texture": "#0"},
				"up": {"uv": [11, 1.5, 9.5, 0], "texture": "#0"},
				"down": {"uv": [11, 1.5, 9.5, 3], "texture": "#0"}
			}
		},
		{
			"from": [2, 1, 7],
			"to": [5, 2, 8],
			"faces": {
				"north": {"uv": [11, 2, 12.5, 2.5], "texture": "#0"},
				"east": {"uv": [6, 11.5, 6.5, 12], "texture": "#0"},
				"south": {"uv": [11, 2.5, 12.5, 3], "texture": "#0"},
				"west": {"uv": [6.5, 11.5, 7, 12], "texture": "#0"},
				"up": {"uv": [4.5, 11.5, 3, 11], "texture": "#0"},
				"down": {"uv": [6, 11, 4.5, 11.5], "texture": "#0"}
			}
		},
		{
			"from": [2, 1, 3],
			"to": [5, 2, 4],
			"faces": {
				"north": {"uv": [6, 11, 7.5, 11.5], "texture": "#0"},
				"east": {"uv": [7, 11.5, 7.5, 12], "texture": "#0"},
				"south": {"uv": [7.5, 11, 9, 11.5], "texture": "#0"},
				"west": {"uv": [7.5, 11.5, 8, 12], "texture": "#0"},
				"up": {"uv": [10.5, 11.5, 9, 11], "texture": "#0"},
				"down": {"uv": [12, 11, 10.5, 11.5], "texture": "#0"}
			}
		}
	],
	"display": {
		"thirdperson_righthand": {
			"translation": [0, 4.5, 0],
			"scale": [0.7, 0.7, 0.7]
		},
		"thirdperson_lefthand": {
			"translation": [0, 4.5, 0],
			"scale": [0.7, 0.7, 0.7]
		},
		"firstperson_righthand": {
			"translation": [5, 5, 0]
		},
		"firstperson_lefthand": {
			"translation": [5, 5, 0]
		},
		"ground": {
			"translation": [0, 5.5, 0],
			"scale": [0.7, 0.7, 0.7]
		},
		"gui": {
			"rotation": [90, 180, 0],
			"translation": [-0.75, 1.75, 0]
		},
		"head": {
			"translation": [0, 12.25, 0],
			"scale": [0.7, 0.7, 0.7]
		},
		"fixed": {
			"rotation": [-90, 0, 0],
			"translation": [1.5, 1.5, -6.75]
		}
	},
	"groups": [
		{
			"name": "hat",
			"origin": [8, 8, 8],
			"color": 0,
			"children": [
				{
					"name": "white",
					"origin": [8, 8, 8],
					"color": 0,
					"children": [0, 1, 2, 3, 4, 5, 6]
				},
				{
					"name": "yellow",
					"origin": [8, 8, 8],
					"color": 0,
					"children": [7, 8, 9, 10]
				}
			]
		}
	]
}
