{
	"credit": "Made with Blockbench",
	"texture_size": [32, 32],
	"textures": {
		"0": "item/pupizza",
		"particle": "item/pupizza"
	},
	"elements": [
		{
			"from": [0, 0, 0],
			"to": [2, 2, 16],
			"faces": {
				"north": {"uv": [2, 9, 3, 10], "texture": "#0"},
				"east": {"uv": [0, 0, 8, 1], "texture": "#0"},
				"south": {"uv": [3, 9, 4, 10], "texture": "#0"},
				"west": {"uv": [0, 1, 8, 2], "texture": "#0"},
				"up": {"uv": [1, 10, 0, 2], "texture": "#0"},
				"down": {"uv": [2, 2, 1, 10], "texture": "#0"}
			}
		},
		{
			"from": [2, 0, 1],
			"to": [4, 1, 15],
			"rotation": {"angle": 0, "axis": "y", "origin": [2, 0, 0]},
			"faces": {
				"north": {"uv": [8, 9, 9, 9.5], "texture": "#0"},
				"east": {"uv": [8, 0, 15, 0.5], "texture": "#0"},
				"south": {"uv": [9, 8, 10, 8.5], "texture": "#0"},
				"west": {"uv": [8, 0.5, 15, 1], "texture": "#0"},
				"up": {"uv": [3, 9, 2, 2], "texture": "#0"},
				"down": {"uv": [4, 2, 3, 9], "texture": "#0"}
			}
		},
		{
			"from": [4, 0, 2],
			"to": [6, 1, 14],
			"rotation": {"angle": 0, "axis": "y", "origin": [4, 0, 0]},
			"faces": {
				"north": {"uv": [9, 8.5, 10, 9], "texture": "#0"},
				"east": {"uv": [8, 1, 14, 1.5], "texture": "#0"},
				"south": {"uv": [9, 9, 10, 9.5], "texture": "#0"},
				"west": {"uv": [8, 1.5, 14, 2], "texture": "#0"},
				"up": {"uv": [5, 8, 4, 2], "texture": "#0"},
				"down": {"uv": [6, 2, 5, 8], "texture": "#0"}
			}
		},
		{
			"from": [6, 0, 3],
			"to": [8, 1, 13],
			"rotation": {"angle": 0, "axis": "y", "origin": [6, 0, 0]},
			"faces": {
				"north": {"uv": [8, 9.5, 9, 10], "texture": "#0"},
				"east": {"uv": [8, 5, 13, 5.5], "texture": "#0"},
				"south": {"uv": [9, 9.5, 10, 10], "texture": "#0"},
				"west": {"uv": [8, 5.5, 13, 6], "texture": "#0"},
				"up": {"uv": [7, 7, 6, 2], "texture": "#0"},
				"down": {"uv": [8, 2, 7, 7], "texture": "#0"}
			}
		},
		{
			"from": [8, 0, 4],
			"to": [10, 1, 12],
			"rotation": {"angle": 0, "axis": "y", "origin": [8, 0, 0]},
			"faces": {
				"north": {"uv": [0, 10, 1, 10.5], "texture": "#0"},
				"east": {"uv": [8, 6, 12, 6.5], "texture": "#0"},
				"south": {"uv": [1, 10, 2, 10.5], "texture": "#0"},
				"west": {"uv": [8, 6.5, 12, 7], "texture": "#0"},
				"up": {"uv": [7, 11, 6, 7], "texture": "#0"},
				"down": {"uv": [8, 7, 7, 11], "texture": "#0"}
			}
		},
		{
			"from": [10, 0, 5],
			"to": [12, 1, 11],
			"rotation": {"angle": 0, "axis": "y", "origin": [10, 0, 0]},
			"faces": {
				"north": {"uv": [2, 10, 3, 10.5], "texture": "#0"},
				"east": {"uv": [9, 2, 12, 2.5], "texture": "#0"},
				"south": {"uv": [3, 10, 4, 10.5], "texture": "#0"},
				"west": {"uv": [9, 2.5, 12, 3], "texture": "#0"},
				"up": {"uv": [9, 5, 8, 2], "texture": "#0"},
				"down": {"uv": [5, 8, 4, 11], "texture": "#0"}
			}
		},
		{
			"from": [12, 0, 6],
			"to": [14, 1, 10],
			"rotation": {"angle": 0, "axis": "y", "origin": [12, 0, 0]},
			"faces": {
				"north": {"uv": [10, 4, 11, 4.5], "texture": "#0"},
				"east": {"uv": [9, 3, 11, 3.5], "texture": "#0"},
				"south": {"uv": [10, 4.5, 11, 5], "texture": "#0"},
				"west": {"uv": [9, 3.5, 11, 4], "texture": "#0"},
				"up": {"uv": [6, 10, 5, 8], "texture": "#0"},
				"down": {"uv": [9, 7, 8, 9], "texture": "#0"}
			}
		},
		{
			"from": [13.7, 0, 7],
			"to": [15.7, 1, 9],
			"rotation": {"angle": -22.5, "axis": "z", "origin": [14, 0, 0]},
			"faces": {
				"north": {"uv": [5, 10, 6, 10.5], "texture": "#0"},
				"east": {"uv": [10, 7, 11, 7.5], "texture": "#0"},
				"south": {"uv": [10, 7.5, 11, 8], "texture": "#0"},
				"west": {"uv": [8, 10, 9, 10.5], "texture": "#0"},
				"up": {"uv": [10, 5, 9, 4], "texture": "#0"},
				"down": {"uv": [10, 7, 9, 8], "texture": "#0"}
			}
		},
		{
			"from": [15, -1.3, 7.5],
			"to": [16, 0.2, 8.5],
			"rotation": {"angle": 22.5, "axis": "z", "origin": [16, 0, 1]},
			"faces": {
				"north": {"uv": [10, 8, 10.5, 9], "texture": "#0"},
				"east": {"uv": [9, 10, 9.5, 11], "texture": "#0"},
				"south": {"uv": [10, 9, 10.5, 10], "texture": "#0"},
				"west": {"uv": [9.5, 10, 10, 11], "texture": "#0"},
				"up": {"uv": [10.5, 10.5, 10, 10], "texture": "#0"},
				"down": {"uv": [0.5, 10.5, 0, 11], "texture": "#0"}
			}
		}
	],
	"display": {
		"thirdperson_righthand": {
			"translation": [0, 3.25, 0],
			"scale": [0.5, 0.5, 0.5]
		},
		"thirdperson_lefthand": {
			"translation": [0, 3.25, 0],
			"scale": [0.5, 0.5, 0.5]
		},
		"firstperson_righthand": {
			"translation": [3, 3.5, 0]
		},
		"firstperson_lefthand": {
			"translation": [3, 3.5, 0]
		},
		"ground": {
			"translation": [0, 3.5, 0],
			"scale": [0.8, 0.8, 0.8]
		},
		"gui": {
			"rotation": [77, -145, 0],
			"translation": [-1.25, -1.25, 0],
			"scale": [0.9, 0.9, 0.9]
		},
		"head": {
			"rotation": [0, 20, 0],
			"translation": [2.25, 12, 0],
			"scale": [0.7, 0.7, 0.7]
		},
		"fixed": {
			"rotation": [-90, 44, 0],
			"translation": [2, -2.25, -7.75]
		}
	},
	"groups": [
		{
			"name": "hat",
			"origin": [8, 8, 8],
			"color": 0,
			"children": [0, 1, 2, 3, 4, 5, 6, 7, 8]
		}
	]
}
