{
	"credit": "Made with Blockbench",
	"texture_size": [64, 64],
	"textures": {
		"0": "item/puturkey",
		"particle": "item/puturkey"
	},
	"elements": [
		{
			"from": [2, 0, 0],
			"to": [14, 2, 1],
			"rotation": {"angle": 0, "axis": "y", "origin": [1, 0, 0]},
			"faces": {
				"north": {"uv": [3, 3, 6, 3.5], "texture": "#0"},
				"east": {"uv": [12.25, 8.25, 12.5, 8.75], "texture": "#0"},
				"south": {"uv": [0, 3.5, 3, 4], "texture": "#0"},
				"west": {"uv": [11.75, 12.25, 12, 12.75], "texture": "#0"},
				"up": {"uv": [9.5, 5.75, 6.5, 5.5], "texture": "#0"},
				"down": {"uv": [9.5, 5.75, 6.5, 6], "texture": "#0"}
			}
		},
		{
			"from": [3, 2, 15],
			"to": [13, 3, 16],
			"rotation": {"angle": 0, "axis": "y", "origin": [1, 2, 15]},
			"faces": {
				"north": {"uv": [8.5, 7, 11, 7.25], "texture": "#0"},
				"east": {"uv": [12, 12.5, 12.25, 12.75], "texture": "#0"},
				"south": {"uv": [8.5, 7.25, 11, 7.5], "texture": "#0"},
				"west": {"uv": [12.5, 12, 12.75, 12.25], "texture": "#0"},
				"up": {"uv": [11, 7.75, 8.5, 7.5], "texture": "#0"},
				"down": {"uv": [11, 7.75, 8.5, 8], "texture": "#0"}
			}
		},
		{
			"from": [2, 2, 14],
			"to": [14, 3, 15],
			"rotation": {"angle": 0, "axis": "y", "origin": [1, 2, 14]},
			"faces": {
				"north": {"uv": [6.5, 6, 9.5, 6.25], "texture": "#0"},
				"east": {"uv": [12.25, 12.5, 12.5, 12.75], "texture": "#0"},
				"south": {"uv": [6.5, 6.25, 9.5, 6.5], "texture": "#0"},
				"west": {"uv": [12.5, 12.25, 12.75, 12.5], "texture": "#0"},
				"up": {"uv": [9.5, 6.75, 6.5, 6.5], "texture": "#0"},
				"down": {"uv": [9.5, 6.75, 6.5, 7], "texture": "#0"}
			}
		},
		{
			"from": [2, 2, 1],
			"to": [14, 3, 2],
			"rotation": {"angle": 0, "axis": "y", "origin": [1, 2, 1]},
			"faces": {
				"north": {"uv": [7, 0, 10, 0.25], "texture": "#0"},
				"east": {"uv": [12.5, 12.5, 12.75, 12.75], "texture": "#0"},
				"south": {"uv": [7, 0.25, 10, 0.5], "texture": "#0"},
				"west": {"uv": [0, 12.75, 0.25, 13], "texture": "#0"},
				"up": {"uv": [10, 0.75, 7, 0.5], "texture": "#0"},
				"down": {"uv": [10, 0.75, 7, 1], "texture": "#0"}
			}
		},
		{
			"from": [3, 3, 1],
			"to": [13, 4, 3],
			"rotation": {"angle": 0, "axis": "y", "origin": [1, 3, 1]},
			"faces": {
				"north": {"uv": [8.5, 8, 11, 8.25], "texture": "#0"},
				"east": {"uv": [7.5, 9.5, 8, 9.75], "texture": "#0"},
				"south": {"uv": [8.5, 8.25, 11, 8.5], "texture": "#0"},
				"west": {"uv": [12.25, 4.75, 12.75, 5], "texture": "#0"},
				"up": {"uv": [6.5, 5.5, 4, 5], "texture": "#0"},
				"down": {"uv": [2.5, 5.5, 0, 6], "texture": "#0"}
			}
		},
		{
			"from": [3, 3, 13],
			"to": [13, 4, 15],
			"rotation": {"angle": 0, "axis": "y", "origin": [1, 3, 13]},
			"faces": {
				"north": {"uv": [8.5, 8.5, 11, 8.75], "texture": "#0"},
				"east": {"uv": [12, 12.25, 12.5, 12.5], "texture": "#0"},
				"south": {"uv": [8.5, 8.75, 11, 9], "texture": "#0"},
				"west": {"uv": [12.5, 0, 13, 0.25], "texture": "#0"},
				"up": {"uv": [6.5, 6, 4, 5.5], "texture": "#0"},
				"down": {"uv": [2.5, 6, 0, 6.5], "texture": "#0"}
			}
		},
		{
			"from": [5, 3, 0],
			"to": [11, 4, 1],
			"rotation": {"angle": 0, "axis": "y", "origin": [1, 3, 0]},
			"faces": {
				"north": {"uv": [10, 9.75, 11.5, 10], "texture": "#0"},
				"east": {"uv": [0.25, 12.75, 0.5, 13], "texture": "#0"},
				"south": {"uv": [10.75, 2.5, 12.25, 2.75], "texture": "#0"},
				"west": {"uv": [12.75, 0.25, 13, 0.5], "texture": "#0"},
				"up": {"uv": [12.25, 3, 10.75, 2.75], "texture": "#0"},
				"down": {"uv": [12.25, 3, 10.75, 3.25], "texture": "#0"}
			}
		},
		{
			"from": [5, 4, 1],
			"to": [11, 5, 15],
			"rotation": {"angle": 0, "axis": "y", "origin": [1, 4, 1]},
			"faces": {
				"north": {"uv": [10.75, 3.25, 12.25, 3.5], "texture": "#0"},
				"east": {"uv": [6.5, 2.5, 10, 2.75], "texture": "#0"},
				"south": {"uv": [10.75, 3.5, 12.25, 3.75], "texture": "#0"},
				"west": {"uv": [6.5, 2.75, 10, 3], "texture": "#0"},
				"up": {"uv": [1.5, 3.5, 0, 0], "texture": "#0"},
				"down": {"uv": [3, 0, 1.5, 3.5], "texture": "#0"}
			}
		},
		{
			"from": [3, 2, 0],
			"to": [13, 3, 1],
			"rotation": {"angle": 0, "axis": "y", "origin": [1, 2, 0]},
			"faces": {
				"north": {"uv": [8.5, 9, 11, 9.25], "texture": "#0"},
				"east": {"uv": [12.75, 0.5, 13, 0.75], "texture": "#0"},
				"south": {"uv": [8.5, 9.25, 11, 9.5], "texture": "#0"},
				"west": {"uv": [12.75, 0.75, 13, 1], "texture": "#0"},
				"up": {"uv": [12, 5.75, 9.5, 5.5], "texture": "#0"},
				"down": {"uv": [12, 5.75, 9.5, 6], "texture": "#0"}
			}
		},
		{
			"from": [5, 3, 15],
			"to": [11, 4, 16],
			"rotation": {"angle": 0, "axis": "y", "origin": [1, 3, 15]},
			"faces": {
				"north": {"uv": [10.75, 3.75, 12.25, 4], "texture": "#0"},
				"east": {"uv": [12.75, 1, 13, 1.25], "texture": "#0"},
				"south": {"uv": [10.75, 10.25, 12.25, 10.5], "texture": "#0"},
				"west": {"uv": [12.75, 2.25, 13, 2.5], "texture": "#0"},
				"up": {"uv": [12.25, 10.75, 10.75, 10.5], "texture": "#0"},
				"down": {"uv": [12.25, 10.75, 10.75, 11], "texture": "#0"}
			}
		},
		{
			"from": [2, 0, 15],
			"to": [14, 2, 16],
			"rotation": {"angle": 0, "axis": "y", "origin": [1, 0, 15]},
			"faces": {
				"north": {"uv": [3, 3.5, 6, 4], "texture": "#0"},
				"east": {"uv": [12.5, 0.25, 12.75, 0.75], "texture": "#0"},
				"south": {"uv": [0, 4, 3, 4.5], "texture": "#0"},
				"west": {"uv": [12.5, 0.75, 12.75, 1.25], "texture": "#0"},
				"up": {"uv": [10, 1.25, 7, 1], "texture": "#0"},
				"down": {"uv": [10, 1.25, 7, 1.5], "texture": "#0"}
			}
		},
		{
			"from": [0, 0, 2],
			"to": [1, 2, 14],
			"rotation": {"angle": 0, "axis": "y", "origin": [-1, 0, 13]},
			"faces": {
				"north": {"uv": [1, 12.5, 1.25, 13], "texture": "#0"},
				"east": {"uv": [3, 4, 6, 4.5], "texture": "#0"},
				"south": {"uv": [1.25, 12.5, 1.5, 13], "texture": "#0"},
				"west": {"uv": [0, 4.5, 3, 5], "texture": "#0"},
				"up": {"uv": [6.75, 10, 6.5, 7], "texture": "#0"},
				"down": {"uv": [7, 7, 6.75, 10], "texture": "#0"}
			}
		},
		{
			"from": [0, 2, 3],
			"to": [1, 3, 13],
			"rotation": {"angle": 0, "axis": "y", "origin": [-1, 2, 13]},
			"faces": {
				"north": {"uv": [12.75, 2.5, 13, 2.75], "texture": "#0"},
				"east": {"uv": [9.5, 6, 12, 6.25], "texture": "#0"},
				"south": {"uv": [12.75, 2.75, 13, 3], "texture": "#0"},
				"west": {"uv": [9.5, 6.25, 12, 6.5], "texture": "#0"},
				"up": {"uv": [5.25, 11, 5, 8.5], "texture": "#0"},
				"down": {"uv": [5.5, 8.5, 5.25, 11], "texture": "#0"}
			}
		},
		{
			"from": [0, 3, 5],
			"to": [1, 4, 11],
			"rotation": {"angle": 0, "axis": "y", "origin": [-1, 3, 13]},
			"faces": {
				"north": {"uv": [12.75, 3, 13, 3.25], "texture": "#0"},
				"east": {"uv": [5, 11, 6.5, 11.25], "texture": "#0"},
				"south": {"uv": [12.75, 3.25, 13, 3.5], "texture": "#0"},
				"west": {"uv": [11, 7, 12.5, 7.25], "texture": "#0"},
				"up": {"uv": [4, 12.25, 3.75, 10.75], "texture": "#0"},
				"down": {"uv": [11.25, 7.25, 11, 8.75], "texture": "#0"}
			}
		},
		{
			"from": [1, 4, 5],
			"to": [15, 5, 11],
			"rotation": {"angle": 0, "axis": "y", "origin": [0, 4, 13]},
			"faces": {
				"north": {"uv": [6.5, 5, 10, 5.25], "texture": "#0"},
				"east": {"uv": [11, 8.75, 12.5, 9], "texture": "#0"},
				"south": {"uv": [6.5, 5.25, 10, 5.5], "texture": "#0"},
				"west": {"uv": [11, 9, 12.5, 9.25], "texture": "#0"},
				"up": {"uv": [6.5, 1.5, 3, 0], "texture": "#0"},
				"down": {"uv": [6.5, 1.5, 3, 3], "texture": "#0"}
			}
		},
		{
			"from": [2, 4, 4],
			"to": [14, 5, 5],
			"rotation": {"angle": 0, "axis": "y", "origin": [0, 4, 7]},
			"faces": {
				"north": {"uv": [7, 1.5, 10, 1.75], "texture": "#0"},
				"east": {"uv": [12.75, 3.5, 13, 3.75], "texture": "#0"},
				"south": {"uv": [7, 1.75, 10, 2], "texture": "#0"},
				"west": {"uv": [12.75, 3.75, 13, 4], "texture": "#0"},
				"up": {"uv": [10, 2.25, 7, 2], "texture": "#0"},
				"down": {"uv": [10, 2.25, 7, 2.5], "texture": "#0"}
			}
		},
		{
			"from": [4, 4, 2],
			"to": [12, 5, 3],
			"rotation": {"angle": 0, "axis": "y", "origin": [0, 4, 6]},
			"faces": {
				"north": {"uv": [10, 4, 12, 4.25], "texture": "#0"},
				"east": {"uv": [12.75, 4, 13, 4.25], "texture": "#0"},
				"south": {"uv": [10, 4.25, 12, 4.5], "texture": "#0"},
				"west": {"uv": [12.75, 4.25, 13, 4.5], "texture": "#0"},
				"up": {"uv": [12, 4.75, 10, 4.5], "texture": "#0"},
				"down": {"uv": [12, 4.75, 10, 5], "texture": "#0"}
			}
		},
		{
			"from": [4, 4, 13],
			"to": [12, 5, 14],
			"rotation": {"angle": 0, "axis": "y", "origin": [0, 4, 17]},
			"faces": {
				"north": {"uv": [10, 5, 12, 5.25], "texture": "#0"},
				"east": {"uv": [12.75, 4.5, 13, 4.75], "texture": "#0"},
				"south": {"uv": [10, 5.25, 12, 5.5], "texture": "#0"},
				"west": {"uv": [12.75, 4.75, 13, 5], "texture": "#0"},
				"up": {"uv": [9.5, 10.25, 7.5, 10], "texture": "#0"},
				"down": {"uv": [11.5, 10, 9.5, 10.25], "texture": "#0"}
			}
		},
		{
			"from": [3, 4, 3],
			"to": [13, 5, 4],
			"rotation": {"angle": 0, "axis": "y", "origin": [0, 4, 7]},
			"faces": {
				"north": {"uv": [9.5, 6.5, 12, 6.75], "texture": "#0"},
				"east": {"uv": [12.75, 5, 13, 5.25], "texture": "#0"},
				"south": {"uv": [9.5, 6.75, 12, 7], "texture": "#0"},
				"west": {"uv": [12.75, 5.25, 13, 5.5], "texture": "#0"},
				"up": {"uv": [11, 9.75, 8.5, 9.5], "texture": "#0"},
				"down": {"uv": [10, 9.75, 7.5, 10], "texture": "#0"}
			}
		},
		{
			"from": [3, 4, 12],
			"to": [13, 5, 13],
			"rotation": {"angle": 0, "axis": "y", "origin": [0, 4, 16]},
			"faces": {
				"north": {"uv": [10, 0, 12.5, 0.25], "texture": "#0"},
				"east": {"uv": [12.75, 5.5, 13, 5.75], "texture": "#0"},
				"south": {"uv": [10, 0.25, 12.5, 0.5], "texture": "#0"},
				"west": {"uv": [12.75, 5.75, 13, 6], "texture": "#0"},
				"up": {"uv": [12.5, 0.75, 10, 0.5], "texture": "#0"},
				"down": {"uv": [12.5, 0.75, 10, 1], "texture": "#0"}
			}
		},
		{
			"from": [2, 4, 11],
			"to": [14, 5, 12],
			"rotation": {"angle": 0, "axis": "y", "origin": [0, 4, 14]},
			"faces": {
				"north": {"uv": [7, 3, 10, 3.25], "texture": "#0"},
				"east": {"uv": [12.75, 6, 13, 6.25], "texture": "#0"},
				"south": {"uv": [7, 3.25, 10, 3.5], "texture": "#0"},
				"west": {"uv": [12.75, 6.25, 13, 6.5], "texture": "#0"},
				"up": {"uv": [10, 3.75, 7, 3.5], "texture": "#0"},
				"down": {"uv": [10, 3.75, 7, 4], "texture": "#0"}
			}
		},
		{
			"from": [15, 2, 3],
			"to": [16, 3, 13],
			"rotation": {"angle": 0, "axis": "y", "origin": [14, 2, 13]},
			"faces": {
				"north": {"uv": [6.75, 12.75, 7, 13], "texture": "#0"},
				"east": {"uv": [10, 1, 12.5, 1.25], "texture": "#0"},
				"south": {"uv": [7, 12.75, 7.25, 13], "texture": "#0"},
				"west": {"uv": [10, 1.25, 12.5, 1.5], "texture": "#0"},
				"up": {"uv": [5.75, 11, 5.5, 8.5], "texture": "#0"},
				"down": {"uv": [6, 8.5, 5.75, 11], "texture": "#0"}
			}
		},
		{
			"from": [14, 2, 2],
			"to": [15, 3, 14],
			"rotation": {"angle": 0, "axis": "y", "origin": [13, 2, 13]},
			"faces": {
				"north": {"uv": [7.25, 12.75, 7.5, 13], "texture": "#0"},
				"east": {"uv": [7, 4, 10, 4.25], "texture": "#0"},
				"south": {"uv": [7.5, 12.75, 7.75, 13], "texture": "#0"},
				"west": {"uv": [7, 4.25, 10, 4.5], "texture": "#0"},
				"up": {"uv": [7.25, 10, 7, 7], "texture": "#0"},
				"down": {"uv": [7.5, 7, 7.25, 10], "texture": "#0"}
			}
		},
		{
			"from": [1, 2, 2],
			"to": [2, 3, 14],
			"rotation": {"angle": 0, "axis": "y", "origin": [0, 2, 13]},
			"faces": {
				"north": {"uv": [12.75, 7.5, 13, 7.75], "texture": "#0"},
				"east": {"uv": [7, 4.5, 10, 4.75], "texture": "#0"},
				"south": {"uv": [12.75, 7.75, 13, 8], "texture": "#0"},
				"west": {"uv": [7, 4.75, 10, 5], "texture": "#0"},
				"up": {"uv": [0.75, 10.5, 0.5, 7.5], "texture": "#0"},
				"down": {"uv": [1, 7.5, 0.75, 10.5], "texture": "#0"}
			}
		},
		{
			"from": [1, 3, 3],
			"to": [3, 4, 13],
			"rotation": {"angle": 0, "axis": "y", "origin": [0, 3, 13]},
			"faces": {
				"north": {"uv": [12.5, 1.25, 13, 1.5], "texture": "#0"},
				"east": {"uv": [10, 1.5, 12.5, 1.75], "texture": "#0"},
				"south": {"uv": [12.5, 1.5, 13, 1.75], "texture": "#0"},
				"west": {"uv": [10, 1.75, 12.5, 2], "texture": "#0"},
				"up": {"uv": [3, 8, 2.5, 5.5], "texture": "#0"},
				"down": {"uv": [4.5, 6, 4, 8.5], "texture": "#0"}
			}
		},
		{
			"from": [13, 3, 3],
			"to": [15, 4, 13],
			"rotation": {"angle": 0, "axis": "y", "origin": [12, 3, 13]},
			"faces": {
				"north": {"uv": [12.5, 1.75, 13, 2], "texture": "#0"},
				"east": {"uv": [10, 2, 12.5, 2.25], "texture": "#0"},
				"south": {"uv": [12.5, 2, 13, 2.25], "texture": "#0"},
				"west": {"uv": [10, 2.25, 12.5, 2.5], "texture": "#0"},
				"up": {"uv": [5, 8.5, 4.5, 6], "texture": "#0"},
				"down": {"uv": [5.5, 6, 5, 8.5], "texture": "#0"}
			}
		},
		{
			"from": [15, 3, 5],
			"to": [16, 4, 11],
			"rotation": {"angle": 0, "axis": "y", "origin": [14, 3, 13]},
			"faces": {
				"north": {"uv": [12.75, 8, 13, 8.25], "texture": "#0"},
				"east": {"uv": [11, 9.25, 12.5, 9.5], "texture": "#0"},
				"south": {"uv": [8.25, 12.75, 8.5, 13], "texture": "#0"},
				"west": {"uv": [11, 9.5, 12.5, 9.75], "texture": "#0"},
				"up": {"uv": [11, 12.5, 10.75, 11], "texture": "#0"},
				"down": {"uv": [11.25, 11, 11, 12.5], "texture": "#0"}
			}
		},
		{
			"from": [15, 0, 2],
			"to": [16, 2, 14],
			"rotation": {"angle": 0, "axis": "y", "origin": [14, 0, 13]},
			"faces": {
				"north": {"uv": [1.5, 12.5, 1.75, 13], "texture": "#0"},
				"east": {"uv": [3, 4.5, 6, 5], "texture": "#0"},
				"south": {"uv": [12.5, 2.25, 12.75, 2.75], "texture": "#0"},
				"west": {"uv": [0, 5, 3, 5.5], "texture": "#0"},
				"up": {"uv": [1.25, 10.5, 1, 7.5], "texture": "#0"},
				"down": {"uv": [1.5, 7.5, 1.25, 10.5], "texture": "#0"}
			}
		},
		{
			"from": [1, 0, 14],
			"to": [2, 2, 15],
			"rotation": {"angle": 0, "axis": "y", "origin": [0, 0, 12]},
			"faces": {
				"north": {"uv": [12.5, 2.75, 12.75, 3.25], "texture": "#0"},
				"east": {"uv": [12.5, 3.25, 12.75, 3.75], "texture": "#0"},
				"south": {"uv": [3.5, 12.5, 3.75, 13], "texture": "#0"},
				"west": {"uv": [12.5, 3.75, 12.75, 4.25], "texture": "#0"},
				"up": {"uv": [13, 8.5, 12.75, 8.25], "texture": "#0"},
				"down": {"uv": [8.75, 12.75, 8.5, 13], "texture": "#0"}
			}
		},
		{
			"from": [14, 0, 14],
			"to": [15, 2, 15],
			"rotation": {"angle": 0, "axis": "y", "origin": [13, 0, 12]},
			"faces": {
				"north": {"uv": [12.5, 4.25, 12.75, 4.75], "texture": "#0"},
				"east": {"uv": [4.75, 12.5, 5, 13], "texture": "#0"},
				"south": {"uv": [5, 12.5, 5.25, 13], "texture": "#0"},
				"west": {"uv": [12.5, 5, 12.75, 5.5], "texture": "#0"},
				"up": {"uv": [9, 13, 8.75, 12.75], "texture": "#0"},
				"down": {"uv": [9.25, 12.75, 9, 13], "texture": "#0"}
			}
		},
		{
			"from": [14, 0, 1],
			"to": [15, 2, 2],
			"rotation": {"angle": 0, "axis": "y", "origin": [13, 0, -1]},
			"faces": {
				"north": {"uv": [5.25, 12.5, 5.5, 13], "texture": "#0"},
				"east": {"uv": [5.5, 12.5, 5.75, 13], "texture": "#0"},
				"south": {"uv": [12.5, 5.5, 12.75, 6], "texture": "#0"},
				"west": {"uv": [5.75, 12.5, 6, 13], "texture": "#0"},
				"up": {"uv": [13, 9.25, 12.75, 9], "texture": "#0"},
				"down": {"uv": [9.5, 12.75, 9.25, 13], "texture": "#0"}
			}
		},
		{
			"from": [1, 0, 1],
			"to": [2, 2, 2],
			"rotation": {"angle": 0, "axis": "y", "origin": [0, 0, -1]},
			"faces": {
				"north": {"uv": [6, 12.5, 6.25, 13], "texture": "#0"},
				"east": {"uv": [12.5, 6, 12.75, 6.5], "texture": "#0"},
				"south": {"uv": [6.25, 12.5, 6.5, 13], "texture": "#0"},
				"west": {"uv": [6.5, 12.5, 6.75, 13], "texture": "#0"},
				"up": {"uv": [13, 9.5, 12.75, 9.25], "texture": "#0"},
				"down": {"uv": [10, 12.75, 9.75, 13], "texture": "#0"}
			}
		},
		{
			"from": [2, 3, 2],
			"to": [3, 4, 3],
			"rotation": {"angle": 0, "axis": "y", "origin": [1, 2, 0]},
			"faces": {
				"north": {"uv": [10, 12.75, 10.25, 13], "texture": "#0"},
				"east": {"uv": [10.5, 12.75, 10.75, 13], "texture": "#0"},
				"south": {"uv": [11, 12.75, 11.25, 13], "texture": "#0"},
				"west": {"uv": [12.75, 11.25, 13, 11.5], "texture": "#0"},
				"up": {"uv": [13, 11.75, 12.75, 11.5], "texture": "#0"},
				"down": {"uv": [12, 12.75, 11.75, 13], "texture": "#0"}
			}
		},
		{
			"from": [13, 3, 2],
			"to": [14, 4, 3],
			"rotation": {"angle": 0, "axis": "y", "origin": [12, 2, 0]},
			"faces": {
				"north": {"uv": [12.75, 11.75, 13, 12], "texture": "#0"},
				"east": {"uv": [12, 12.75, 12.25, 13], "texture": "#0"},
				"south": {"uv": [12.75, 12, 13, 12.25], "texture": "#0"},
				"west": {"uv": [12.25, 12.75, 12.5, 13], "texture": "#0"},
				"up": {"uv": [13, 12.5, 12.75, 12.25], "texture": "#0"},
				"down": {"uv": [12.75, 12.75, 12.5, 13], "texture": "#0"}
			}
		},
		{
			"from": [13, 3, 13],
			"to": [14, 4, 14],
			"rotation": {"angle": 0, "axis": "y", "origin": [12, 2, 11]},
			"faces": {
				"north": {"uv": [12.75, 12.5, 13, 12.75], "texture": "#0"},
				"east": {"uv": [12.75, 12.75, 13, 13], "texture": "#0"},
				"south": {"uv": [0, 13, 0.25, 13.25], "texture": "#0"},
				"west": {"uv": [13, 0, 13.25, 0.25], "texture": "#0"},
				"up": {"uv": [0.5, 13.25, 0.25, 13], "texture": "#0"},
				"down": {"uv": [13.25, 0.25, 13, 0.5], "texture": "#0"}
			}
		},
		{
			"from": [2, 3, 13],
			"to": [3, 4, 14],
			"rotation": {"angle": 0, "axis": "y", "origin": [1, 2, 11]},
			"faces": {
				"north": {"uv": [0.5, 13, 0.75, 13.25], "texture": "#0"},
				"east": {"uv": [13, 0.5, 13.25, 0.75], "texture": "#0"},
				"south": {"uv": [0.75, 13, 1, 13.25], "texture": "#0"},
				"west": {"uv": [13, 0.75, 13.25, 1], "texture": "#0"},
				"up": {"uv": [1.25, 13.25, 1, 13], "texture": "#0"},
				"down": {"uv": [13.25, 1, 13, 1.25], "texture": "#0"}
			}
		},
		{
			"from": [7, 2, 16],
			"to": [9, 14, 17],
			"rotation": {"angle": 0, "axis": "x", "origin": [7, 2, 15]},
			"faces": {
				"north": {"uv": [3, 5, 3.5, 8], "texture": "#0"},
				"east": {"uv": [1.5, 7.5, 1.75, 10.5], "texture": "#0"},
				"south": {"uv": [3.5, 5, 4, 8], "texture": "#0"},
				"west": {"uv": [1.75, 7.5, 2, 10.5], "texture": "#0"},
				"up": {"uv": [13, 6.75, 12.5, 6.5], "texture": "#0"},
				"down": {"uv": [7.25, 12.5, 6.75, 12.75], "texture": "#0"}
			}
		},
		{
			"from": [9, 3, 16],
			"to": [10, 14, 17],
			"rotation": {"angle": 0, "axis": "x", "origin": [9, 2, 15]},
			"faces": {
				"north": {"uv": [3.5, 8, 3.75, 10.75], "texture": "#0"},
				"east": {"uv": [3.75, 8, 4, 10.75], "texture": "#0"},
				"south": {"uv": [8, 7, 8.25, 9.75], "texture": "#0"},
				"west": {"uv": [8.25, 7, 8.5, 9.75], "texture": "#0"},
				"up": {"uv": [1.5, 13.25, 1.25, 13], "texture": "#0"},
				"down": {"uv": [13.25, 1.25, 13, 1.5], "texture": "#0"}
			}
		},
		{
			"from": [10, 3, 16],
			"to": [12, 13, 17],
			"rotation": {"angle": 0, "axis": "x", "origin": [10, 2, 15]},
			"faces": {
				"north": {"uv": [5.5, 6, 6, 8.5], "texture": "#0"},
				"east": {"uv": [6, 8.5, 6.25, 11], "texture": "#0"},
				"south": {"uv": [6, 6, 6.5, 8.5], "texture": "#0"},
				"west": {"uv": [6.25, 8.5, 6.5, 11], "texture": "#0"},
				"up": {"uv": [13, 7, 12.5, 6.75], "texture": "#0"},
				"down": {"uv": [13, 7, 12.5, 7.25], "texture": "#0"}
			}
		},
		{
			"from": [4, 3, 16],
			"to": [6, 13, 17],
			"rotation": {"angle": 0, "axis": "x", "origin": [4, 2, 15]},
			"faces": {
				"north": {"uv": [0, 6.5, 0.5, 9], "texture": "#0"},
				"east": {"uv": [0, 9, 0.25, 11.5], "texture": "#0"},
				"south": {"uv": [6.5, 0, 7, 2.5], "texture": "#0"},
				"west": {"uv": [0.25, 9, 0.5, 11.5], "texture": "#0"},
				"up": {"uv": [7.75, 12.75, 7.25, 12.5], "texture": "#0"},
				"down": {"uv": [13, 7.25, 12.5, 7.5], "texture": "#0"}
			}
		},
		{
			"from": [12, 4, 16],
			"to": [13, 12, 17],
			"rotation": {"angle": 0, "axis": "x", "origin": [12, 2, 15]},
			"faces": {
				"north": {"uv": [6.5, 10, 6.75, 12], "texture": "#0"},
				"east": {"uv": [6.75, 10, 7, 12], "texture": "#0"},
				"south": {"uv": [7, 10, 7.25, 12], "texture": "#0"},
				"west": {"uv": [7.25, 10, 7.5, 12], "texture": "#0"},
				"up": {"uv": [11.25, 12.75, 11, 12.5], "texture": "#0"},
				"down": {"uv": [12.75, 11.25, 12.5, 11.5], "texture": "#0"}
			}
		},
		{
			"from": [3, 4, 16],
			"to": [4, 12, 17],
			"rotation": {"angle": 0, "axis": "x", "origin": [3, 2, 15]},
			"faces": {
				"north": {"uv": [2, 10.25, 2.25, 12.25], "texture": "#0"},
				"east": {"uv": [2.25, 10.25, 2.5, 12.25], "texture": "#0"},
				"south": {"uv": [2.5, 10.25, 2.75, 12.25], "texture": "#0"},
				"west": {"uv": [2.75, 10.25, 3, 12.25], "texture": "#0"},
				"up": {"uv": [1.75, 13.25, 1.5, 13], "texture": "#0"},
				"down": {"uv": [13.25, 1.5, 13, 1.75], "texture": "#0"}
			}
		},
		{
			"from": [13, 4, 16],
			"to": [14, 11, 17],
			"rotation": {"angle": 0, "axis": "x", "origin": [13, 2, 15]},
			"faces": {
				"north": {"uv": [0.5, 10.5, 0.75, 12.25], "texture": "#0"},
				"east": {"uv": [0.75, 10.5, 1, 12.25], "texture": "#0"},
				"south": {"uv": [1, 10.5, 1.25, 12.25], "texture": "#0"},
				"west": {"uv": [1.25, 10.5, 1.5, 12.25], "texture": "#0"},
				"up": {"uv": [2, 13.25, 1.75, 13], "texture": "#0"},
				"down": {"uv": [13.25, 1.75, 13, 2], "texture": "#0"}
			}
		},
		{
			"from": [2, 4, 16],
			"to": [3, 11, 17],
			"rotation": {"angle": 0, "axis": "x", "origin": [2, 2, 15]},
			"faces": {
				"north": {"uv": [1.5, 10.5, 1.75, 12.25], "texture": "#0"},
				"east": {"uv": [1.75, 10.5, 2, 12.25], "texture": "#0"},
				"south": {"uv": [10.5, 10.25, 10.75, 12], "texture": "#0"},
				"west": {"uv": [3.5, 10.75, 3.75, 12.5], "texture": "#0"},
				"up": {"uv": [2.25, 13.25, 2, 13], "texture": "#0"},
				"down": {"uv": [13.25, 2, 13, 2.25], "texture": "#0"}
			}
		},
		{
			"from": [14, 5, 16],
			"to": [15, 10, 17],
			"rotation": {"angle": 0, "axis": "x", "origin": [14, 2, 15]},
			"faces": {
				"north": {"uv": [9.5, 11.25, 9.75, 12.5], "texture": "#0"},
				"east": {"uv": [9.75, 11.25, 10, 12.5], "texture": "#0"},
				"south": {"uv": [10, 11.25, 10.25, 12.5], "texture": "#0"},
				"west": {"uv": [10.25, 11.25, 10.5, 12.5], "texture": "#0"},
				"up": {"uv": [2.5, 13.25, 2.25, 13], "texture": "#0"},
				"down": {"uv": [13.25, 2.25, 13, 2.5], "texture": "#0"}
			}
		},
		{
			"from": [1, 5, 16],
			"to": [2, 10, 17],
			"rotation": {"angle": 0, "axis": "x", "origin": [1, 2, 15]},
			"faces": {
				"north": {"uv": [11.25, 11, 11.5, 12.25], "texture": "#0"},
				"east": {"uv": [0, 11.5, 0.25, 12.75], "texture": "#0"},
				"south": {"uv": [0.25, 11.5, 0.5, 12.75], "texture": "#0"},
				"west": {"uv": [11.5, 11, 11.75, 12.25], "texture": "#0"},
				"up": {"uv": [2.75, 13.25, 2.5, 13], "texture": "#0"},
				"down": {"uv": [13.25, 2.5, 13, 2.75], "texture": "#0"}
			}
		},
		{
			"from": [15, 5, 16],
			"to": [16, 9, 17],
			"rotation": {"angle": 0, "axis": "x", "origin": [15, 2, 15]},
			"faces": {
				"north": {"uv": [11.75, 7.25, 12, 8.25], "texture": "#0"},
				"east": {"uv": [11.75, 11, 12, 12], "texture": "#0"},
				"south": {"uv": [3, 12, 3.25, 13], "texture": "#0"},
				"west": {"uv": [3.25, 12, 3.5, 13], "texture": "#0"},
				"up": {"uv": [3, 13.25, 2.75, 13], "texture": "#0"},
				"down": {"uv": [13.25, 2.75, 13, 3], "texture": "#0"}
			}
		},
		{
			"from": [0, 5, 16],
			"to": [1, 9, 17],
			"rotation": {"angle": 0, "axis": "x", "origin": [0, 2, 15]},
			"faces": {
				"north": {"uv": [4, 12, 4.25, 13], "texture": "#0"},
				"east": {"uv": [12, 4, 12.25, 5], "texture": "#0"},
				"south": {"uv": [4.25, 12, 4.5, 13], "texture": "#0"},
				"west": {"uv": [4.5, 12, 4.75, 13], "texture": "#0"},
				"up": {"uv": [3.25, 13.25, 3, 13], "texture": "#0"},
				"down": {"uv": [13.25, 3, 13, 3.25], "texture": "#0"}
			}
		},
		{
			"from": [6, 3, 16],
			"to": [7, 14, 17],
			"rotation": {"angle": 0, "axis": "x", "origin": [6, 2, 15]},
			"faces": {
				"north": {"uv": [4, 8.5, 4.25, 11.25], "texture": "#0"},
				"east": {"uv": [4.25, 8.5, 4.5, 11.25], "texture": "#0"},
				"south": {"uv": [4.5, 8.5, 4.75, 11.25], "texture": "#0"},
				"west": {"uv": [4.75, 8.5, 5, 11.25], "texture": "#0"},
				"up": {"uv": [3.5, 13.25, 3.25, 13], "texture": "#0"},
				"down": {"uv": [13.25, 3.25, 13, 3.5], "texture": "#0"}
			}
		},
		{
			"from": [7, 4, 0],
			"to": [9, 9.5, 2],
			"rotation": {"angle": 0, "axis": "y", "origin": [7, 4, 0]},
			"faces": {
				"north": {"uv": [2, 7.5, 2.5, 9], "texture": "#0"},
				"east": {"uv": [7.5, 7, 8, 8.5], "texture": "#0"},
				"south": {"uv": [2.5, 8, 3, 9.5], "texture": "#0"},
				"west": {"uv": [3, 8, 3.5, 9.5], "texture": "#0"},
				"up": {"uv": [2.5, 9.5, 2, 9], "texture": "#0"},
				"down": {"uv": [12, 9.75, 11.5, 10.25], "texture": "#0"}
			}
		},
		{
			"from": [7, 10, 2],
			"to": [9, 11.5, 2],
			"rotation": {"angle": 22.5, "axis": "x", "origin": [7, 10, 0]},
			"faces": {
				"north": {"uv": [11.75, 8.25, 12.25, 8.75], "texture": "#0"},
				"east": {"uv": [0, 0, 0, 0.5], "texture": "#0"},
				"south": {"uv": [4.75, 12, 5.25, 12.5], "texture": "#0"},
				"west": {"uv": [0, 0, 0, 0.5], "texture": "#0"},
				"up": {"uv": [0.5, 0, 0, 0], "texture": "#0"},
				"down": {"uv": [0.5, 0, 0, 0], "texture": "#0"}
			}
		},
		{
			"from": [6.5, 6, -1],
			"to": [9.5, 8, 0],
			"rotation": {"angle": 0, "axis": "y", "origin": [7, 6, -2]},
			"faces": {
				"north": {"uv": [2, 9.5, 2.75, 10.25], "texture": "#0"},
				"east": {"uv": [9.25, 12, 9.5, 12.75], "texture": "#0"},
				"south": {"uv": [2.75, 9.5, 3.5, 10.25], "texture": "#0"},
				"west": {"uv": [10.5, 12, 10.75, 12.75], "texture": "#0"},
				"up": {"uv": [12.75, 11.75, 12, 11.5], "texture": "#0"},
				"down": {"uv": [12.5, 12, 11.75, 12.25], "texture": "#0"}
			}
		},
		{
			"from": [6.5, 6, 2],
			"to": [9.5, 9, 3],
			"rotation": {"angle": 0, "axis": "y", "origin": [7, 6, 1]},
			"faces": {
				"north": {"uv": [10, 2.5, 10.75, 3.25], "texture": "#0"},
				"east": {"uv": [0.5, 12.25, 0.75, 13], "texture": "#0"},
				"south": {"uv": [10, 3.25, 10.75, 4], "texture": "#0"},
				"west": {"uv": [0.75, 12.25, 1, 13], "texture": "#0"},
				"up": {"uv": [12.75, 12, 12, 11.75], "texture": "#0"},
				"down": {"uv": [1.75, 12.25, 1, 12.5], "texture": "#0"}
			}
		},
		{
			"from": [9, 6, 0],
			"to": [10, 9, 2],
			"rotation": {"angle": 0, "axis": "y", "origin": [8, 6, 0]},
			"faces": {
				"north": {"uv": [1.75, 12.25, 2, 13], "texture": "#0"},
				"east": {"uv": [3, 11.25, 3.5, 12], "texture": "#0"},
				"south": {"uv": [2, 12.25, 2.25, 13], "texture": "#0"},
				"west": {"uv": [4, 11.25, 4.5, 12], "texture": "#0"},
				"up": {"uv": [12.75, 8, 12.5, 7.5], "texture": "#0"},
				"down": {"uv": [8, 12.5, 7.75, 13], "texture": "#0"}
			}
		},
		{
			"from": [6, 6, 0],
			"to": [7, 9, 2],
			"rotation": {"angle": 0, "axis": "y", "origin": [5, 6, 0]},
			"faces": {
				"north": {"uv": [2.25, 12.25, 2.5, 13], "texture": "#0"},
				"east": {"uv": [4.5, 11.25, 5, 12], "texture": "#0"},
				"south": {"uv": [2.5, 12.25, 2.75, 13], "texture": "#0"},
				"west": {"uv": [5, 11.25, 5.5, 12], "texture": "#0"},
				"up": {"uv": [8.25, 13, 8, 12.5], "texture": "#0"},
				"down": {"uv": [12.75, 8, 12.5, 8.5], "texture": "#0"}
			}
		},
		{
			"from": [6, 7, -1.5],
			"to": [7.5, 8.5, 0],
			"rotation": {"angle": 0, "axis": "y", "origin": [5, 5, -1]},
			"faces": {
				"north": {"uv": [12, 5, 12.5, 5.5], "texture": "#0"},
				"east": {"uv": [5.25, 12, 5.75, 12.5], "texture": "#0"},
				"south": {"uv": [12, 5.5, 12.5, 6], "texture": "#0"},
				"west": {"uv": [5.75, 12, 6.25, 12.5], "texture": "#0"},
				"up": {"uv": [12.5, 6.5, 12, 6], "texture": "#0"},
				"down": {"uv": [6.75, 12, 6.25, 12.5], "texture": "#0"}
			}
		},
		{
			"from": [8.5, 7, -1.5],
			"to": [10, 8.5, 0],
			"rotation": {"angle": 0, "axis": "y", "origin": [8, 5, -1]},
			"faces": {
				"north": {"uv": [12, 6.5, 12.5, 7], "texture": "#0"},
				"east": {"uv": [6.75, 12, 7.25, 12.5], "texture": "#0"},
				"south": {"uv": [7.25, 12, 7.75, 12.5], "texture": "#0"},
				"west": {"uv": [12, 7.25, 12.5, 7.75], "texture": "#0"},
				"up": {"uv": [8.25, 12.5, 7.75, 12], "texture": "#0"},
				"down": {"uv": [12.5, 7.75, 12, 8.25], "texture": "#0"}
			}
		},
		{
			"from": [-1, 2, 6],
			"to": [1, 6, 10],
			"rotation": {"angle": 0, "axis": "y", "origin": [-1, 3, 5]},
			"faces": {
				"north": {"uv": [7.5, 8.5, 8, 9.5], "texture": "#0"},
				"east": {"uv": [6, 3, 7, 4], "texture": "#0"},
				"south": {"uv": [3, 10.25, 3.5, 11.25], "texture": "#0"},
				"west": {"uv": [6, 4, 7, 5], "texture": "#0"},
				"up": {"uv": [8, 11.25, 7.5, 10.25], "texture": "#0"},
				"down": {"uv": [8.5, 10.25, 8, 11.25], "texture": "#0"}
			}
		},
		{
			"from": [-1, 2, 5],
			"to": [1, 5, 6],
			"rotation": {"angle": 0, "axis": "y", "origin": [-1, 3, 1]},
			"faces": {
				"north": {"uv": [5.5, 11.25, 6, 12], "texture": "#0"},
				"east": {"uv": [12.25, 2.5, 12.5, 3.25], "texture": "#0"},
				"south": {"uv": [6, 11.25, 6.5, 12], "texture": "#0"},
				"west": {"uv": [2.75, 12.25, 3, 13], "texture": "#0"},
				"up": {"uv": [8.75, 12.75, 8.25, 12.5], "texture": "#0"},
				"down": {"uv": [13, 8.5, 12.5, 8.75], "texture": "#0"}
			}
		},
		{
			"from": [-1, 3, 10],
			"to": [1, 6, 11],
			"rotation": {"angle": 0, "axis": "y", "origin": [-1, 4, 6]},
			"faces": {
				"north": {"uv": [11.25, 7.25, 11.75, 8], "texture": "#0"},
				"east": {"uv": [12.25, 3.25, 12.5, 4], "texture": "#0"},
				"south": {"uv": [7.5, 11.25, 8, 12], "texture": "#0"},
				"west": {"uv": [3.75, 12.25, 4, 13], "texture": "#0"},
				"up": {"uv": [9.25, 12.75, 8.75, 12.5], "texture": "#0"},
				"down": {"uv": [13, 8.75, 12.5, 9], "texture": "#0"}
			}
		},
		{
			"from": [-1, 5, 11],
			"to": [1, 7, 12],
			"rotation": {"angle": 0, "axis": "y", "origin": [-1, 4, 7]},
			"faces": {
				"north": {"uv": [8.25, 12, 8.75, 12.5], "texture": "#0"},
				"east": {"uv": [12.5, 9, 12.75, 9.5], "texture": "#0"},
				"south": {"uv": [8.75, 12, 9.25, 12.5], "texture": "#0"},
				"west": {"uv": [9.5, 12.5, 9.75, 13], "texture": "#0"},
				"up": {"uv": [13, 9.75, 12.5, 9.5], "texture": "#0"},
				"down": {"uv": [10.25, 12.5, 9.75, 12.75], "texture": "#0"}
			}
		},
		{
			"from": [15, 2, 6],
			"to": [17, 6, 10],
			"rotation": {"angle": 0, "axis": "y", "origin": [15, 3, 5]},
			"faces": {
				"north": {"uv": [8.5, 10.25, 9, 11.25], "texture": "#0"},
				"east": {"uv": [0.5, 6.5, 1.5, 7.5], "texture": "#0"},
				"south": {"uv": [9, 10.25, 9.5, 11.25], "texture": "#0"},
				"west": {"uv": [1.5, 6.5, 2.5, 7.5], "texture": "#0"},
				"up": {"uv": [10, 11.25, 9.5, 10.25], "texture": "#0"},
				"down": {"uv": [10.5, 10.25, 10, 11.25], "texture": "#0"}
			}
		},
		{
			"from": [15, 2, 5],
			"to": [17, 5, 6],
			"rotation": {"angle": 0, "axis": "y", "origin": [15, 3, 1]},
			"faces": {
				"north": {"uv": [8, 11.25, 8.5, 12], "texture": "#0"},
				"east": {"uv": [12.25, 4, 12.5, 4.75], "texture": "#0"},
				"south": {"uv": [11.25, 8, 11.75, 8.75], "texture": "#0"},
				"west": {"uv": [12.25, 10.25, 12.5, 11], "texture": "#0"},
				"up": {"uv": [13, 10, 12.5, 9.75], "texture": "#0"},
				"down": {"uv": [13, 10, 12.5, 10.25], "texture": "#0"}
			}
		},
		{
			"from": [15, 3, 10],
			"to": [17, 6, 11],
			"rotation": {"angle": 0, "axis": "y", "origin": [15, 4, 6]},
			"faces": {
				"north": {"uv": [8.5, 11.25, 9, 12], "texture": "#0"},
				"east": {"uv": [11.25, 12.25, 11.5, 13], "texture": "#0"},
				"south": {"uv": [9, 11.25, 9.5, 12], "texture": "#0"},
				"west": {"uv": [11.5, 12.25, 11.75, 13], "texture": "#0"},
				"up": {"uv": [13, 10.5, 12.5, 10.25], "texture": "#0"},
				"down": {"uv": [13, 10.5, 12.5, 10.75], "texture": "#0"}
			}
		},
		{
			"from": [15, 5, 11],
			"to": [17, 7, 12],
			"rotation": {"angle": 0, "axis": "y", "origin": [15, 4, 7]},
			"faces": {
				"north": {"uv": [12, 9.75, 12.5, 10.25], "texture": "#0"},
				"east": {"uv": [10.25, 12.5, 10.5, 13], "texture": "#0"},
				"south": {"uv": [12, 11, 12.5, 11.5], "texture": "#0"},
				"west": {"uv": [10.75, 12.5, 11, 13], "texture": "#0"},
				"up": {"uv": [13, 11, 12.5, 10.75], "texture": "#0"},
				"down": {"uv": [13, 11, 12.5, 11.25], "texture": "#0"}
			}
		}
	],
	"display": {
		"thirdperson_righthand": {
			"translation": [0, 4, 0],
			"scale": [0.6, 0.6, 0.6]
		},
		"thirdperson_lefthand": {
			"translation": [0, 4, 0],
			"scale": [0.6, 0.6, 0.6]
		},
		"ground": {
			"translation": [0, 5.5, 0],
			"scale": [0.8, 0.8, 0.8]
		},
		"gui": {
			"rotation": [21, 149, 0],
			"translation": [0, 1.25, 0],
			"scale": [0.7, 0.7, 0.7]
		},
		"head": {
			"translation": [0, 11.25, 0],
			"scale": [1.1, 1.1, 1.1]
		}
	},
	"groups": [
		{
			"name": "hat",
			"origin": [8, 8, 8],
			"color": 0,
			"children": [
				{
					"name": "base",
					"origin": [8, 8, 8],
					"color": 0,
					"children": [0, 1, 2, 3, 4, 5, 6, 7, 8, 9, 10, 11, 12, 13, 14, 15, 16, 17, 18, 19, 20, 21, 22, 23, 24, 25, 26, 27, 28, 29, 30, 31, 32, 33, 34, 35]
				},
				{
					"name": "tail",
					"origin": [8, 8, 8],
					"color": 0,
					"children": [36, 37, 38, 39, 40, 41, 42, 43, 44, 45, 46, 47, 48]
				},
				{
					"name": "head",
					"origin": [8, 8, 8],
					"color": 0,
					"children": [49, 50, 51, 52, 53, 54, 55, 56]
				},
				{
					"name": "wings",
					"origin": [8, 8, 8],
					"color": 0,
					"children": [
						57,
						58,
						59,
						60,
						{
							"name": "wings",
							"origin": [8, 8, 8],
							"color": 0,
							"children": [61, 62, 63, 64]
						}
					]
				}
			]
		}
	]
}
