{
	"credit": "Made with Blockbench",
	"texture_size": [128, 128],
	"textures": {
		"0": "item/sofa1",
		"particle": "item/sofa1"
	},
	"elements": [
		{
			"from": [-7, 0, 1],
			"to": [-5, 3, 3],
			"rotation": {"angle": 0, "axis": "y", "origin": [-7, 0, 1]},
			"faces": {
				"north": {"uv": [1.875, 9, 2.125, 9.375], "texture": "#0"},
				"east": {"uv": [3, 9, 3.25, 9.375], "texture": "#0"},
				"south": {"uv": [3.25, 9, 3.5, 9.375], "texture": "#0"},
				"west": {"uv": [2.5, 9.25, 2.75, 9.625], "texture": "#0"},
				"up": {"uv": [4.25, 4.5, 4, 4.25], "texture": "#0"},
				"down": {"uv": [9.625, 9.5, 9.375, 9.75], "texture": "#0"}
			}
		},
		{
			"from": [21, 0, 13],
			"to": [23, 3, 15],
			"rotation": {"angle": 0, "axis": "y", "origin": [21, 0, 13]},
			"faces": {
				"north": {"uv": [2.75, 9.25, 3, 9.625], "texture": "#0"},
				"east": {"uv": [1.625, 9.375, 1.875, 9.75], "texture": "#0"},
				"south": {"uv": [1.875, 9.375, 2.125, 9.75], "texture": "#0"},
				"west": {"uv": [3, 9.375, 3.25, 9.75], "texture": "#0"},
				"up": {"uv": [0.25, 9.875, 0, 9.625], "texture": "#0"},
				"down": {"uv": [0.5, 9.625, 0.25, 9.875], "texture": "#0"}
			}
		},
		{
			"from": [21, 0, 1],
			"to": [23, 3, 3],
			"rotation": {"angle": 0, "axis": "y", "origin": [21, 0, 1]},
			"faces": {
				"north": {"uv": [3.25, 9.375, 3.5, 9.75], "texture": "#0"},
				"east": {"uv": [7.25, 9.375, 7.5, 9.75], "texture": "#0"},
				"south": {"uv": [7.5, 9.375, 7.75, 9.75], "texture": "#0"},
				"west": {"uv": [7.75, 9.375, 8, 9.75], "texture": "#0"},
				"up": {"uv": [0.75, 9.875, 0.5, 9.625], "texture": "#0"},
				"down": {"uv": [1, 9.625, 0.75, 9.875], "texture": "#0"}
			}
		},
		{
			"from": [-7, 0, 13],
			"to": [-5, 3, 15],
			"rotation": {"angle": 0, "axis": "y", "origin": [-7, 0, 13]},
			"faces": {
				"north": {"uv": [8, 9.375, 8.25, 9.75], "texture": "#0"},
				"east": {"uv": [2.125, 9.5, 2.375, 9.875], "texture": "#0"},
				"south": {"uv": [8.875, 9.5, 9.125, 9.875], "texture": "#0"},
				"west": {"uv": [9.125, 9.5, 9.375, 9.875], "texture": "#0"},
				"up": {"uv": [1.25, 9.875, 1, 9.625], "texture": "#0"},
				"down": {"uv": [1.5, 9.625, 1.25, 9.875], "texture": "#0"}
			}
		},
		{
			"from": [-7, 6, 12],
			"to": [23, 16, 16],
			"rotation": {"angle": 0, "axis": "y", "origin": [0, 7, 14]},
			"faces": {
				"north": {"uv": [4.25, 2, 8, 3.25], "texture": "#0"},
				"east": {"uv": [6.5, 8.625, 6.875, 9.875], "texture": "#0"},
				"south": {"uv": [4.25, 3.25, 8, 4.5], "texture": "#0"},
				"west": {"uv": [6.875, 8.625, 7.25, 9.875], "texture": "#0"},
				"up": {"uv": [11.75, 2.375, 8, 2], "texture": "#0"},
				"down": {"uv": [11.75, 2.375, 8, 2.75], "texture": "#0"}
			}
		},
		{
			"from": [-4, 17, 13],
			"to": [20, 18, 16],
			"rotation": {"angle": 0, "axis": "y", "origin": [-2, 17, 14]},
			"faces": {
				"north": {"uv": [9.125, 4.875, 12.125, 5], "texture": "#0"},
				"east": {"uv": [3.5, 6.5, 3.875, 6.625], "texture": "#0"},
				"south": {"uv": [9.125, 5, 12.125, 5.125], "texture": "#0"},
				"west": {"uv": [7.5, 6.5, 7.875, 6.625], "texture": "#0"},
				"up": {"uv": [11.375, 6.875, 8.375, 6.5], "texture": "#0"},
				"down": {"uv": [11.375, 6.875, 8.375, 7.25], "texture": "#0"}
			}
		},
		{
			"from": [-6, 16, 13],
			"to": [22, 17, 16],
			"rotation": {"angle": 0, "axis": "y", "origin": [-14, 16, 14]},
			"faces": {
				"north": {"uv": [8.25, 1.875, 11.75, 2], "texture": "#0"},
				"east": {"uv": [7.875, 6.5, 8.25, 6.625], "texture": "#0"},
				"south": {"uv": [9.125, 4.75, 12.625, 4.875], "texture": "#0"},
				"west": {"uv": [2.375, 9.625, 2.75, 9.75], "texture": "#0"},
				"up": {"uv": [11.75, 1.875, 8.25, 1.5], "texture": "#0"},
				"down": {"uv": [3.5, 8.375, 0, 8.75], "texture": "#0"}
			}
		},
		{
			"from": [-8, 2, 0],
			"to": [24, 4, 16],
			"rotation": {"angle": 0, "axis": "y", "origin": [-8, 3, 0]},
			"faces": {
				"north": {"uv": [8.375, 7.5, 12.375, 7.75], "texture": "#0"},
				"east": {"uv": [8.875, 8.25, 10.875, 8.5], "texture": "#0"},
				"south": {"uv": [8.375, 7.75, 12.375, 8], "texture": "#0"},
				"west": {"uv": [8.875, 8.5, 10.875, 8.75], "texture": "#0"},
				"up": {"uv": [4, 6.25, 0, 4.25], "texture": "#0"},
				"down": {"uv": [8.25, 0, 4.25, 2], "texture": "#0"}
			}
		},
		{
			"from": [-9, 4, -1],
			"to": [25, 6, 16],
			"rotation": {"angle": 0, "axis": "y", "origin": [-8, 4, 0]},
			"faces": {
				"north": {"uv": [8, 4.25, 12.25, 4.5], "texture": "#0"},
				"east": {"uv": [0, 8.75, 2.125, 9], "texture": "#0"},
				"south": {"uv": [8.375, 7.25, 12.625, 7.5], "texture": "#0"},
				"west": {"uv": [8.875, 8, 11, 8.25], "texture": "#0"},
				"up": {"uv": [4.25, 2.125, 0, 0], "texture": "#0"},
				"down": {"uv": [4.25, 2.125, 0, 4.25], "texture": "#0"}
			}
		},
		{
			"from": [-6.2, 6, -1],
			"to": [7.8, 7, 16],
			"rotation": {"angle": 0, "axis": "y", "origin": [-8, 6, 0]},
			"faces": {
				"north": {"uv": [9.125, 6.125, 10.875, 6.25], "texture": "#0"},
				"east": {"uv": [9.125, 5.125, 11.25, 5.25], "texture": "#0"},
				"south": {"uv": [9.125, 6.25, 10.875, 6.375], "texture": "#0"},
				"west": {"uv": [9.125, 5.25, 11.25, 5.375], "texture": "#0"},
				"up": {"uv": [5.75, 6.625, 4, 4.5], "texture": "#0"},
				"down": {"uv": [7.5, 4.5, 5.75, 6.625], "texture": "#0"}
			}
		},
		{
			"from": [8.7, 6.5, 0],
			"to": [21.7, 7.5, 16],
			"rotation": {"angle": 0, "axis": "y", "origin": [7, 7, 0]},
			"faces": {
				"north": {"uv": [8.875, 9.25, 10.5, 9.375], "texture": "#0"},
				"east": {"uv": [9.125, 5.625, 11.125, 5.75], "texture": "#0"},
				"south": {"uv": [0, 9.375, 1.625, 9.5], "texture": "#0"},
				"west": {"uv": [9.125, 5.75, 11.125, 5.875], "texture": "#0"},
				"up": {"uv": [5.125, 8.625, 3.5, 6.625], "texture": "#0"},
				"down": {"uv": [6.75, 6.625, 5.125, 8.625], "texture": "#0"}
			}
		},
		{
			"from": [8.2, 6, -1],
			"to": [22.2, 7, 16],
			"rotation": {"angle": 0, "axis": "y", "origin": [6, 6, 0]},
			"faces": {
				"north": {"uv": [9.125, 6.375, 10.875, 6.5], "texture": "#0"},
				"east": {"uv": [9.125, 5.375, 11.25, 5.5], "texture": "#0"},
				"south": {"uv": [0, 9.25, 1.75, 9.375], "texture": "#0"},
				"west": {"uv": [9.125, 5.5, 11.25, 5.625], "texture": "#0"},
				"up": {"uv": [1.75, 8.375, 0, 6.25], "texture": "#0"},
				"down": {"uv": [3.5, 6.25, 1.75, 8.375], "texture": "#0"}
			}
		},
		{
			"from": [-5.7, 6.5, 0],
			"to": [7.3, 7.5, 16],
			"rotation": {"angle": 0, "axis": "y", "origin": [-8, 7, 0]},
			"faces": {
				"north": {"uv": [8.875, 9.375, 10.5, 9.5], "texture": "#0"},
				"east": {"uv": [9.125, 5.875, 11.125, 6], "texture": "#0"},
				"south": {"uv": [0, 9.5, 1.625, 9.625], "texture": "#0"},
				"west": {"uv": [9.125, 6, 11.125, 6.125], "texture": "#0"},
				"up": {"uv": [8.375, 8.625, 6.75, 6.625], "texture": "#0"},
				"down": {"uv": [9.125, 4.5, 7.5, 6.5], "texture": "#0"}
			}
		},
		{
			"from": [-9, 4, 0],
			"to": [-6, 10, 16],
			"rotation": {"angle": 22.5, "axis": "z", "origin": [-10, 7, 14]},
			"faces": {
				"north": {"uv": [7.25, 8.625, 7.625, 9.375], "texture": "#0"},
				"east": {"uv": [8, 2.75, 9.875, 3.5], "texture": "#0"},
				"south": {"uv": [7.625, 8.625, 8, 9.375], "texture": "#0"},
				"west": {"uv": [8, 3.5, 9.875, 4.25], "texture": "#0"},
				"up": {"uv": [5.375, 10.5, 5, 8.625], "texture": "#0"},
				"down": {"uv": [5.75, 8.625, 5.375, 10.5], "texture": "#0"}
			}
		},
		{
			"from": [23.5, 9.5, 0],
			"to": [27.5, 11.5, 16],
			"rotation": {"angle": 0, "axis": "y", "origin": [26, 9, 1]},
			"faces": {
				"north": {"uv": [3.5, 6.25, 4, 6.5], "texture": "#0"},
				"east": {"uv": [8.875, 8.75, 10.75, 9], "texture": "#0"},
				"south": {"uv": [2.5, 8.75, 3, 9], "texture": "#0"},
				"west": {"uv": [0, 9, 1.875, 9.25], "texture": "#0"},
				"up": {"uv": [8.875, 9.875, 8.375, 8], "texture": "#0"},
				"down": {"uv": [4, 8.625, 3.5, 10.5], "texture": "#0"}
			}
		},
		{
			"from": [22, 4, 0],
			"to": [25, 10, 16],
			"rotation": {"angle": -22.5, "axis": "z", "origin": [26, 7, 14]},
			"faces": {
				"north": {"uv": [8, 8.625, 8.375, 9.375], "texture": "#0"},
				"east": {"uv": [8.25, 0, 10.125, 0.75], "texture": "#0"},
				"south": {"uv": [2.125, 8.75, 2.5, 9.5], "texture": "#0"},
				"west": {"uv": [8.25, 0.75, 10.125, 1.5], "texture": "#0"},
				"up": {"uv": [6.125, 10.5, 5.75, 8.625], "texture": "#0"},
				"down": {"uv": [6.5, 8.625, 6.125, 10.5], "texture": "#0"}
			}
		},
		{
			"from": [-11.5, 9.5, 0],
			"to": [-7.5, 11.5, 16],
			"rotation": {"angle": 0, "axis": "y", "origin": [-10, 9, 1]},
			"faces": {
				"north": {"uv": [3, 8.75, 3.5, 9], "texture": "#0"},
				"east": {"uv": [8.875, 9, 10.75, 9.25], "texture": "#0"},
				"south": {"uv": [2.5, 9, 3, 9.25], "texture": "#0"},
				"west": {"uv": [9.125, 4.5, 11, 4.75], "texture": "#0"},
				"up": {"uv": [4.5, 10.5, 4, 8.625], "texture": "#0"},
				"down": {"uv": [5, 8.625, 4.5, 10.5], "texture": "#0"}
			}
		}
	],
	"display": {
		"thirdperson_righthand": {
			"translation": [8, 1.5, 0],
			"scale": [0.8, 0.8, 0.8]
		},
		"thirdperson_lefthand": {
			"translation": [9.75, 2, 0],
			"scale": [0.8, 0.8, 0.8]
		},
		"firstperson_righthand": {
			"scale": [0.5, 0.5, 0.5]
		},
		"firstperson_lefthand": {
			"scale": [0.5, 0.5, 0.5]
		},
		"ground": {
			"translation": [0, 3.75, 0]
		},
		"gui": {
			"rotation": [13, 156, 0],
			"scale": [0.5, 0.5, 0.5]
		},
		"head": {
			"translation": [0, 8, 0]
		},
		"fixed": {
			"rotation": [-90, 0, 0],
			"translation": [15, 0, -16],
			"scale": [2, 2, 2]
		}
	},
	"groups": [
		{
			"name": "sofa",
			"origin": [8, 8, 8],
			"color": 0,
			"children": [
				{
					"name": "legs",
					"origin": [8, 8, 8],
					"color": 0,
					"children": [0, 1, 2, 3]
				},
				{
					"name": "back",
					"origin": [8, 8, 8],
					"color": 0,
					"children": [4, 5, 6]
				},
				{
					"name": "seat",
					"origin": [8, 8, 8],
					"color": 0,
					"children": [7, 8, 9, 10, 11, 12]
				},
				{
					"name": "arms",
					"origin": [8, 8, 8],
					"color": 0,
					"children": [13, 14, 15, 16]
				}
			]
		}
	]
}
