{
	"credit": "Made with Blockbench",
	"texture_size": [64, 64],
	"textures": {
		"0": "item/statue1",
		"particle": "item/statue1"
	},
	"elements": [
		{
			"from": [3, 20, 5],
			"to": [11, 28, 13],
			"rotation": {"angle": 0, "axis": "y", "origin": [3, 20, 6]},
			"faces": {
				"north": {"uv": [0, 3, 2, 5], "texture": "#0"},
				"east": {"uv": [2, 3, 4, 5], "texture": "#0"},
				"south": {"uv": [4, 0, 6, 2], "texture": "#0"},
				"west": {"uv": [4, 2, 6, 4], "texture": "#0"},
				"up": {"uv": [6, 6, 4, 4], "texture": "#0"},
				"down": {"uv": [2, 5, 0, 7], "texture": "#0"}
			}
		},
		{
			"from": [3, 8, 7],
			"to": [11, 20, 11],
			"faces": {
				"north": {"uv": [0, 0, 2, 3], "texture": "#0"},
				"east": {"uv": [2, 5, 3, 8], "texture": "#0"},
				"south": {"uv": [2, 0, 4, 3], "texture": "#0"},
				"west": {"uv": [3, 5, 4, 8], "texture": "#0"},
				"up": {"uv": [8, 1, 6, 0], "texture": "#0"},
				"down": {"uv": [8, 1, 6, 2], "texture": "#0"}
			}
		},
		{
			"from": [3, 3, 8],
			"to": [6, 8, 11],
			"faces": {
				"north": {"uv": [6.75, 4.25, 7.5, 5.5], "texture": "#0"},
				"east": {"uv": [6.25, 6.75, 7, 8], "texture": "#0"},
				"south": {"uv": [0, 7, 0.75, 8.25], "texture": "#0"},
				"west": {"uv": [0.75, 7, 1.5, 8.25], "texture": "#0"},
				"up": {"uv": [9.75, 5, 9, 4.25], "texture": "#0"},
				"down": {"uv": [9.75, 6.25, 9, 7], "texture": "#0"}
			}
		},
		{
			"from": [8, 5, 4],
			"to": [11, 8, 9],
			"faces": {
				"north": {"uv": [9, 7, 9.75, 7.75], "texture": "#0"},
				"east": {"uv": [7, 6.75, 8.25, 7.5], "texture": "#0"},
				"south": {"uv": [9.25, 0, 10, 0.75], "texture": "#0"},
				"west": {"uv": [7.25, 5.5, 8.5, 6.25], "texture": "#0"},
				"up": {"uv": [8.25, 5.5, 7.5, 4.25], "texture": "#0"},
				"down": {"uv": [7.75, 7.5, 7, 8.75], "texture": "#0"}
			}
		},
		{
			"from": [3, 0, 11],
			"to": [6, 3, 16],
			"faces": {
				"north": {"uv": [0.75, 9.25, 1.5, 10], "texture": "#0"},
				"east": {"uv": [7.75, 7.5, 9, 8.25], "texture": "#0"},
				"south": {"uv": [1.5, 9.25, 2.25, 10], "texture": "#0"},
				"west": {"uv": [8, 0, 9.25, 0.75], "texture": "#0"},
				"up": {"uv": [8.75, 2, 8, 0.75], "texture": "#0"},
				"down": {"uv": [2.25, 8, 1.5, 9.25], "texture": "#0"}
			}
		},
		{
			"from": [8, 0, 1],
			"to": [11, 5, 4],
			"faces": {
				"north": {"uv": [2.25, 8, 3, 9.25], "texture": "#0"},
				"east": {"uv": [3, 8, 3.75, 9.25], "texture": "#0"},
				"south": {"uv": [6.25, 8, 7, 9.25], "texture": "#0"},
				"west": {"uv": [0, 8.25, 0.75, 9.5], "texture": "#0"},
				"up": {"uv": [10, 2.25, 9.25, 1.5], "texture": "#0"},
				"down": {"uv": [3, 9.25, 2.25, 10], "texture": "#0"}
			}
		},
		{
			"from": [8, 4.3, -2.9],
			"to": [11, 8.5, 0.1],
			"rotation": {"angle": 45, "axis": "x", "origin": [0, 0, 0]},
			"faces": {
				"north": {"uv": [0.75, 8.25, 1.5, 9.25], "texture": "#0"},
				"east": {"uv": [8.25, 4.25, 9, 5.25], "texture": "#0"},
				"south": {"uv": [8.25, 6.25, 9, 7.25], "texture": "#0"},
				"west": {"uv": [7.75, 8.25, 8.5, 9.25], "texture": "#0"},
				"up": {"uv": [10, 3, 9.25, 2.25], "texture": "#0"},
				"down": {"uv": [3.75, 9.25, 3, 10], "texture": "#0"}
			}
		},
		{
			"from": [8, 5.3, 4.5],
			"to": [11, 8.5, 7.5],
			"rotation": {"angle": 22.5, "axis": "x", "origin": [0, 1, 8]},
			"faces": {
				"north": {"uv": [9.25, 3, 10, 3.75], "texture": "#0"},
				"east": {"uv": [4.5, 9.25, 5.25, 10], "texture": "#0"},
				"south": {"uv": [9.25, 5, 10, 5.75], "texture": "#0"},
				"west": {"uv": [5.25, 9.25, 6, 10], "texture": "#0"},
				"up": {"uv": [6.75, 10, 6, 9.25], "texture": "#0"},
				"down": {"uv": [8.5, 9.25, 7.75, 10], "texture": "#0"}
			}
		},
		{
			"from": [3, -3, -3.5],
			"to": [6, 1.2, -0.5],
			"rotation": {"angle": -45, "axis": "x", "origin": [0, 16, 0]},
			"faces": {
				"north": {"uv": [8.5, 2, 9.25, 3], "texture": "#0"},
				"east": {"uv": [3.75, 8.5, 4.5, 9.5], "texture": "#0"},
				"south": {"uv": [8.5, 5.25, 9.25, 6.25], "texture": "#0"},
				"west": {"uv": [8.5, 8.25, 9.25, 9.25], "texture": "#0"},
				"up": {"uv": [10, 8.5, 9.25, 7.75], "texture": "#0"},
				"down": {"uv": [9.25, 9.25, 8.5, 10], "texture": "#0"}
			}
		},
		{
			"from": [4, 16, -2],
			"to": [7, 19, 8],
			"rotation": {"angle": -22.5, "axis": "y", "origin": [0, 0, 0]},
			"faces": {
				"north": {"uv": [9.25, 8.5, 10, 9.25], "texture": "#0"},
				"east": {"uv": [4.75, 6, 7.25, 6.75], "texture": "#0"},
				"south": {"uv": [9.25, 9.25, 10, 10], "texture": "#0"},
				"west": {"uv": [6.75, 3.5, 9.25, 4.25], "texture": "#0"},
				"up": {"uv": [5.5, 9.25, 4.75, 6.75], "texture": "#0"},
				"down": {"uv": [6.25, 6.75, 5.5, 9.25], "texture": "#0"}
			}
		},
		{
			"from": [6, 16, -2],
			"to": [9, 19, 8],
			"rotation": {"angle": 22.5, "axis": "y", "origin": [13, 0, 0]},
			"faces": {
				"north": {"uv": [8.75, 0.75, 9.5, 1.5], "texture": "#0"},
				"east": {"uv": [6, 2, 8.5, 2.75], "texture": "#0"},
				"south": {"uv": [7, 8.75, 7.75, 9.5], "texture": "#0"},
				"west": {"uv": [6, 2.75, 8.5, 3.5], "texture": "#0"},
				"up": {"uv": [6.75, 6, 6, 3.5], "texture": "#0"},
				"down": {"uv": [4.75, 6, 4, 8.5], "texture": "#0"}
			}
		},
		{
			"from": [6, 0, 0],
			"to": [9, 3, 1],
			"rotation": {"angle": 45, "axis": "z", "origin": [6, 0, 0]},
			"faces": {
				"north": {"uv": [0, 9.5, 0.75, 10.25], "texture": "#0"},
				"east": {"uv": [4.5, 8.5, 4.75, 9.25], "texture": "#0"},
				"south": {"uv": [9.5, 0.75, 10.25, 1.5], "texture": "#0"},
				"west": {"uv": [6.5, 10.75, 6.75, 11.5], "texture": "#0"},
				"up": {"uv": [9, 7.5, 8.25, 7.25], "texture": "#0"},
				"down": {"uv": [11.5, 9, 10.75, 9.25], "texture": "#0"}
			}
		},
		{
			"from": [10, 4, 0],
			"to": [13, 7, 1],
			"rotation": {"angle": 45, "axis": "z", "origin": [6, 0, 0]},
			"faces": {
				"north": {"uv": [3.75, 9.5, 4.5, 10.25], "texture": "#0"},
				"east": {"uv": [10.75, 9.25, 11, 10], "texture": "#0"},
				"south": {"uv": [6.75, 9.5, 7.5, 10.25], "texture": "#0"},
				"west": {"uv": [9.5, 10.75, 9.75, 11.5], "texture": "#0"},
				"up": {"uv": [11.5, 10.25, 10.75, 10], "texture": "#0"},
				"down": {"uv": [0.75, 11, 0, 11.25], "texture": "#0"}
			}
		},
		{
			"from": [11, 5, 0],
			"to": [14, 8, 1],
			"rotation": {"angle": 45, "axis": "z", "origin": [6, 0, 0]},
			"faces": {
				"north": {"uv": [9.75, 3.75, 10.5, 4.5], "texture": "#0"},
				"east": {"uv": [11, 0.75, 11.25, 1.5], "texture": "#0"},
				"south": {"uv": [9.75, 5.75, 10.5, 6.5], "texture": "#0"},
				"west": {"uv": [3.75, 11, 4, 11.75], "texture": "#0"},
				"up": {"uv": [7.5, 11.25, 6.75, 11], "texture": "#0"},
				"down": {"uv": [11.75, 9.25, 11, 9.5], "texture": "#0"}
			}
		},
		{
			"from": [12, 6, 0],
			"to": [15, 9, 1],
			"rotation": {"angle": 45, "axis": "z", "origin": [6, 0, 0]},
			"faces": {
				"north": {"uv": [9.75, 6.5, 10.5, 7.25], "texture": "#0"},
				"east": {"uv": [4, 11, 4.25, 11.75], "texture": "#0"},
				"south": {"uv": [10, 0, 10.75, 0.75], "texture": "#0"},
				"west": {"uv": [4.25, 11, 4.5, 11.75], "texture": "#0"},
				"up": {"uv": [11.75, 9.75, 11, 9.5], "texture": "#0"},
				"down": {"uv": [10.5, 11, 9.75, 11.25], "texture": "#0"}
			}
		},
		{
			"from": [13, 7, 0],
			"to": [16, 10, 1],
			"rotation": {"angle": 45, "axis": "z", "origin": [6, 0, 0]},
			"faces": {
				"north": {"uv": [0.75, 10, 1.5, 10.75], "texture": "#0"},
				"east": {"uv": [11, 10.25, 11.25, 11], "texture": "#0"},
				"south": {"uv": [1.5, 10, 2.25, 10.75], "texture": "#0"},
				"west": {"uv": [10.5, 11, 10.75, 11.75], "texture": "#0"},
				"up": {"uv": [11.75, 10, 11, 9.75], "texture": "#0"},
				"down": {"uv": [11.5, 11, 10.75, 11.25], "texture": "#0"}
			}
		},
		{
			"from": [16, 10, 0],
			"to": [18, 12, 1],
			"rotation": {"angle": 45, "axis": "z", "origin": [6, 0, 0]},
			"faces": {
				"north": {"uv": [6.75, 5.5, 7.25, 6], "texture": "#0"},
				"east": {"uv": [3.75, 8, 4, 8.5], "texture": "#0"},
				"south": {"uv": [7.25, 6.25, 7.75, 6.75], "texture": "#0"},
				"west": {"uv": [8.75, 1.5, 9, 2], "texture": "#0"},
				"up": {"uv": [2, 8, 1.5, 7.75], "texture": "#0"},
				"down": {"uv": [9.75, 3.75, 9.25, 4], "texture": "#0"}
			}
		},
		{
			"from": [17, 11, 0],
			"to": [19, 13, 1],
			"rotation": {"angle": 45, "axis": "z", "origin": [6, 0, 0]},
			"faces": {
				"north": {"uv": [7.75, 6.25, 8.25, 6.75], "texture": "#0"},
				"east": {"uv": [9, 1.5, 9.25, 2], "texture": "#0"},
				"south": {"uv": [8.5, 3, 9, 3.5], "texture": "#0"},
				"west": {"uv": [9, 3, 9.25, 3.5], "texture": "#0"},
				"up": {"uv": [9.75, 4.25, 9.25, 4], "texture": "#0"},
				"down": {"uv": [9.75, 5.75, 9.25, 6], "texture": "#0"}
			}
		},
		{
			"from": [18, 12, -1],
			"to": [21, 15, 2],
			"rotation": {"angle": 45, "axis": "z", "origin": [6, 0, 0]},
			"faces": {
				"north": {"uv": [10, 1.5, 10.75, 2.25], "texture": "#0"},
				"east": {"uv": [2.25, 10, 3, 10.75], "texture": "#0"},
				"south": {"uv": [10, 2.25, 10.75, 3], "texture": "#0"},
				"west": {"uv": [3, 10, 3.75, 10.75], "texture": "#0"},
				"up": {"uv": [10.75, 3.75, 10, 3], "texture": "#0"},
				"down": {"uv": [5.25, 10, 4.5, 10.75], "texture": "#0"}
			}
		},
		{
			"from": [17, 6, -1],
			"to": [19, 9, 2],
			"rotation": {"angle": 45, "axis": "z", "origin": [6, 0, 0]},
			"faces": {
				"north": {"uv": [1.5, 7, 2, 7.75], "texture": "#0"},
				"east": {"uv": [10, 4.5, 10.75, 5.25], "texture": "#0"},
				"south": {"uv": [10.5, 10.25, 11, 11], "texture": "#0"},
				"west": {"uv": [5.25, 10, 6, 10.75], "texture": "#0"},
				"up": {"uv": [11.25, 0.75, 10.75, 0], "texture": "#0"},
				"down": {"uv": [1.25, 10.75, 0.75, 11.5], "texture": "#0"}
			}
		},
		{
			"from": [18, 5, -1],
			"to": [20, 8, 2],
			"rotation": {"angle": 45, "axis": "z", "origin": [6, 0, 0]},
			"faces": {
				"north": {"uv": [1.25, 10.75, 1.75, 11.5], "texture": "#0"},
				"east": {"uv": [6, 10, 6.75, 10.75], "texture": "#0"},
				"south": {"uv": [10.75, 1.5, 11.25, 2.25], "texture": "#0"},
				"west": {"uv": [10, 7.25, 10.75, 8], "texture": "#0"},
				"up": {"uv": [2.25, 11.5, 1.75, 10.75], "texture": "#0"},
				"down": {"uv": [2.75, 10.75, 2.25, 11.5], "texture": "#0"}
			}
		},
		{
			"from": [-6, 7, -1],
			"to": [-4, 10, 2],
			"rotation": {"angle": -45, "axis": "z", "origin": [6, 0, 0]},
			"faces": {
				"north": {"uv": [10.75, 2.25, 11.25, 3], "texture": "#0"},
				"east": {"uv": [7.5, 10, 8.25, 10.75], "texture": "#0"},
				"south": {"uv": [2.75, 10.75, 3.25, 11.5], "texture": "#0"},
				"west": {"uv": [10, 8, 10.75, 8.75], "texture": "#0"},
				"up": {"uv": [11.25, 3.75, 10.75, 3], "texture": "#0"},
				"down": {"uv": [3.75, 10.75, 3.25, 11.5], "texture": "#0"}
			}
		},
		{
			"from": [-7, 6, -1],
			"to": [-5, 9, 2],
			"rotation": {"angle": -45, "axis": "z", "origin": [6, 0, 0]},
			"faces": {
				"north": {"uv": [4.5, 10.75, 5, 11.5], "texture": "#0"},
				"east": {"uv": [8.25, 10, 9, 10.75], "texture": "#0"},
				"south": {"uv": [10.75, 4.5, 11.25, 5.25], "texture": "#0"},
				"west": {"uv": [10, 8.75, 10.75, 9.5], "texture": "#0"},
				"up": {"uv": [5.5, 11.5, 5, 10.75], "texture": "#0"},
				"down": {"uv": [6, 10.75, 5.5, 11.5], "texture": "#0"}
			}
		},
		{
			"from": [-8, 5, -1],
			"to": [-6, 8, 2],
			"rotation": {"angle": -45, "axis": "z", "origin": [6, 0, 0]},
			"faces": {
				"north": {"uv": [6, 10.75, 6.5, 11.5], "texture": "#0"},
				"east": {"uv": [9, 10, 9.75, 10.75], "texture": "#0"},
				"south": {"uv": [10.75, 6.75, 11.25, 7.5], "texture": "#0"},
				"west": {"uv": [10, 9.5, 10.75, 10.25], "texture": "#0"},
				"up": {"uv": [8, 11.5, 7.5, 10.75], "texture": "#0"},
				"down": {"uv": [11.25, 7.5, 10.75, 8.25], "texture": "#0"}
			}
		},
		{
			"from": [16, 7, -1],
			"to": [18, 10, 2],
			"rotation": {"angle": 45, "axis": "z", "origin": [6, 0, 0]},
			"faces": {
				"north": {"uv": [8, 10.75, 8.5, 11.5], "texture": "#0"},
				"east": {"uv": [0, 10.25, 0.75, 11], "texture": "#0"},
				"south": {"uv": [10.75, 8.25, 11.25, 9], "texture": "#0"},
				"west": {"uv": [10.25, 0.75, 11, 1.5], "texture": "#0"},
				"up": {"uv": [9, 11.5, 8.5, 10.75], "texture": "#0"},
				"down": {"uv": [9.5, 10.75, 9, 11.5], "texture": "#0"}
			}
		},
		{
			"from": [9, 3, 0],
			"to": [12, 6, 1],
			"rotation": {"angle": 45, "axis": "z", "origin": [6, 0, 0]},
			"faces": {
				"north": {"uv": [3.75, 10.25, 4.5, 11], "texture": "#0"},
				"east": {"uv": [0, 11.25, 0.25, 12], "texture": "#0"},
				"south": {"uv": [6.75, 10.25, 7.5, 11], "texture": "#0"},
				"west": {"uv": [11.25, 0, 11.5, 0.75], "texture": "#0"},
				"up": {"uv": [12, 1, 11.25, 0.75], "texture": "#0"},
				"down": {"uv": [12, 1, 11.25, 1.25], "texture": "#0"}
			}
		},
		{
			"from": [8, 2, 0],
			"to": [11, 5, 1],
			"rotation": {"angle": 45, "axis": "z", "origin": [6, 0, 0]},
			"faces": {
				"north": {"uv": [9.75, 10.25, 10.5, 11], "texture": "#0"},
				"east": {"uv": [0.25, 11.25, 0.5, 12], "texture": "#0"},
				"south": {"uv": [10.5, 3.75, 11.25, 4.5], "texture": "#0"},
				"west": {"uv": [0.5, 11.25, 0.75, 12], "texture": "#0"},
				"up": {"uv": [12, 1.5, 11.25, 1.25], "texture": "#0"},
				"down": {"uv": [12, 1.5, 11.25, 1.75], "texture": "#0"}
			}
		},
		{
			"from": [7, 1, 0],
			"to": [10, 4, 1],
			"rotation": {"angle": 45, "axis": "z", "origin": [6, 0, 0]},
			"faces": {
				"north": {"uv": [10.5, 5.25, 11.25, 6], "texture": "#0"},
				"east": {"uv": [11.25, 1.75, 11.5, 2.5], "texture": "#0"},
				"south": {"uv": [10.5, 6, 11.25, 6.75], "texture": "#0"},
				"west": {"uv": [11.25, 2.5, 11.5, 3.25], "texture": "#0"},
				"up": {"uv": [12, 3.5, 11.25, 3.25], "texture": "#0"},
				"down": {"uv": [12, 3.5, 11.25, 3.75], "texture": "#0"}
			}
		}
	],
	"display": {
		"thirdperson_righthand": {
			"translation": [0, -5, -3.5]
		},
		"thirdperson_lefthand": {
			"translation": [0, -5, -3.5]
		},
		"firstperson_righthand": {
			"translation": [0, -16, 0]
		},
		"firstperson_lefthand": {
			"translation": [0, -17, 0]
		},
		"ground": {
			"translation": [0, 3.75, 0]
		},
		"gui": {
			"rotation": [-5, 105, 0],
			"translation": [0, -3.25, 0],
			"scale": [0.5, 0.5, 0.5]
		},
		"head": {
			"translation": [1.75, -28.75, -1.75],
			"scale": [1.8, 1.8, 1.8]
		},
		"fixed": {
			"rotation": [-90, 0, 0],
			"translation": [0, 0, -16],
			"scale": [2, 2, 2]
		}
	},
	"groups": [
		{
			"name": "statue",
			"origin": [8, 8, 8],
			"color": 0,
			"children": [
				{
					"name": "head",
					"origin": [8, 8, 8],
					"color": 0,
					"children": [0]
				},
				{
					"name": "body",
					"origin": [8, 8, 8],
					"color": 0,
					"children": [1]
				},
				{
					"name": "legs",
					"origin": [8, 8, 8],
					"color": 0,
					"children": [2, 3, 4, 5, 6, 7, 8]
				},
				{
					"name": "arms",
					"origin": [8, 8, 8],
					"color": 0,
					"children": [9, 10]
				},
				{
					"name": "sword",
					"origin": [8, 8, 8],
					"color": 0,
					"children": [11, 12, 13, 14, 15, 16, 17, 18, 19, 20, 21, 22, 23, 24, 25, 26, 27]
				}
			]
		}
	]
}
