{
	"credit": "Made with Blockbench",
	"texture_size": [64, 64],
	"textures": {
		"0": "item/steampunkhat1_texture",
		"particle": "item/steampunkhat1_texture"
	},
	"elements": [
		{
			"from": [2, 0, 0],
			"to": [14, 1, 16],
			"faces": {
				"north": {"uv": [9, 5.75, 12, 6], "texture": "#0"},
				"east": {"uv": [9, 4.75, 13, 5], "texture": "#0"},
				"south": {"uv": [9, 6, 12, 6.25], "texture": "#0"},
				"west": {"uv": [9, 5, 13, 5.25], "texture": "#0"},
				"up": {"uv": [3, 4, 0, 0], "texture": "#0"},
				"down": {"uv": [6, 0, 3, 4], "texture": "#0"}
			}
		},
		{
			"from": [1, 0, 1],
			"to": [2, 1, 15],
			"faces": {
				"north": {"uv": [7, 12.5, 7.25, 12.75], "texture": "#0"},
				"east": {"uv": [9, 5.25, 12.5, 5.5], "texture": "#0"},
				"south": {"uv": [12.5, 7, 12.75, 7.25], "texture": "#0"},
				"west": {"uv": [9, 5.5, 12.5, 5.75], "texture": "#0"},
				"up": {"uv": [8.25, 12.5, 8, 9], "texture": "#0"},
				"down": {"uv": [8.5, 9, 8.25, 12.5], "texture": "#0"}
			}
		},
		{
			"from": [0, 0, 3],
			"to": [1, 1, 13],
			"rotation": {"angle": 0, "axis": "y", "origin": [-1, 0, 0]},
			"faces": {
				"north": {"uv": [7.25, 12.5, 7.5, 12.75], "texture": "#0"},
				"east": {"uv": [4.5, 9.25, 7, 9.5], "texture": "#0"},
				"south": {"uv": [12.5, 7.25, 12.75, 7.5], "texture": "#0"},
				"west": {"uv": [9, 9.25, 11.5, 9.5], "texture": "#0"},
				"up": {"uv": [7.25, 11.75, 7, 9.25], "texture": "#0"},
				"down": {"uv": [7.5, 9.25, 7.25, 11.75], "texture": "#0"}
			}
		},
		{
			"from": [16, 2, 3],
			"to": [17, 3, 13],
			"rotation": {"angle": 0, "axis": "y", "origin": [15, 2, 0]},
			"faces": {
				"north": {"uv": [7.5, 12.5, 7.75, 12.75], "texture": "#0"},
				"east": {"uv": [0, 9.5, 2.5, 9.75], "texture": "#0"},
				"south": {"uv": [12.5, 7.5, 12.75, 7.75], "texture": "#0"},
				"west": {"uv": [4.5, 9.5, 7, 9.75], "texture": "#0"},
				"up": {"uv": [7.75, 11.75, 7.5, 9.25], "texture": "#0"},
				"down": {"uv": [8, 9.25, 7.75, 11.75], "texture": "#0"}
			}
		},
		{
			"from": [15, 1, 2],
			"to": [16, 2, 14],
			"rotation": {"angle": 0, "axis": "y", "origin": [14, 1, 0]},
			"faces": {
				"north": {"uv": [7.75, 12.5, 8, 12.75], "texture": "#0"},
				"east": {"uv": [9, 6.25, 12, 6.5], "texture": "#0"},
				"south": {"uv": [12.5, 7.75, 12.75, 8], "texture": "#0"},
				"west": {"uv": [9, 6.5, 12, 6.75], "texture": "#0"},
				"up": {"uv": [8.75, 12, 8.5, 9], "texture": "#0"},
				"down": {"uv": [9, 9, 8.75, 12], "texture": "#0"}
			}
		},
		{
			"from": [14, 0, 2],
			"to": [15, 1, 14],
			"rotation": {"angle": 0, "axis": "y", "origin": [13, 0, 0]},
			"faces": {
				"north": {"uv": [8, 12.5, 8.25, 12.75], "texture": "#0"},
				"east": {"uv": [9, 9, 12, 9.25], "texture": "#0"},
				"south": {"uv": [12.5, 8, 12.75, 8.25], "texture": "#0"},
				"west": {"uv": [0, 9.25, 3, 9.5], "texture": "#0"},
				"up": {"uv": [3.25, 12.25, 3, 9.25], "texture": "#0"},
				"down": {"uv": [3.5, 9.25, 3.25, 12.25], "texture": "#0"}
			}
		},
		{
			"from": [14, 1, 1],
			"to": [15, 2, 2],
			"rotation": {"angle": 0, "axis": "y", "origin": [13, 0, 1]},
			"faces": {
				"north": {"uv": [8.25, 12.5, 8.5, 12.75], "texture": "#0"},
				"east": {"uv": [12.5, 8.25, 12.75, 8.5], "texture": "#0"},
				"south": {"uv": [8.5, 12.5, 8.75, 12.75], "texture": "#0"},
				"west": {"uv": [12.5, 8.5, 12.75, 8.75], "texture": "#0"},
				"up": {"uv": [9, 12.75, 8.75, 12.5], "texture": "#0"},
				"down": {"uv": [12.75, 8.75, 12.5, 9], "texture": "#0"}
			}
		},
		{
			"from": [14, 1, 14],
			"to": [15, 2, 15],
			"rotation": {"angle": 0, "axis": "y", "origin": [13, 0, 13]},
			"faces": {
				"north": {"uv": [9, 12.5, 9.25, 12.75], "texture": "#0"},
				"east": {"uv": [12.5, 9, 12.75, 9.25], "texture": "#0"},
				"south": {"uv": [9.25, 12.5, 9.5, 12.75], "texture": "#0"},
				"west": {"uv": [12.5, 9.25, 12.75, 9.5], "texture": "#0"},
				"up": {"uv": [9.75, 12.75, 9.5, 12.5], "texture": "#0"},
				"down": {"uv": [12.75, 9.5, 12.5, 9.75], "texture": "#0"}
			}
		},
		{
			"from": [4, 1, 3],
			"to": [12, 10, 13],
			"rotation": {"angle": 0, "axis": "y", "origin": [4, 1, 3]},
			"faces": {
				"north": {"uv": [5, 4, 7, 6.75], "texture": "#0"},
				"east": {"uv": [0, 4, 2.5, 6.75], "texture": "#0"},
				"south": {"uv": [6, 0, 8, 2.75], "texture": "#0"},
				"west": {"uv": [2.5, 4, 5, 6.75], "texture": "#0"},
				"up": {"uv": [2, 9.25, 0, 6.75], "texture": "#0"},
				"down": {"uv": [4, 6.75, 2, 9.25], "texture": "#0"}
			}
		},
		{
			"from": [3, 1, 4],
			"to": [4, 9, 12],
			"rotation": {"angle": 0, "axis": "y", "origin": [2, 1, 4]},
			"faces": {
				"north": {"uv": [3.5, 9.25, 3.75, 11.75], "texture": "#0"},
				"east": {"uv": [4, 6.75, 6, 9.25], "texture": "#0"},
				"south": {"uv": [3.75, 9.25, 4, 11.75], "texture": "#0"},
				"west": {"uv": [6, 6.75, 8, 9.25], "texture": "#0"},
				"up": {"uv": [2.5, 12.5, 2.25, 10.5], "texture": "#0"},
				"down": {"uv": [2.75, 10.5, 2.5, 12.5], "texture": "#0"}
			}
		},
		{
			"from": [12, 1, 4],
			"to": [13, 9, 12],
			"rotation": {"angle": 0, "axis": "y", "origin": [11, 1, 4]},
			"faces": {
				"north": {"uv": [4, 9.25, 4.25, 11.75], "texture": "#0"},
				"east": {"uv": [7, 2.75, 9, 5.25], "texture": "#0"},
				"south": {"uv": [4.25, 9.25, 4.5, 11.75], "texture": "#0"},
				"west": {"uv": [8, 0, 10, 2.5], "texture": "#0"},
				"up": {"uv": [3, 12.5, 2.75, 10.5], "texture": "#0"},
				"down": {"uv": [6.75, 10.5, 6.5, 12.5], "texture": "#0"}
			}
		},
		{
			"from": [4, 1, 2],
			"to": [12, 4, 3],
			"rotation": {"angle": 0, "axis": "y", "origin": [4, 0, 2]},
			"faces": {
				"north": {"uv": [7, 5.25, 9, 6], "texture": "#0"},
				"east": {"uv": [3.75, 11.75, 4, 12.5], "texture": "#0"},
				"south": {"uv": [7, 6, 9, 6.75], "texture": "#0"},
				"west": {"uv": [4, 11.75, 4.25, 12.5], "texture": "#0"},
				"up": {"uv": [12, 2.5, 10, 2.25], "texture": "#0"},
				"down": {"uv": [6.5, 10.5, 4.5, 10.75], "texture": "#0"}
			}
		},
		{
			"from": [4, 1, 13],
			"to": [12, 4, 14],
			"rotation": {"angle": 0, "axis": "y", "origin": [4, 0, 13]},
			"faces": {
				"north": {"uv": [8, 6.75, 10, 7.5], "texture": "#0"},
				"east": {"uv": [11.75, 4, 12, 4.75], "texture": "#0"},
				"south": {"uv": [8, 7.5, 10, 8.25], "texture": "#0"},
				"west": {"uv": [4.25, 11.75, 4.5, 12.5], "texture": "#0"},
				"up": {"uv": [12.5, 9.75, 10.5, 9.5], "texture": "#0"},
				"down": {"uv": [12.5, 9.75, 10.5, 10], "texture": "#0"}
			}
		},
		{
			"from": [3, 1, 3],
			"to": [4, 4, 4],
			"rotation": {"angle": 0, "axis": "y", "origin": [2, 0, 2]},
			"faces": {
				"north": {"uv": [6.75, 11.75, 7, 12.5], "texture": "#0"},
				"east": {"uv": [11.75, 6.75, 12, 7.5], "texture": "#0"},
				"south": {"uv": [7, 11.75, 7.25, 12.5], "texture": "#0"},
				"west": {"uv": [7.25, 11.75, 7.5, 12.5], "texture": "#0"},
				"up": {"uv": [6.25, 12.75, 6, 12.5], "texture": "#0"},
				"down": {"uv": [12.75, 6, 12.5, 6.25], "texture": "#0"}
			}
		},
		{
			"from": [3, 1, 12],
			"to": [4, 4, 13],
			"rotation": {"angle": 0, "axis": "y", "origin": [2, 0, 11]},
			"faces": {
				"north": {"uv": [7.5, 11.75, 7.75, 12.5], "texture": "#0"},
				"east": {"uv": [7.75, 11.75, 8, 12.5], "texture": "#0"},
				"south": {"uv": [11.75, 10, 12, 10.75], "texture": "#0"},
				"west": {"uv": [10.5, 11.75, 10.75, 12.5], "texture": "#0"},
				"up": {"uv": [6.5, 12.75, 6.25, 12.5], "texture": "#0"},
				"down": {"uv": [12.75, 6.25, 12.5, 6.5], "texture": "#0"}
			}
		},
		{
			"from": [12, 1, 12],
			"to": [13, 4, 13],
			"rotation": {"angle": 0, "axis": "y", "origin": [11, 0, 11]},
			"faces": {
				"north": {"uv": [11.75, 10.75, 12, 11.5], "texture": "#0"},
				"east": {"uv": [11.75, 11.5, 12, 12.25], "texture": "#0"},
				"south": {"uv": [12, 0, 12.25, 0.75], "texture": "#0"},
				"west": {"uv": [0.75, 12, 1, 12.75], "texture": "#0"},
				"up": {"uv": [6.75, 12.75, 6.5, 12.5], "texture": "#0"},
				"down": {"uv": [12.75, 6.5, 12.5, 6.75], "texture": "#0"}
			}
		},
		{
			"from": [12, 1, 3],
			"to": [13, 4, 4],
			"rotation": {"angle": 0, "axis": "y", "origin": [11, 0, 2]},
			"faces": {
				"north": {"uv": [12, 0.75, 12.25, 1.5], "texture": "#0"},
				"east": {"uv": [1, 12, 1.25, 12.75], "texture": "#0"},
				"south": {"uv": [1.25, 12, 1.5, 12.75], "texture": "#0"},
				"west": {"uv": [12, 2.25, 12.25, 3], "texture": "#0"},
				"up": {"uv": [7, 12.75, 6.75, 12.5], "texture": "#0"},
				"down": {"uv": [12.75, 6.75, 12.5, 7], "texture": "#0"}
			}
		},
		{
			"from": [13, 1, 4],
			"to": [14, 4, 12],
			"rotation": {"angle": 0, "axis": "y", "origin": [12, 0, 3]},
			"faces": {
				"north": {"uv": [12, 3, 12.25, 3.75], "texture": "#0"},
				"east": {"uv": [8, 8.25, 10, 9], "texture": "#0"},
				"south": {"uv": [12, 3.75, 12.25, 4.5], "texture": "#0"},
				"west": {"uv": [9, 2.5, 11, 3.25], "texture": "#0"},
				"up": {"uv": [7, 11.75, 6.75, 9.75], "texture": "#0"},
				"down": {"uv": [1.75, 10.5, 1.5, 12.5], "texture": "#0"}
			}
		},
		{
			"from": [2, 1, 4],
			"to": [3, 4, 12],
			"rotation": {"angle": 0, "axis": "y", "origin": [1, 0, 3]},
			"faces": {
				"north": {"uv": [4.5, 12, 4.75, 12.75], "texture": "#0"},
				"east": {"uv": [9, 3.25, 11, 4], "texture": "#0"},
				"south": {"uv": [4.75, 12, 5, 12.75], "texture": "#0"},
				"west": {"uv": [9, 4, 11, 4.75], "texture": "#0"},
				"up": {"uv": [2, 12.5, 1.75, 10.5], "texture": "#0"},
				"down": {"uv": [2.25, 10.5, 2, 12.5], "texture": "#0"}
			}
		},
		{
			"from": [1, 4, 11],
			"to": [2, 7, 12],
			"rotation": {"angle": 0, "axis": "x", "origin": [0, 4, 11]},
			"faces": {
				"north": {"uv": [9.5, 11.25, 9.75, 12], "texture": "#0"},
				"east": {"uv": [9.75, 11.25, 10, 12], "texture": "#0"},
				"south": {"uv": [10, 11.25, 10.25, 12], "texture": "#0"},
				"west": {"uv": [10.25, 11.25, 10.5, 12], "texture": "#0"},
				"up": {"uv": [11.5, 12.25, 11.25, 12], "texture": "#0"},
				"down": {"uv": [11.75, 12, 11.5, 12.25], "texture": "#0"}
			}
		},
		{
			"from": [1, 4, 9],
			"to": [2, 7, 10],
			"rotation": {"angle": 0, "axis": "x", "origin": [0, 4, 9]},
			"faces": {
				"north": {"uv": [10.75, 11.25, 11, 12], "texture": "#0"},
				"east": {"uv": [11, 11.25, 11.25, 12], "texture": "#0"},
				"south": {"uv": [11.25, 11.25, 11.5, 12], "texture": "#0"},
				"west": {"uv": [0, 11.5, 0.25, 12.25], "texture": "#0"},
				"up": {"uv": [12.25, 11.75, 12, 11.5], "texture": "#0"},
				"down": {"uv": [12.25, 11.75, 12, 12], "texture": "#0"}
			}
		},
		{
			"from": [1, 7, 12],
			"to": [2, 8, 13],
			"rotation": {"angle": 0, "axis": "x", "origin": [0, 6, 12]},
			"faces": {
				"north": {"uv": [12, 12, 12.25, 12.25], "texture": "#0"},
				"east": {"uv": [0, 12.25, 0.25, 12.5], "texture": "#0"},
				"south": {"uv": [12.25, 0, 12.5, 0.25], "texture": "#0"},
				"west": {"uv": [0.25, 12.25, 0.5, 12.5], "texture": "#0"},
				"up": {"uv": [12.5, 0.5, 12.25, 0.25], "texture": "#0"},
				"down": {"uv": [0.75, 12.25, 0.5, 12.5], "texture": "#0"}
			}
		},
		{
			"from": [1, 6, 10],
			"to": [2, 7, 11],
			"rotation": {"angle": 0, "axis": "x", "origin": [0, 5, 10]},
			"faces": {
				"north": {"uv": [12.25, 0.5, 12.5, 0.75], "texture": "#0"},
				"east": {"uv": [12.25, 0.75, 12.5, 1], "texture": "#0"},
				"south": {"uv": [12.25, 1, 12.5, 1.25], "texture": "#0"},
				"west": {"uv": [12.25, 1.25, 12.5, 1.5], "texture": "#0"},
				"up": {"uv": [12.5, 2, 12.25, 1.75], "texture": "#0"},
				"down": {"uv": [12.5, 2, 12.25, 2.25], "texture": "#0"}
			}
		},
		{
			"from": [1, 4, 10],
			"to": [2, 5, 11],
			"rotation": {"angle": 0, "axis": "x", "origin": [0, 3, 10]},
			"faces": {
				"north": {"uv": [12.25, 2.25, 12.5, 2.5], "texture": "#0"},
				"east": {"uv": [12.25, 2.5, 12.5, 2.75], "texture": "#0"},
				"south": {"uv": [12.25, 2.75, 12.5, 3], "texture": "#0"},
				"west": {"uv": [3, 12.25, 3.25, 12.5], "texture": "#0"},
				"up": {"uv": [12.5, 3.25, 12.25, 3], "texture": "#0"},
				"down": {"uv": [3.5, 12.25, 3.25, 12.5], "texture": "#0"}
			}
		},
		{
			"from": [1, 7, 8],
			"to": [2, 8, 9],
			"rotation": {"angle": 0, "axis": "x", "origin": [0, 6, 8]},
			"faces": {
				"north": {"uv": [12.25, 3.25, 12.5, 3.5], "texture": "#0"},
				"east": {"uv": [12.25, 3.5, 12.5, 3.75], "texture": "#0"},
				"south": {"uv": [12.25, 3.75, 12.5, 4], "texture": "#0"},
				"west": {"uv": [12.25, 4, 12.5, 4.25], "texture": "#0"},
				"up": {"uv": [12.5, 4.5, 12.25, 4.25], "texture": "#0"},
				"down": {"uv": [12.5, 5.75, 12.25, 6], "texture": "#0"}
			}
		},
		{
			"from": [1, 3, 8],
			"to": [2, 4, 9],
			"rotation": {"angle": 0, "axis": "x", "origin": [0, 2, 8]},
			"faces": {
				"north": {"uv": [12.25, 6, 12.5, 6.25], "texture": "#0"},
				"east": {"uv": [12.25, 6.25, 12.5, 6.5], "texture": "#0"},
				"south": {"uv": [12.25, 6.5, 12.5, 6.75], "texture": "#0"},
				"west": {"uv": [12.25, 6.75, 12.5, 7], "texture": "#0"},
				"up": {"uv": [12.5, 7.25, 12.25, 7], "texture": "#0"},
				"down": {"uv": [12.5, 7.25, 12.25, 7.5], "texture": "#0"}
			}
		},
		{
			"from": [1, 3, 12],
			"to": [2, 4, 13],
			"rotation": {"angle": 0, "axis": "x", "origin": [0, 2, 12]},
			"faces": {
				"north": {"uv": [12.25, 7.5, 12.5, 7.75], "texture": "#0"},
				"east": {"uv": [12.25, 8.25, 12.5, 8.5], "texture": "#0"},
				"south": {"uv": [12.25, 8.5, 12.5, 8.75], "texture": "#0"},
				"west": {"uv": [8.75, 12.25, 9, 12.5], "texture": "#0"},
				"up": {"uv": [12.5, 9, 12.25, 8.75], "texture": "#0"},
				"down": {"uv": [9.25, 12.25, 9, 12.5], "texture": "#0"}
			}
		},
		{
			"from": [1, 1, 10],
			"to": [2, 4, 11],
			"rotation": {"angle": 0, "axis": "x", "origin": [0, 2, 10]},
			"faces": {
				"north": {"uv": [0.25, 11.5, 0.5, 12.25], "texture": "#0"},
				"east": {"uv": [0.5, 11.5, 0.75, 12.25], "texture": "#0"},
				"south": {"uv": [11.5, 0.5, 11.75, 1.25], "texture": "#0"},
				"west": {"uv": [11.5, 2.5, 11.75, 3.25], "texture": "#0"},
				"up": {"uv": [12.5, 9.5, 12.25, 9.25], "texture": "#0"},
				"down": {"uv": [12.5, 10, 12.25, 10.25], "texture": "#0"}
			}
		},
		{
			"from": [1, 7, 10],
			"to": [2, 10, 11],
			"rotation": {"angle": 0, "axis": "x", "origin": [0, 8, 10]},
			"faces": {
				"north": {"uv": [11.5, 3.25, 11.75, 4], "texture": "#0"},
				"east": {"uv": [11.5, 4, 11.75, 4.75], "texture": "#0"},
				"south": {"uv": [11.5, 6.75, 11.75, 7.5], "texture": "#0"},
				"west": {"uv": [11.5, 11.25, 11.75, 12], "texture": "#0"},
				"up": {"uv": [12.5, 10.5, 12.25, 10.25], "texture": "#0"},
				"down": {"uv": [12.5, 10.5, 12.25, 10.75], "texture": "#0"}
			}
		},
		{
			"from": [1, 2, 13],
			"to": [2, 3, 14],
			"rotation": {"angle": 0, "axis": "x", "origin": [0, 1, 13]},
			"faces": {
				"north": {"uv": [12.25, 10.75, 12.5, 11], "texture": "#0"},
				"east": {"uv": [12.25, 11, 12.5, 11.25], "texture": "#0"},
				"south": {"uv": [11.25, 12.25, 11.5, 12.5], "texture": "#0"},
				"west": {"uv": [12.25, 11.25, 12.5, 11.5], "texture": "#0"},
				"up": {"uv": [11.75, 12.5, 11.5, 12.25], "texture": "#0"},
				"down": {"uv": [12.5, 11.5, 12.25, 11.75], "texture": "#0"}
			}
		},
		{
			"from": [1, 2, 6],
			"to": [2, 4, 7],
			"rotation": {"angle": 0, "axis": "x", "origin": [0, 2, 6]},
			"faces": {
				"north": {"uv": [11.75, 1.25, 12, 1.75], "texture": "#0"},
				"east": {"uv": [11.75, 8.25, 12, 8.75], "texture": "#0"},
				"south": {"uv": [5, 12, 5.25, 12.5], "texture": "#0"},
				"west": {"uv": [5.25, 12, 5.5, 12.5], "texture": "#0"},
				"up": {"uv": [12, 12.5, 11.75, 12.25], "texture": "#0"},
				"down": {"uv": [12.5, 11.75, 12.25, 12], "texture": "#0"}
			}
		},
		{
			"from": [1, 2, 7],
			"to": [2, 3, 8],
			"rotation": {"angle": 0, "axis": "x", "origin": [0, 1, 7]},
			"faces": {
				"north": {"uv": [12, 12.25, 12.25, 12.5], "texture": "#0"},
				"east": {"uv": [12.25, 12, 12.5, 12.25], "texture": "#0"},
				"south": {"uv": [12.25, 12.25, 12.5, 12.5], "texture": "#0"},
				"west": {"uv": [0, 12.5, 0.25, 12.75], "texture": "#0"},
				"up": {"uv": [12.75, 0.25, 12.5, 0], "texture": "#0"},
				"down": {"uv": [0.5, 12.5, 0.25, 12.75], "texture": "#0"}
			}
		},
		{
			"from": [1, 2, 14],
			"to": [2, 4, 15],
			"rotation": {"angle": 0, "axis": "x", "origin": [0, 2, 14]},
			"faces": {
				"north": {"uv": [5.5, 12, 5.75, 12.5], "texture": "#0"},
				"east": {"uv": [5.75, 12, 6, 12.5], "texture": "#0"},
				"south": {"uv": [12, 5.75, 12.25, 6.25], "texture": "#0"},
				"west": {"uv": [6, 12, 6.25, 12.5], "texture": "#0"},
				"up": {"uv": [12.75, 0.5, 12.5, 0.25], "texture": "#0"},
				"down": {"uv": [0.75, 12.5, 0.5, 12.75], "texture": "#0"}
			}
		},
		{
			"from": [1, 8, 13],
			"to": [2, 9, 14],
			"rotation": {"angle": 0, "axis": "x", "origin": [0, 7, 13]},
			"faces": {
				"north": {"uv": [12.5, 0.5, 12.75, 0.75], "texture": "#0"},
				"east": {"uv": [12.5, 0.75, 12.75, 1], "texture": "#0"},
				"south": {"uv": [12.5, 1, 12.75, 1.25], "texture": "#0"},
				"west": {"uv": [12.5, 1.25, 12.75, 1.5], "texture": "#0"},
				"up": {"uv": [1.75, 12.75, 1.5, 12.5], "texture": "#0"},
				"down": {"uv": [12.75, 1.5, 12.5, 1.75], "texture": "#0"}
			}
		},
		{
			"from": [1, 9, 12],
			"to": [2, 10, 14],
			"rotation": {"angle": 0, "axis": "x", "origin": [0, 8, 12]},
			"faces": {
				"north": {"uv": [1.75, 12.5, 2, 12.75], "texture": "#0"},
				"east": {"uv": [2.5, 9.5, 3, 9.75], "texture": "#0"},
				"south": {"uv": [12.5, 1.75, 12.75, 2], "texture": "#0"},
				"west": {"uv": [11.5, 9.25, 12, 9.5], "texture": "#0"},
				"up": {"uv": [6.5, 12.5, 6.25, 12], "texture": "#0"},
				"down": {"uv": [12.25, 6.25, 12, 6.75], "texture": "#0"}
			}
		},
		{
			"from": [1, 9, 7],
			"to": [2, 10, 9],
			"rotation": {"angle": 0, "axis": "x", "origin": [0, 8, 8]},
			"faces": {
				"north": {"uv": [2, 12.5, 2.25, 12.75], "texture": "#0"},
				"east": {"uv": [12, 1.5, 12.5, 1.75], "texture": "#0"},
				"south": {"uv": [12.5, 2, 12.75, 2.25], "texture": "#0"},
				"west": {"uv": [12, 4.5, 12.5, 4.75], "texture": "#0"},
				"up": {"uv": [12.25, 7.25, 12, 6.75], "texture": "#0"},
				"down": {"uv": [12.25, 7.25, 12, 7.75], "texture": "#0"}
			}
		},
		{
			"from": [1, 1, 7],
			"to": [2, 2, 9],
			"rotation": {"angle": 0, "axis": "x", "origin": [0, 0, 8]},
			"faces": {
				"north": {"uv": [2.25, 12.5, 2.5, 12.75], "texture": "#0"},
				"east": {"uv": [12, 7.75, 12.5, 8], "texture": "#0"},
				"south": {"uv": [12.5, 2.25, 12.75, 2.5], "texture": "#0"},
				"west": {"uv": [12, 8, 12.5, 8.25], "texture": "#0"},
				"up": {"uv": [12.25, 8.75, 12, 8.25], "texture": "#0"},
				"down": {"uv": [8.75, 12, 8.5, 12.5], "texture": "#0"}
			}
		},
		{
			"from": [1, 5, 6],
			"to": [2, 6, 9],
			"rotation": {"angle": 0, "axis": "x", "origin": [0, 4, 8]},
			"faces": {
				"north": {"uv": [2.5, 12.5, 2.75, 12.75], "texture": "#0"},
				"east": {"uv": [11.25, 8, 12, 8.25], "texture": "#0"},
				"south": {"uv": [12.5, 2.5, 12.75, 2.75], "texture": "#0"},
				"west": {"uv": [11.5, 1.75, 12.25, 2], "texture": "#0"},
				"up": {"uv": [12, 1.25, 11.75, 0.5], "texture": "#0"},
				"down": {"uv": [12, 2.5, 11.75, 3.25], "texture": "#0"}
			}
		},
		{
			"from": [1, 5, 12],
			"to": [2, 6, 15],
			"rotation": {"angle": 0, "axis": "x", "origin": [0, 4, 14]},
			"faces": {
				"north": {"uv": [2.75, 12.5, 3, 12.75], "texture": "#0"},
				"east": {"uv": [11.5, 2, 12.25, 2.25], "texture": "#0"},
				"south": {"uv": [12.5, 2.75, 12.75, 3], "texture": "#0"},
				"west": {"uv": [11.5, 8.75, 12.25, 9], "texture": "#0"},
				"up": {"uv": [12, 4, 11.75, 3.25], "texture": "#0"},
				"down": {"uv": [3.75, 11.75, 3.5, 12.5], "texture": "#0"}
			}
		},
		{
			"from": [1, 1, 12],
			"to": [2, 2, 14],
			"rotation": {"angle": 0, "axis": "x", "origin": [0, 0, 13]},
			"faces": {
				"north": {"uv": [3, 12.5, 3.25, 12.75], "texture": "#0"},
				"east": {"uv": [8.75, 12, 9.25, 12.25], "texture": "#0"},
				"south": {"uv": [12.5, 3, 12.75, 3.25], "texture": "#0"},
				"west": {"uv": [12, 9, 12.5, 9.25], "texture": "#0"},
				"up": {"uv": [9.5, 12.5, 9.25, 12], "texture": "#0"},
				"down": {"uv": [9.75, 12, 9.5, 12.5], "texture": "#0"}
			}
		},
		{
			"from": [1, 0, 8],
			"to": [2, 1, 13],
			"rotation": {"angle": 0, "axis": "x", "origin": [0, -1, 11]},
			"faces": {
				"north": {"uv": [3.25, 12.5, 3.5, 12.75], "texture": "#0"},
				"east": {"uv": [10.5, 10, 11.75, 10.25], "texture": "#0"},
				"south": {"uv": [12.5, 3.25, 12.75, 3.5], "texture": "#0"},
				"west": {"uv": [10.5, 10.25, 11.75, 10.5], "texture": "#0"},
				"up": {"uv": [7, 4, 6.75, 2.75], "texture": "#0"},
				"down": {"uv": [10.75, 10.5, 10.5, 11.75], "texture": "#0"}
			}
		},
		{
			"from": [1, 10, 8],
			"to": [2, 11, 13],
			"rotation": {"angle": 0, "axis": "x", "origin": [0, 9, 11]},
			"faces": {
				"north": {"uv": [3.5, 12.5, 3.75, 12.75], "texture": "#0"},
				"east": {"uv": [10.75, 0, 12, 0.25], "texture": "#0"},
				"south": {"uv": [12.5, 3.5, 12.75, 3.75], "texture": "#0"},
				"west": {"uv": [10.75, 0.25, 12, 0.5], "texture": "#0"},
				"up": {"uv": [11, 1.75, 10.75, 0.5], "texture": "#0"},
				"down": {"uv": [4.75, 10.75, 4.5, 12], "texture": "#0"}
			}
		},
		{
			"from": [1, 7, 6],
			"to": [2, 9, 7],
			"rotation": {"angle": 0, "axis": "x", "origin": [0, 6, 6]},
			"faces": {
				"north": {"uv": [9.75, 12, 10, 12.5], "texture": "#0"},
				"east": {"uv": [10, 12, 10.25, 12.5], "texture": "#0"},
				"south": {"uv": [12, 10, 12.25, 10.5], "texture": "#0"},
				"west": {"uv": [10.25, 12, 10.5, 12.5], "texture": "#0"},
				"up": {"uv": [4, 12.75, 3.75, 12.5], "texture": "#0"},
				"down": {"uv": [12.75, 3.75, 12.5, 4], "texture": "#0"}
			}
		},
		{
			"from": [1, 8, 7],
			"to": [2, 9, 8],
			"rotation": {"angle": 0, "axis": "x", "origin": [0, 7, 7]},
			"faces": {
				"north": {"uv": [4, 12.5, 4.25, 12.75], "texture": "#0"},
				"east": {"uv": [12.5, 4, 12.75, 4.25], "texture": "#0"},
				"south": {"uv": [4.25, 12.5, 4.5, 12.75], "texture": "#0"},
				"west": {"uv": [12.5, 4.25, 12.75, 4.5], "texture": "#0"},
				"up": {"uv": [12.75, 4.75, 12.5, 4.5], "texture": "#0"},
				"down": {"uv": [5.25, 12.5, 5, 12.75], "texture": "#0"}
			}
		},
		{
			"from": [1, 7, 14],
			"to": [2, 9, 15],
			"rotation": {"angle": 0, "axis": "x", "origin": [0, 6, 14]},
			"faces": {
				"north": {"uv": [12, 10.5, 12.25, 11], "texture": "#0"},
				"east": {"uv": [10.75, 12, 11, 12.5], "texture": "#0"},
				"south": {"uv": [11, 12, 11.25, 12.5], "texture": "#0"},
				"west": {"uv": [12, 11, 12.25, 11.5], "texture": "#0"},
				"up": {"uv": [5.5, 12.75, 5.25, 12.5], "texture": "#0"},
				"down": {"uv": [12.75, 5.25, 12.5, 5.5], "texture": "#0"}
			}
		},
		{
			"from": [1, 3, 15],
			"to": [2, 8, 16],
			"rotation": {"angle": 0, "axis": "x", "origin": [0, 5, 15]},
			"faces": {
				"north": {"uv": [4.75, 10.75, 5, 12], "texture": "#0"},
				"east": {"uv": [5, 10.75, 5.25, 12], "texture": "#0"},
				"south": {"uv": [5.25, 10.75, 5.5, 12], "texture": "#0"},
				"west": {"uv": [5.5, 10.75, 5.75, 12], "texture": "#0"},
				"up": {"uv": [5.75, 12.75, 5.5, 12.5], "texture": "#0"},
				"down": {"uv": [12.75, 5.5, 12.5, 5.75], "texture": "#0"}
			}
		},
		{
			"from": [1, 3, 5],
			"to": [2, 8, 6],
			"rotation": {"angle": 0, "axis": "x", "origin": [0, 5, 5]},
			"faces": {
				"north": {"uv": [5.75, 10.75, 6, 12], "texture": "#0"},
				"east": {"uv": [6, 10.75, 6.25, 12], "texture": "#0"},
				"south": {"uv": [6.25, 10.75, 6.5, 12], "texture": "#0"},
				"west": {"uv": [10.75, 6.75, 11, 8], "texture": "#0"},
				"up": {"uv": [6, 12.75, 5.75, 12.5], "texture": "#0"},
				"down": {"uv": [12.75, 5.75, 12.5, 6], "texture": "#0"}
			}
		},
		{
			"from": [3, 1, 1],
			"to": [6, 2, 4],
			"rotation": {"angle": 0, "axis": "y", "origin": [2, 0, 1]},
			"faces": {
				"north": {"uv": [6, 3.5, 6.75, 3.75], "texture": "#0"},
				"east": {"uv": [6, 3.75, 6.75, 4], "texture": "#0"},
				"south": {"uv": [8, 2.5, 8.75, 2.75], "texture": "#0"},
				"west": {"uv": [10.75, 1.75, 11.5, 2], "texture": "#0"},
				"up": {"uv": [2.25, 10.5, 1.5, 9.75], "texture": "#0"},
				"down": {"uv": [3, 9.75, 2.25, 10.5], "texture": "#0"}
			}
		},
		{
			"from": [12, 2, 1],
			"to": [13, 5, 4],
			"rotation": {"angle": 0, "axis": "y", "origin": [11, 1, 1]},
			"faces": {
				"north": {"uv": [10.75, 8, 11, 8.75], "texture": "#0"},
				"east": {"uv": [4.5, 9.75, 5.25, 10.5], "texture": "#0"},
				"south": {"uv": [10.75, 10.5, 11, 11.25], "texture": "#0"},
				"west": {"uv": [5.25, 9.75, 6, 10.5], "texture": "#0"},
				"up": {"uv": [11.25, 1.25, 11, 0.5], "texture": "#0"},
				"down": {"uv": [11.25, 2.5, 11, 3.25], "texture": "#0"}
			}
		},
		{
			"from": [8, 2, 1],
			"to": [9, 5, 4],
			"rotation": {"angle": 0, "axis": "y", "origin": [7, 1, 1]},
			"faces": {
				"north": {"uv": [11, 3.25, 11.25, 4], "texture": "#0"},
				"east": {"uv": [6, 9.75, 6.75, 10.5], "texture": "#0"},
				"south": {"uv": [11, 4, 11.25, 4.75], "texture": "#0"},
				"west": {"uv": [9.75, 9.5, 10.5, 10.25], "texture": "#0"},
				"up": {"uv": [11.25, 7.5, 11, 6.75], "texture": "#0"},
				"down": {"uv": [11.25, 7.5, 11, 8.25], "texture": "#0"}
			}
		},
		{
			"from": [9, 5, 1],
			"to": [12, 6, 4],
			"rotation": {"angle": 0, "axis": "y", "origin": [8, 4, 1]},
			"faces": {
				"north": {"uv": [10.75, 2, 11.5, 2.25], "texture": "#0"},
				"east": {"uv": [10.75, 8.75, 11.5, 9], "texture": "#0"},
				"south": {"uv": [11, 1.25, 11.75, 1.5], "texture": "#0"},
				"west": {"uv": [11, 1.5, 11.75, 1.75], "texture": "#0"},
				"up": {"uv": [10.75, 0.75, 10, 0], "texture": "#0"},
				"down": {"uv": [10.75, 0.75, 10, 1.5], "texture": "#0"}
			}
		},
		{
			"from": [9, 1, 1],
			"to": [12, 2, 4],
			"rotation": {"angle": 0, "axis": "y", "origin": [8, 0, 1]},
			"faces": {
				"north": {"uv": [11, 8.25, 11.75, 8.5], "texture": "#0"},
				"east": {"uv": [11, 8.5, 11.75, 8.75], "texture": "#0"},
				"south": {"uv": [9, 11, 9.75, 11.25], "texture": "#0"},
				"west": {"uv": [9.75, 11, 10.5, 11.25], "texture": "#0"},
				"up": {"uv": [10.75, 2.25, 10, 1.5], "texture": "#0"},
				"down": {"uv": [10.75, 6.75, 10, 7.5], "texture": "#0"}
			}
		},
		{
			"from": [3, 5, 1],
			"to": [6, 6, 4],
			"rotation": {"angle": 0, "axis": "y", "origin": [2, 4, 1]},
			"faces": {
				"north": {"uv": [11, 10.5, 11.75, 10.75], "texture": "#0"},
				"east": {"uv": [11, 10.75, 11.75, 11], "texture": "#0"},
				"south": {"uv": [11, 11, 11.75, 11.25], "texture": "#0"},
				"west": {"uv": [0, 11.25, 0.75, 11.5], "texture": "#0"},
				"up": {"uv": [10.75, 8.25, 10, 7.5], "texture": "#0"},
				"down": {"uv": [10.75, 8.25, 10, 9], "texture": "#0"}
			}
		},
		{
			"from": [2, 2, 1],
			"to": [3, 5, 4],
			"rotation": {"angle": 0, "axis": "y", "origin": [1, 1, 1]},
			"faces": {
				"north": {"uv": [11.25, 0.5, 11.5, 1.25], "texture": "#0"},
				"east": {"uv": [9, 10.25, 9.75, 11], "texture": "#0"},
				"south": {"uv": [0.75, 11.25, 1, 12], "texture": "#0"},
				"west": {"uv": [9.75, 10.25, 10.5, 11], "texture": "#0"},
				"up": {"uv": [1.25, 12, 1, 11.25], "texture": "#0"},
				"down": {"uv": [1.5, 11.25, 1.25, 12], "texture": "#0"}
			}
		},
		{
			"from": [6, 2, 1],
			"to": [7, 5, 4],
			"rotation": {"angle": 0, "axis": "y", "origin": [5, 1, 1]},
			"faces": {
				"north": {"uv": [11.25, 2.5, 11.5, 3.25], "texture": "#0"},
				"east": {"uv": [0, 10.5, 0.75, 11.25], "texture": "#0"},
				"south": {"uv": [11.25, 3.25, 11.5, 4], "texture": "#0"},
				"west": {"uv": [0.75, 10.5, 1.5, 11.25], "texture": "#0"},
				"up": {"uv": [11.5, 4.75, 11.25, 4], "texture": "#0"},
				"down": {"uv": [11.5, 6.75, 11.25, 7.5], "texture": "#0"}
			}
		},
		{
			"from": [7, 3, 1],
			"to": [8, 4, 4],
			"rotation": {"angle": 0, "axis": "y", "origin": [6, 1, 1]},
			"faces": {
				"north": {"uv": [8.75, 2.5, 9, 2.75], "texture": "#0"},
				"east": {"uv": [11.25, 7.5, 12, 7.75], "texture": "#0"},
				"south": {"uv": [12, 9.25, 12.25, 9.5], "texture": "#0"},
				"west": {"uv": [11.25, 7.75, 12, 8], "texture": "#0"},
				"up": {"uv": [9.25, 12, 9, 11.25], "texture": "#0"},
				"down": {"uv": [9.5, 11.25, 9.25, 12], "texture": "#0"}
			}
		},
		{
			"from": [3, 2, 1],
			"to": [6, 5, 1],
			"rotation": {"angle": 0, "axis": "y", "origin": [3, 2, 1]},
			"faces": {
				"north": {"uv": [6, 2.75, 6.75, 3.5], "texture": "#0"},
				"east": {"uv": [0, 0, 0, 0.75], "texture": "#0"},
				"south": {"uv": [9, 9.5, 9.75, 10.25], "texture": "#0"},
				"west": {"uv": [0, 0, 0, 0.75], "texture": "#0"},
				"up": {"uv": [0.75, 0, 0, 0], "texture": "#0"},
				"down": {"uv": [0.75, 0, 0, 0], "texture": "#0"}
			}
		},
		{
			"from": [9, 2, 1],
			"to": [12, 5, 1],
			"rotation": {"angle": 0, "axis": "y", "origin": [9, 2, 1]},
			"faces": {
				"north": {"uv": [0, 9.75, 0.75, 10.5], "texture": "#0"},
				"east": {"uv": [0, 0, 0, 0.75], "texture": "#0"},
				"south": {"uv": [0.75, 9.75, 1.5, 10.5], "texture": "#0"},
				"west": {"uv": [0, 0, 0, 0.75], "texture": "#0"},
				"up": {"uv": [0.75, 0, 0, 0], "texture": "#0"},
				"down": {"uv": [0.75, 0, 0, 0], "texture": "#0"}
			}
		}
	],
	"display": {
		"thirdperson_righthand": {
			"rotation": [-20, 0, 0],
			"translation": [0, 0, -5],
			"scale": [0.8, 0.8, 0.8]
		},
		"thirdperson_lefthand": {
			"rotation": [-20, 0, 0],
			"translation": [0, 0, -5],
			"scale": [0.8, 0.8, 0.8]
		},
		"ground": {
			"translation": [0, 3.5, 0]
		},
		"gui": {
			"rotation": [17, 154, 0],
			"translation": [0.25, 0.75, 0],
			"scale": [0.8, 0.8, 0.8]
		},
		"head": {
			"translation": [0, 14, 0],
			"scale": [1.3, 1.3, 1.3]
		},
		"fixed": {
			"translation": [0, 2, -2.25]
		}
	},
	"groups": [
		{
			"name": "Base",
			"origin": [8, 8, 8],
			"color": 0,
			"children": [0, 1, 2, 3, 4, 5, 6, 7]
		},
		{
			"name": "Tube",
			"origin": [14, 0, 0],
			"color": 0,
			"children": [8, 9, 10]
		},
		{
			"name": "strap",
			"origin": [14, 0, 0],
			"color": 0,
			"children": [11, 12, 13, 14, 15, 16, 17, 18]
		},
		{
			"name": "cogwheel",
			"origin": [14, 0, 0],
			"color": 0,
			"children": [
				{
					"name": "cogwheel",
					"origin": [14, 0, 0],
					"color": 0,
					"children": [19, 20, 21, 22, 23, 24, 25, 26, 27, 28, 29, 30, 31, 32, 33, 34, 35, 36, 37, 38, 39, 40, 41, 42, 43, 44, 45, 46]
				}
			]
		},
		{
			"name": "glasses frame",
			"origin": [4, 1, 3],
			"color": 0,
			"children": [47, 48, 49, 50, 51, 52, 53, 54, 55]
		},
		{
			"name": "glass lens",
			"origin": [4, 1, 3],
			"color": 0,
			"children": [56, 57]
		}
	]
}
