{
	"credit": "Made with Blockbench",
	"texture_size": [64, 64],
	"textures": {
		"1": "item/tophattop",
		"particle": "item/tophattop"
	},
	"elements": [
		{
			"from": [3, 1, 3],
			"to": [13, 32, 13],
			"rotation": {"angle": 0, "axis": "y", "origin": [3, 1, 3]},
			"faces": {
				"north": {"uv": [0, 4, 2.5, 6.5], "texture": "#1"},
				"east": {"uv": [2.5, 4, 5, 6.5], "texture": "#1"},
				"south": {"uv": [5, 4, 7.5, 6.5], "texture": "#1"},
				"west": {"uv": [0, 6.5, 2.5, 9], "texture": "#1"},
				"up": {"uv": [5, 9, 2.5, 6.5], "texture": "#1"},
				"down": {"uv": [7.5, 6.5, 5, 9], "texture": "#1"}
			}
		},
		{
			"from": [1, 0, 0],
			"to": [15, 1, 16],
			"faces": {
				"north": {"uv": [7, 0.5, 10.5, 0.75], "texture": "#1"},
				"east": {"uv": [7, 0, 11, 0.25], "texture": "#1"},
				"south": {"uv": [7, 0.75, 10.5, 1], "texture": "#1"},
				"west": {"uv": [7, 0.25, 11, 0.5], "texture": "#1"},
				"up": {"uv": [3.5, 4, 0, 0], "texture": "#1"},
				"down": {"uv": [7, 0, 3.5, 4], "texture": "#1"}
			}
		},
		{
			"from": [0, 0, 1],
			"to": [1, 1, 15],
			"faces": {
				"north": {"uv": [7, 1.5, 7.25, 1.75], "texture": "#1"},
				"east": {"uv": [7, 1, 10.5, 1.25], "texture": "#1"},
				"south": {"uv": [7, 1.75, 7.25, 2], "texture": "#1"},
				"west": {"uv": [7, 1.25, 10.5, 1.5], "texture": "#1"},
				"up": {"uv": [7.75, 5, 7.5, 1.5], "texture": "#1"},
				"down": {"uv": [7.75, 5, 7.5, 8.5], "texture": "#1"}
			}
		},
		{
			"from": [15, 0, 1],
			"to": [16, 1, 15],
			"rotation": {"angle": 0, "axis": "y", "origin": [15, 0, 0]},
			"faces": {
				"north": {"uv": [7, 2, 7.25, 2.25], "texture": "#1"},
				"east": {"uv": [7.75, 1.5, 11.25, 1.75], "texture": "#1"},
				"south": {"uv": [7, 2.25, 7.25, 2.5], "texture": "#1"},
				"west": {"uv": [7.75, 1.75, 11.25, 2], "texture": "#1"},
				"up": {"uv": [8, 5.5, 7.75, 2], "texture": "#1"},
				"down": {"uv": [8, 5.5, 7.75, 9], "texture": "#1"}
			}
		}
	],
	"display": {
		"thirdperson_righthand": {
			"translation": [0, 5, -2.5],
			"scale": [0.8, 0.8, 0.8]
		},
		"thirdperson_lefthand": {
			"translation": [0, 5, -2.5],
			"scale": [0.8, 0.8, 0.8]
		},
		"ground": {
			"translation": [0, 4.5, 0]
		},
		"gui": {
			"rotation": [23, -28, 0],
			"translation": [0.25, 1.5, 0],
			"scale": [0.8, 0.8, 0.8]
		},
		"head": {
			"translation": [0, 14.25, 0],
			"scale": [1.3, 1.3, 1.3]
		},
		"fixed": {
			"translation": [0, 3.25, 0]
		}
	},
	"groups": [
		{
			"name": "hat",
			"origin": [8, 8, 8],
			"color": 0,
			"children": [
				{
					"name": "tube",
					"origin": [8, 8, 8],
					"color": 0,
					"children": [0]
				},
				{
					"name": "base",
					"origin": [8, 8, 8],
					"color": 0,
					"children": [1, 2, 3]
				}
			]
		}
	]
}
