{
	"model": {
		"type": "range_dispatch",
		"property": "custom_model_data",
		"fallback": {"type": "model", "model": "block/carved_pumpkin"},
		"entries": [
			{"threshold": 1, "model": {"type": "model", "model": "item/blinders"}},
			{"threshold": 2, "model": {"type": "model", "model": "item/pilothat"}},
			{"threshold": 3, "model": {"type": "model", "model": "item/steampunkhat1"}},
			{"threshold": 4, "model": {"type": "model", "model": "item/tophatsimple"}},
			{"threshold": 5, "model": {"type": "model", "model": "item/tophattop"}},
			{"threshold": 6, "model": {"type": "model", "model": "item/bunnyears"}},
			{"threshold": 7, "model": {"type": "model", "model": "item/ggpeanut"}},
			{"threshold": 8, "model": {"type": "model", "model": "item/steampunk2"}},
			{"threshold": 9, "model": {"type": "model", "model": "item/judge1"}},
			{"threshold": 10, "model": {"type": "model", "model": "item/judge2"}},
			{"threshold": 11, "model": {"type": "model", "model": "item/judgeultimate"}},
			{"threshold": 12, "model": {"type": "model", "model": "item/sortinghat"}},
			{"threshold": 13, "model": {"type": "model", "model": "item/puchef"}},
			{"threshold": 14, "model": {"type": "model", "model": "item/redstonehat"}},
			{"threshold": 15, "model": {"type": "model", "model": "item/puegg"}},
			{"threshold": 16, "model": {"type": "model", "model": "item/puturkey"}},
			{"threshold": 17, "model": {"type": "model", "model": "item/books1"}},
			{"threshold": 18, "model": {"type": "model", "model": "item/telescope"}},
			{"threshold": 19, "model": {"type": "model", "model": "item/pupizza"}},
			{"threshold": 20, "model": {"type": "model", "model": "item/gift1"}},
			{"threshold": 21, "model": {"type": "model", "model": "item/coastalbanner"}},
			{"threshold": 22, "model": {"type": "model", "model": "item/parkbench"}},
			{"threshold": 23, "model": {"type": "model", "model": "item/plushie1"}},
			{"threshold": 24, "model": {"type": "model", "model": "item/sofa1"}},
			{"threshold": 25, "model": {"type": "model", "model": "item/endermug"}},
			{"threshold": 26, "model": {"type": "model", "model": "item/beermug"}},
			{"threshold": 27, "model": {"type": "model", "model": "item/anchor"}},
			{"threshold": 28, "model": {"type": "model", "model": "item/croissant"}},
			{"threshold": 29, "model": {"type": "model", "model": "item/sandcastle"}},
			{"threshold": 30, "model": {"type": "model", "model": "item/steampunkbanner"}},
			{"threshold": 31, "model": {"type": "model", "model": "item/jacko1"}},
			{"threshold": 32, "model": {"type": "model", "model": "item/crab"}},
			{"threshold": 33, "model": {"type": "model", "model": "item/starfish"}},
			{"threshold": 34, "model": {"type": "model", "model": "item/statue1"}},
			{"threshold": 35, "model": {"type": "model", "model": "item/wheel"}},
			{"threshold": 36, "model": {"type": "model", "model": "item/goggles"}},
			{"threshold": 37, "model": {"type": "model", "model": "item/surfboard"}},
			{"threshold": 38, "model": {"type": "model", "model": "block/carved_pumpkin"}}
		]
	}
}
