{
	"model": {
		"type": "range_dispatch",
		"property": "custom_model_data",
		"fallback": {"type": "model", "model": "item/iron_nugget"},
		"entries": [
            {"threshold": 1, "model": {"type": "model", "model": "custom:item/medal1"}},
            {"threshold": 2, "model": {"type": "model", "model": "item/iron_nugget"}},
            {"threshold": 450, "model": {"type": "model", "model": "custom:item/acorn"}},
            {"threshold": 451, "model": {"type": "model", "model": "custom:item/bear_claw"}},
            {"threshold": 452, "model": {"type": "model", "model": "custom:item/blueberries"}},
            {"threshold": 453, "model": {"type": "model", "model": "custom:item/brown_skull"}},
            {"threshold": 454, "model": {"type": "model", "model": "custom:item/candycane"}},
            {"threshold": 455, "model": {"type": "model", "model": "custom:item/clam"}},
            {"threshold": 456, "model": {"type": "model", "model": "custom:item/clover"}},
            {"threshold": 457, "model": {"type": "model", "model": "custom:item/cocktail"}},
            {"threshold": 458, "model": {"type": "model", "model": "custom:item/coin"}},
            {"threshold": 459, "model": {"type": "model", "model": "custom:item/dice"}},
            {"threshold": 460, "model": {"type": "model", "model": "custom:item/dirty_bone"}},
            {"threshold": 461, "model": {"type": "model", "model": "custom:item/emerald_key"}},
            {"threshold": 462, "model": {"type": "model", "model": "custom:item/emerald"}},
            {"threshold": 463, "model": {"type": "model", "model": "custom:item/feather"}},
            {"threshold": 464, "model": {"type": "model", "model": "custom:item/flippers"}},
            {"threshold": 465, "model": {"type": "model", "model": "custom:item/gloves"}},
            {"threshold": 466, "model": {"type": "model", "model": "custom:item/headphones"}},
            {"threshold": 467, "model": {"type": "model", "model": "custom:item/log"}},
            {"threshold": 468, "model": {"type": "model", "model": "custom:item/magnifying_glass"}},
            {"threshold": 469, "model": {"type": "model", "model": "custom:item/needle"}},
            {"threshold": 470, "model": {"type": "model", "model": "custom:item/pink_mushroom"}},
            {"threshold": 471, "model": {"type": "model", "model": "custom:item/pink_necklace"}},
            {"threshold": 472, "model": {"type": "model", "model": "custom:item/pretzel"}},
            {"threshold": 473, "model": {"type": "model", "model": "custom:item/red_balloon"}},
            {"threshold": 474, "model": {"type": "model", "model": "custom:item/ring1"}},
            {"threshold": 475, "model": {"type": "model", "model": "custom:item/ring2"}},
            {"threshold": 476, "model": {"type": "model", "model": "custom:item/ruby_key"}},
            {"threshold": 477, "model": {"type": "model", "model": "custom:item/ruby"}},
            {"threshold": 478, "model": {"type": "model", "model": "custom:item/sapphire_key"}},
            {"threshold": 479, "model": {"type": "model", "model": "custom:item/sapphire"}},
            {"threshold": 480, "model": {"type": "model", "model": "custom:item/scroll"}},
            {"threshold": 481, "model": {"type": "model", "model": "custom:item/shell"}},
            {"threshold": 482, "model": {"type": "model", "model": "custom:item/slingshot"}},
            {"threshold": 483, "model": {"type": "model", "model": "custom:item/succulent"}},
            {"threshold": 484, "model": {"type": "model", "model": "custom:item/sunglasses"}},
            {"threshold": 485, "model": {"type": "model", "model": "custom:item/ticket"}},
            {"threshold": 486, "model": {"type": "model", "model": "custom:item/tooth_necklace"}},
            {"threshold": 487, "model": {"type": "model", "model": "custom:item/yarn_ball"}},
            {"threshold": 488, "model": {"type": "model", "model": "item/iron_nugget"}}
		]
	}
}
