{
	"credit": "Made with Blockbench",
	"texture_size": [64, 64],
	"textures": {
		"0": "block/custom/blinders",
		"particle": "block/custom/blinders"
	},
	"elements": [
		{
			"from": [2, 0, 2],
			"to": [3, 1, 14],
			"rotation": {"angle": 0, "axis": "y", "origin": [2, 0, 1]},
			"faces": {
				"north": {"uv": [1.5, 10.75, 1.75, 11], "texture": "#0"},
				"east": {"uv": [8, 5.25, 11, 5.5], "texture": "#0"},
				"south": {"uv": [1.75, 10.75, 2, 11], "texture": "#0"},
				"west": {"uv": [8, 5.5, 11, 5.75], "texture": "#0"},
				"up": {"uv": [7.75, 11, 7.5, 8], "texture": "#0"},
				"down": {"uv": [8, 8, 7.75, 11], "texture": "#0"}
			}
		},
		{
			"from": [0, 1, 4],
			"to": [1, 3, 12],
			"rotation": {"angle": 0, "axis": "y", "origin": [0, 1, 1]},
			"faces": {
				"north": {"uv": [9.5, 9.75, 9.75, 10.25], "texture": "#0"},
				"east": {"uv": [7.5, 7, 9.5, 7.5], "texture": "#0"},
				"south": {"uv": [9.75, 9.75, 10, 10.25], "texture": "#0"},
				"west": {"uv": [7.5, 7.5, 9.5, 8], "texture": "#0"},
				"up": {"uv": [6.25, 10.5, 6, 8.5], "texture": "#0"},
				"down": {"uv": [6.5, 8.5, 6.25, 10.5], "texture": "#0"}
			}
		},
		{
			"from": [15, 3, 5],
			"to": [16, 4, 11],
			"rotation": {"angle": 0, "axis": "y", "origin": [15, 3, 1]},
			"faces": {
				"north": {"uv": [2.5, 10.75, 2.75, 11], "texture": "#0"},
				"east": {"uv": [9.5, 0.75, 11, 1], "texture": "#0"},
				"south": {"uv": [2.75, 10.75, 3, 11], "texture": "#0"},
				"west": {"uv": [9.5, 1, 11, 1.25], "texture": "#0"},
				"up": {"uv": [2.25, 11, 2, 9.5], "texture": "#0"},
				"down": {"uv": [2.5, 9.5, 2.25, 11], "texture": "#0"}
			}
		},
		{
			"from": [1, 3, 3],
			"to": [15, 4, 13],
			"rotation": {"angle": 0, "axis": "y", "origin": [14, 3, 1]},
			"faces": {
				"north": {"uv": [4, 8, 7.5, 8.25], "texture": "#0"},
				"east": {"uv": [3, 8.75, 5.5, 9], "texture": "#0"},
				"south": {"uv": [8, 5, 11.5, 5.25], "texture": "#0"},
				"west": {"uv": [8, 8.75, 10.5, 9], "texture": "#0"},
				"up": {"uv": [3.5, 2.5, 0, 0], "texture": "#0"},
				"down": {"uv": [3.5, 2.5, 0, 5], "texture": "#0"}
			}
		},
		{
			"from": [2, 4, 3],
			"to": [14, 5, 13],
			"rotation": {"angle": 0, "axis": "y", "origin": [14, 4, 1]},
			"faces": {
				"north": {"uv": [8, 5.75, 11, 6], "texture": "#0"},
				"east": {"uv": [0, 9, 2.5, 9.25], "texture": "#0"},
				"south": {"uv": [8, 6, 11, 6.25], "texture": "#0"},
				"west": {"uv": [9, 2, 11.5, 2.25], "texture": "#0"},
				"up": {"uv": [6.5, 2.5, 3.5, 0], "texture": "#0"},
				"down": {"uv": [6.5, 2.5, 3.5, 5], "texture": "#0"}
			}
		},
		{
			"from": [3, 5, 3],
			"to": [13, 6, 13],
			"rotation": {"angle": 0, "axis": "y", "origin": [14, 5, 1]},
			"faces": {
				"north": {"uv": [9, 2.25, 11.5, 2.5], "texture": "#0"},
				"east": {"uv": [2.5, 9, 5, 9.25], "texture": "#0"},
				"south": {"uv": [9, 2.5, 11.5, 2.75], "texture": "#0"},
				"west": {"uv": [9, 2.75, 11.5, 3], "texture": "#0"},
				"up": {"uv": [2.5, 7.5, 0, 5], "texture": "#0"},
				"down": {"uv": [5, 5, 2.5, 7.5], "texture": "#0"}
			}
		},
		{
			"from": [15, 1, 4],
			"to": [16, 3, 12],
			"rotation": {"angle": 0, "axis": "y", "origin": [15, 1, 1]},
			"faces": {
				"north": {"uv": [4.5, 10, 4.75, 10.5], "texture": "#0"},
				"east": {"uv": [0, 8, 2, 8.5], "texture": "#0"},
				"south": {"uv": [4.75, 10, 5, 10.5], "texture": "#0"},
				"west": {"uv": [2, 8, 4, 8.5], "texture": "#0"},
				"up": {"uv": [6.75, 10.5, 6.5, 8.5], "texture": "#0"},
				"down": {"uv": [7, 8.5, 6.75, 10.5], "texture": "#0"}
			}
		},
		{
			"from": [1, 0, 4],
			"to": [2, 1, 12],
			"rotation": {"angle": 0, "axis": "y", "origin": [1, 0, 1]},
			"faces": {
				"north": {"uv": [3, 10.75, 3.25, 11], "texture": "#0"},
				"east": {"uv": [0, 9.5, 2, 9.75], "texture": "#0"},
				"south": {"uv": [3.25, 10.75, 3.5, 11], "texture": "#0"},
				"west": {"uv": [9.5, 0, 11.5, 0.25], "texture": "#0"},
				"up": {"uv": [5.75, 10.75, 5.5, 8.75], "texture": "#0"},
				"down": {"uv": [6, 8.75, 5.75, 10.75], "texture": "#0"}
			}
		},
		{
			"from": [1, 1, 2],
			"to": [2, 3, 4],
			"rotation": {"angle": 0, "axis": "y", "origin": [1, 1, -7]},
			"faces": {
				"north": {"uv": [10, 6.5, 10.25, 7], "texture": "#0"},
				"east": {"uv": [4.5, 9.5, 5, 10], "texture": "#0"},
				"south": {"uv": [8, 10, 8.25, 10.5], "texture": "#0"},
				"west": {"uv": [0, 9.75, 0.5, 10.25], "texture": "#0"},
				"up": {"uv": [8.5, 10.5, 8.25, 10], "texture": "#0"},
				"down": {"uv": [8.75, 10, 8.5, 10.5], "texture": "#0"}
			}
		},
		{
			"from": [1, 1, 12],
			"to": [2, 3, 14],
			"rotation": {"angle": 0, "axis": "y", "origin": [1, 1, 3]},
			"faces": {
				"north": {"uv": [8.75, 10, 9, 10.5], "texture": "#0"},
				"east": {"uv": [0.5, 9.75, 1, 10.25], "texture": "#0"},
				"south": {"uv": [9, 10, 9.25, 10.5], "texture": "#0"},
				"west": {"uv": [1, 9.75, 1.5, 10.25], "texture": "#0"},
				"up": {"uv": [9.5, 10.5, 9.25, 10], "texture": "#0"},
				"down": {"uv": [10.25, 9.75, 10, 10.25], "texture": "#0"}
			}
		},
		{
			"from": [14, 1, 2],
			"to": [15, 3, 4],
			"rotation": {"angle": 0, "axis": "y", "origin": [14, 1, -7]},
			"faces": {
				"north": {"uv": [0, 10.25, 0.25, 10.75], "texture": "#0"},
				"east": {"uv": [1.5, 9.75, 2, 10.25], "texture": "#0"},
				"south": {"uv": [0.25, 10.25, 0.5, 10.75], "texture": "#0"},
				"west": {"uv": [2.5, 9.75, 3, 10.25], "texture": "#0"},
				"up": {"uv": [0.75, 10.75, 0.5, 10.25], "texture": "#0"},
				"down": {"uv": [1, 10.25, 0.75, 10.75], "texture": "#0"}
			}
		},
		{
			"from": [14, 1, 12],
			"to": [15, 3, 14],
			"rotation": {"angle": 0, "axis": "y", "origin": [14, 1, 3]},
			"faces": {
				"north": {"uv": [1, 10.25, 1.25, 10.75], "texture": "#0"},
				"east": {"uv": [3, 9.75, 3.5, 10.25], "texture": "#0"},
				"south": {"uv": [1.25, 10.25, 1.5, 10.75], "texture": "#0"},
				"west": {"uv": [3.5, 9.75, 4, 10.25], "texture": "#0"},
				"up": {"uv": [1.75, 10.75, 1.5, 10.25], "texture": "#0"},
				"down": {"uv": [2, 10.25, 1.75, 10.75], "texture": "#0"}
			}
		},
		{
			"from": [2, 1, 1],
			"to": [3, 3, 2],
			"rotation": {"angle": 0, "axis": "y", "origin": [2, 1, -8]},
			"faces": {
				"north": {"uv": [2.5, 10.25, 2.75, 10.75], "texture": "#0"},
				"east": {"uv": [2.75, 10.25, 3, 10.75], "texture": "#0"},
				"south": {"uv": [3, 10.25, 3.25, 10.75], "texture": "#0"},
				"west": {"uv": [3.25, 10.25, 3.5, 10.75], "texture": "#0"},
				"up": {"uv": [3.75, 11, 3.5, 10.75], "texture": "#0"},
				"down": {"uv": [4, 10.75, 3.75, 11], "texture": "#0"}
			}
		},
		{
			"from": [2, 1, 14],
			"to": [3, 3, 15],
			"rotation": {"angle": 0, "axis": "y", "origin": [2, 1, 5]},
			"faces": {
				"north": {"uv": [3.5, 10.25, 3.75, 10.75], "texture": "#0"},
				"east": {"uv": [3.75, 10.25, 4, 10.75], "texture": "#0"},
				"south": {"uv": [10.25, 6.5, 10.5, 7], "texture": "#0"},
				"west": {"uv": [9.5, 10.25, 9.75, 10.75], "texture": "#0"},
				"up": {"uv": [5.75, 11, 5.5, 10.75], "texture": "#0"},
				"down": {"uv": [6, 10.75, 5.75, 11], "texture": "#0"}
			}
		},
		{
			"from": [13, 1, 14],
			"to": [14, 3, 15],
			"rotation": {"angle": 0, "axis": "y", "origin": [13, 1, 5]},
			"faces": {
				"north": {"uv": [9.75, 10.25, 10, 10.75], "texture": "#0"},
				"east": {"uv": [10.25, 9.75, 10.5, 10.25], "texture": "#0"},
				"south": {"uv": [10, 10.25, 10.25, 10.75], "texture": "#0"},
				"west": {"uv": [10.25, 10.25, 10.5, 10.75], "texture": "#0"},
				"up": {"uv": [11, 6.75, 10.75, 6.5], "texture": "#0"},
				"down": {"uv": [11, 6.75, 10.75, 7], "texture": "#0"}
			}
		},
		{
			"from": [13, 1, 1],
			"to": [14, 3, 2],
			"rotation": {"angle": 0, "axis": "y", "origin": [13, 1, -8]},
			"faces": {
				"north": {"uv": [4.5, 10.5, 4.75, 11], "texture": "#0"},
				"east": {"uv": [4.75, 10.5, 5, 11], "texture": "#0"},
				"south": {"uv": [6, 10.5, 6.25, 11], "texture": "#0"},
				"west": {"uv": [6.25, 10.5, 6.5, 11], "texture": "#0"},
				"up": {"uv": [11, 9, 10.75, 8.75], "texture": "#0"},
				"down": {"uv": [11, 9, 10.75, 9.25], "texture": "#0"}
			}
		},
		{
			"from": [3, 1, 0],
			"to": [13, 3, 1],
			"rotation": {"angle": 0, "axis": "y", "origin": [4, 1, -10]},
			"faces": {
				"north": {"uv": [6.5, 2, 9, 2.5], "texture": "#0"},
				"east": {"uv": [6.5, 10.5, 6.75, 11], "texture": "#0"},
				"south": {"uv": [6.5, 2.5, 9, 3], "texture": "#0"},
				"west": {"uv": [10.5, 6.5, 10.75, 7], "texture": "#0"},
				"up": {"uv": [11.5, 3.25, 9, 3], "texture": "#0"},
				"down": {"uv": [11.5, 3.25, 9, 3.5], "texture": "#0"}
			}
		},
		{
			"from": [5, 3, 0],
			"to": [11, 4, 1],
			"rotation": {"angle": 0, "axis": "y", "origin": [4, 2, -10]},
			"faces": {
				"north": {"uv": [9.5, 1.25, 11, 1.5], "texture": "#0"},
				"east": {"uv": [9.5, 10.75, 9.75, 11], "texture": "#0"},
				"south": {"uv": [9.5, 1.5, 11, 1.75], "texture": "#0"},
				"west": {"uv": [9.75, 10.75, 10, 11], "texture": "#0"},
				"up": {"uv": [11, 2, 9.5, 1.75], "texture": "#0"},
				"down": {"uv": [4, 9.5, 2.5, 9.75], "texture": "#0"}
			}
		},
		{
			"from": [5, 3, 15],
			"to": [11, 4, 16],
			"rotation": {"angle": 0, "axis": "y", "origin": [4, 2, 5]},
			"faces": {
				"north": {"uv": [9.5, 7, 11, 7.25], "texture": "#0"},
				"east": {"uv": [10.75, 9.75, 11, 10], "texture": "#0"},
				"south": {"uv": [9.5, 7.25, 11, 7.5], "texture": "#0"},
				"west": {"uv": [10, 10.75, 10.25, 11], "texture": "#0"},
				"up": {"uv": [11, 7.75, 9.5, 7.5], "texture": "#0"},
				"down": {"uv": [11, 7.75, 9.5, 8], "texture": "#0"}
			}
		},
		{
			"from": [3, 3, 1],
			"to": [13, 5, 2],
			"rotation": {"angle": 0, "axis": "y", "origin": [4, 2, -9]},
			"faces": {
				"north": {"uv": [6.5, 3, 9, 3.5], "texture": "#0"},
				"east": {"uv": [6.75, 10.5, 7, 11], "texture": "#0"},
				"south": {"uv": [6.5, 3.5, 9, 4], "texture": "#0"},
				"west": {"uv": [8, 10.5, 8.25, 11], "texture": "#0"},
				"up": {"uv": [11.5, 3.75, 9, 3.5], "texture": "#0"},
				"down": {"uv": [11.5, 3.75, 9, 4], "texture": "#0"}
			}
		},
		{
			"from": [3, 3, 14],
			"to": [13, 5, 15],
			"rotation": {"angle": 0, "axis": "y", "origin": [4, 2, 4]},
			"faces": {
				"north": {"uv": [6.5, 4, 9, 4.5], "texture": "#0"},
				"east": {"uv": [8.25, 10.5, 8.5, 11], "texture": "#0"},
				"south": {"uv": [6.5, 4.5, 9, 5], "texture": "#0"},
				"west": {"uv": [8.5, 10.5, 8.75, 11], "texture": "#0"},
				"up": {"uv": [11.5, 4.25, 9, 4], "texture": "#0"},
				"down": {"uv": [11.5, 4.25, 9, 4.5], "texture": "#0"}
			}
		},
		{
			"from": [2, 3, 2],
			"to": [14, 5, 3],
			"rotation": {"angle": 0, "axis": "y", "origin": [4, 2, -8]},
			"faces": {
				"north": {"uv": [6.5, 0, 9.5, 0.5], "texture": "#0"},
				"east": {"uv": [8.75, 10.5, 9, 11], "texture": "#0"},
				"south": {"uv": [6.5, 0.5, 9.5, 1], "texture": "#0"},
				"west": {"uv": [10.5, 8.75, 10.75, 9.25], "texture": "#0"},
				"up": {"uv": [11, 6.5, 8, 6.25], "texture": "#0"},
				"down": {"uv": [11, 8, 8, 8.25], "texture": "#0"}
			}
		},
		{
			"from": [2, 3, 13],
			"to": [14, 5, 14],
			"rotation": {"angle": 0, "axis": "y", "origin": [4, 2, 3]},
			"faces": {
				"north": {"uv": [6.5, 1, 9.5, 1.5], "texture": "#0"},
				"east": {"uv": [9, 10.5, 9.25, 11], "texture": "#0"},
				"south": {"uv": [6.5, 1.5, 9.5, 2], "texture": "#0"},
				"west": {"uv": [9.25, 10.5, 9.5, 11], "texture": "#0"},
				"up": {"uv": [7, 8.5, 4, 8.25], "texture": "#0"},
				"down": {"uv": [11, 8.25, 8, 8.5], "texture": "#0"}
			}
		},
		{
			"from": [3, 1, 15],
			"to": [13, 3, 16],
			"rotation": {"angle": 0, "axis": "y", "origin": [4, 1, 5]},
			"faces": {
				"north": {"uv": [5, 6.5, 7.5, 7], "texture": "#0"},
				"east": {"uv": [10.5, 9.75, 10.75, 10.25], "texture": "#0"},
				"south": {"uv": [5, 7, 7.5, 7.5], "texture": "#0"},
				"west": {"uv": [10.5, 10.25, 10.75, 10.75], "texture": "#0"},
				"up": {"uv": [11.5, 4.75, 9, 4.5], "texture": "#0"},
				"down": {"uv": [11.5, 4.75, 9, 5], "texture": "#0"}
			}
		},
		{
			"from": [0, 3, 5],
			"to": [1, 4, 11],
			"rotation": {"angle": 0, "axis": "y", "origin": [0, 3, 1]},
			"faces": {
				"north": {"uv": [10.75, 10, 11, 10.25], "texture": "#0"},
				"east": {"uv": [8, 9.5, 9.5, 9.75], "texture": "#0"},
				"south": {"uv": [10.25, 10.75, 10.5, 11], "texture": "#0"},
				"west": {"uv": [9.5, 9.5, 11, 9.75], "texture": "#0"},
				"up": {"uv": [4.25, 11, 4, 9.5], "texture": "#0"},
				"down": {"uv": [4.5, 9.5, 4.25, 11], "texture": "#0"}
			}
		},
		{
			"from": [14, 0, 4],
			"to": [15, 1, 12],
			"rotation": {"angle": 0, "axis": "y", "origin": [14, 0, 1]},
			"faces": {
				"north": {"uv": [10.75, 10.25, 11, 10.5], "texture": "#0"},
				"east": {"uv": [9.5, 0.25, 11.5, 0.5], "texture": "#0"},
				"south": {"uv": [10.5, 10.75, 10.75, 11], "texture": "#0"},
				"west": {"uv": [9.5, 0.5, 11.5, 0.75], "texture": "#0"},
				"up": {"uv": [5.25, 11, 5, 9], "texture": "#0"},
				"down": {"uv": [5.5, 9, 5.25, 11], "texture": "#0"}
			}
		},
		{
			"from": [13, 0, 2],
			"to": [14, 1, 14],
			"rotation": {"angle": 0, "axis": "y", "origin": [13, 0, 1]},
			"faces": {
				"north": {"uv": [10.75, 10.5, 11, 10.75], "texture": "#0"},
				"east": {"uv": [0, 8.5, 3, 8.75], "texture": "#0"},
				"south": {"uv": [10.75, 10.75, 11, 11], "texture": "#0"},
				"west": {"uv": [3, 8.5, 6, 8.75], "texture": "#0"},
				"up": {"uv": [7.25, 11.25, 7, 8.25], "texture": "#0"},
				"down": {"uv": [7.5, 8.25, 7.25, 11.25], "texture": "#0"}
			}
		},
		{
			"from": [3, 0, 1],
			"to": [13, 1, 3],
			"rotation": {"angle": 0, "axis": "y", "origin": [12, 0, 1]},
			"faces": {
				"north": {"uv": [8, 9, 10.5, 9.25], "texture": "#0"},
				"east": {"uv": [10.5, 9.25, 11, 9.5], "texture": "#0"},
				"south": {"uv": [0, 9.25, 2.5, 9.5], "texture": "#0"},
				"west": {"uv": [0, 10.75, 0.5, 11], "texture": "#0"},
				"up": {"uv": [2.5, 8, 0, 7.5], "texture": "#0"},
				"down": {"uv": [5, 7.5, 2.5, 8], "texture": "#0"}
			}
		},
		{
			"from": [2, 0, -1],
			"to": [14, 1, 2],
			"rotation": {"angle": 0, "axis": "y", "origin": [12, 0, 0]},
			"faces": {
				"north": {"uv": [8, 8.5, 11, 8.75], "texture": "#0"},
				"east": {"uv": [8, 9.75, 8.75, 10], "texture": "#0"},
				"south": {"uv": [0, 8.75, 3, 9], "texture": "#0"},
				"west": {"uv": [8.75, 9.75, 9.5, 10], "texture": "#0"},
				"up": {"uv": [8, 5.75, 5, 5], "texture": "#0"},
				"down": {"uv": [8, 5.75, 5, 6.5], "texture": "#0"}
			}
		},
		{
			"from": [3, 0, 13],
			"to": [13, 1, 15],
			"rotation": {"angle": 0, "axis": "y", "origin": [12, 0, 13]},
			"faces": {
				"north": {"uv": [2.5, 9.25, 5, 9.5], "texture": "#0"},
				"east": {"uv": [0.5, 10.75, 1, 11], "texture": "#0"},
				"south": {"uv": [8, 9.25, 10.5, 9.5], "texture": "#0"},
				"west": {"uv": [1, 10.75, 1.5, 11], "texture": "#0"},
				"up": {"uv": [7.5, 8, 5, 7.5], "texture": "#0"},
				"down": {"uv": [10, 6.5, 7.5, 7], "texture": "#0"}
			}
		}
	],
	"display": {
		"thirdperson_righthand": {
			"translation": [0, 4, 0],
			"scale": [0.6, 0.6, 0.6]
		},
		"thirdperson_lefthand": {
			"translation": [0, 4, 0],
			"scale": [0.6, 0.6, 0.6]
		},
		"ground": {
			"translation": [0, 3.75, 0]
		},
		"gui": {
			"rotation": [19, 140, 0],
			"translation": [0.5, 4, 0],
			"scale": [0.8, 0.8, 0.8]
		},
		"head": {
			"translation": [0, 12.25, 0],
			"scale": [1.2, 1, 1.2]
		},
		"fixed": {
			"translation": [0, 5, -1.5]
		}
	},
	"groups": [
		{
			"name": "hat",
			"origin": [8, 8, 8],
			"color": 0,
			"children": [
				{
					"name": "circle",
					"origin": [8, 8, 8],
					"color": 0,
					"children": [0, 1, 2, 3, 4, 5, 6, 7, 8, 9, 10, 11, 12, 13, 14, 15, 16, 17, 18, 19, 20, 21, 22, 23, 24, 25, 26, 27, 28, 29]
				}
			]
		}
	]
}
