{
	"credit": "Made with Blockbench",
	"texture_size": [64, 64],
	"textures": {
		"0": "block/custom/books1",
		"particle": "block/custom/books1"
	},
	"elements": [
		{
			"from": [1, 1, 3],
			"to": [7, 3, 12],
			"rotation": {"angle": 0, "axis": "y", "origin": [1, 1, 3]},
			"faces": {
				"north": {"uv": [9.25, 7.75, 10.75, 8.25], "texture": "#0"},
				"east": {"uv": [8.5, 4, 10.75, 4.5], "texture": "#0"},
				"south": {"uv": [9.25, 8.25, 10.75, 8.75], "texture": "#0"},
				"west": {"uv": [8.5, 4.5, 10.75, 5], "texture": "#0"},
				"up": {"uv": [1.5, 9.75, 0, 7.5], "texture": "#0"},
				"down": {"uv": [3, 7.5, 1.5, 9.75], "texture": "#0"}
			}
		},
		{
			"from": [0, 0, 2.5],
			"to": [7, 1, 12.5],
			"rotation": {"angle": 0, "axis": "y", "origin": [1, -1, 3]},
			"faces": {
				"north": {"uv": [0, 10, 1.75, 10.25], "texture": "#0"},
				"east": {"uv": [8.5, 5, 11, 5.25], "texture": "#0"},
				"south": {"uv": [10, 3, 11.75, 3.25], "texture": "#0"},
				"west": {"uv": [4, 9.5, 6.5, 9.75], "texture": "#0"},
				"up": {"uv": [1.75, 2.5, 0, 0], "texture": "#0"},
				"down": {"uv": [3.5, 0, 1.75, 2.5], "texture": "#0"}
			}
		},
		{
			"from": [0, 3, 2.5],
			"to": [7, 4, 12.5],
			"rotation": {"angle": 0, "axis": "y", "origin": [1, 2, 3]},
			"faces": {
				"north": {"uv": [10, 3.25, 11.75, 3.5], "texture": "#0"},
				"east": {"uv": [0, 9.75, 2.5, 10], "texture": "#0"},
				"south": {"uv": [4, 10, 5.75, 10.25], "texture": "#0"},
				"west": {"uv": [4, 9.75, 6.5, 10], "texture": "#0"},
				"up": {"uv": [1.75, 5, 0, 2.5], "texture": "#0"},
				"down": {"uv": [3.5, 2.5, 1.75, 5], "texture": "#0"}
			}
		},
		{
			"from": [7, 0, 2.5],
			"to": [8, 4, 12.5],
			"rotation": {"angle": 0, "axis": "y", "origin": [8, 2, 3]},
			"faces": {
				"north": {"uv": [5.75, 3.5, 6, 4.5], "texture": "#0"},
				"east": {"uv": [7.5, 6.75, 10, 7.75], "texture": "#0"},
				"south": {"uv": [6, 10, 6.25, 11], "texture": "#0"},
				"west": {"uv": [7.75, 0, 10.25, 1], "texture": "#0"},
				"up": {"uv": [7.25, 11.5, 7, 9], "texture": "#0"},
				"down": {"uv": [6.75, 9.5, 6.5, 12], "texture": "#0"}
			}
		},
		{
			"from": [1, 5, 2],
			"to": [7, 7, 11],
			"rotation": {"angle": -22.5, "axis": "y", "origin": [0, 5, 5]},
			"faces": {
				"north": {"uv": [4, 9, 5.5, 9.5], "texture": "#0"},
				"east": {"uv": [7.75, 3, 10, 3.5], "texture": "#0"},
				"south": {"uv": [5.5, 9, 7, 9.5], "texture": "#0"},
				"west": {"uv": [8.5, 3.5, 10.75, 4], "texture": "#0"},
				"up": {"uv": [7.5, 7.5, 6, 5.25], "texture": "#0"},
				"down": {"uv": [5, 6.75, 3.5, 9], "texture": "#0"}
			}
		},
		{
			"from": [0, 4, 1.5],
			"to": [7, 5, 11.5],
			"rotation": {"angle": -22.5, "axis": "y", "origin": [0, 3, 5]},
			"faces": {
				"north": {"uv": [10, 6.75, 11.75, 7], "texture": "#0"},
				"east": {"uv": [9.75, 5.25, 12.25, 5.5], "texture": "#0"},
				"south": {"uv": [10, 7, 11.75, 7.25], "texture": "#0"},
				"west": {"uv": [9.75, 5.5, 12.25, 5.75], "texture": "#0"},
				"up": {"uv": [5.25, 2.5, 3.5, 0], "texture": "#0"},
				"down": {"uv": [5.25, 2.5, 3.5, 5], "texture": "#0"}
			}
		},
		{
			"from": [0, 7, 1.5],
			"to": [7, 8, 11.5],
			"rotation": {"angle": -22.5, "axis": "y", "origin": [0, 6, 5]},
			"faces": {
				"north": {"uv": [10, 7.25, 11.75, 7.5], "texture": "#0"},
				"east": {"uv": [9.75, 5.75, 12.25, 6], "texture": "#0"},
				"south": {"uv": [10, 7.5, 11.75, 7.75], "texture": "#0"},
				"west": {"uv": [9.75, 6, 12.25, 6.25], "texture": "#0"},
				"up": {"uv": [1.75, 7.5, 0, 5], "texture": "#0"},
				"down": {"uv": [3.5, 5, 1.75, 7.5], "texture": "#0"}
			}
		},
		{
			"from": [7.5, 4, 4.2],
			"to": [8.5, 8, 14.2],
			"rotation": {"angle": -22.5, "axis": "y", "origin": [7, 6, 5]},
			"faces": {
				"north": {"uv": [6.25, 10, 6.5, 11], "texture": "#0"},
				"east": {"uv": [7.75, 1, 10.25, 2], "texture": "#0"},
				"south": {"uv": [10, 8.75, 10.25, 9.75], "texture": "#0"},
				"west": {"uv": [7.75, 2, 10.25, 3], "texture": "#0"},
				"up": {"uv": [7, 12, 6.75, 9.5], "texture": "#0"},
				"down": {"uv": [2.75, 9.75, 2.5, 12.25], "texture": "#0"}
			}
		},
		{
			"from": [11, 1, 3],
			"to": [13, 7, 12],
			"rotation": {"angle": 22.5, "axis": "z", "origin": [12, 2.5, 7.5]},
			"faces": {
				"north": {"uv": [5.25, 3.5, 5.75, 5], "texture": "#0"},
				"east": {"uv": [5, 7.5, 7.25, 9], "texture": "#0"},
				"south": {"uv": [9.25, 8.75, 9.75, 10.25], "texture": "#0"},
				"west": {"uv": [7.5, 5.25, 9.75, 6.75], "texture": "#0"},
				"up": {"uv": [3.5, 9.75, 3, 7.5], "texture": "#0"},
				"down": {"uv": [4, 9, 3.5, 11.25], "texture": "#0"}
			}
		},
		{
			"from": [10, 1, 2.5],
			"to": [11, 8, 12.5],
			"rotation": {"angle": 22.5, "axis": "z", "origin": [12, 2.5, 7.5]},
			"faces": {
				"north": {"uv": [1.75, 10, 2, 11.75], "texture": "#0"},
				"east": {"uv": [3.5, 5, 6, 6.75], "texture": "#0"},
				"south": {"uv": [2, 10, 2.25, 11.75], "texture": "#0"},
				"west": {"uv": [5.25, 0, 7.75, 1.75], "texture": "#0"},
				"up": {"uv": [3, 12.25, 2.75, 9.75], "texture": "#0"},
				"down": {"uv": [3.25, 9.75, 3, 12.25], "texture": "#0"}
			}
		},
		{
			"from": [13, 1, 2.5],
			"to": [14, 8, 12.5],
			"rotation": {"angle": 22.5, "axis": "z", "origin": [12, 2.5, 7.5]},
			"faces": {
				"north": {"uv": [2.25, 10, 2.5, 11.75], "texture": "#0"},
				"east": {"uv": [5.25, 1.75, 7.75, 3.5], "texture": "#0"},
				"south": {"uv": [5.75, 10, 6, 11.75], "texture": "#0"},
				"west": {"uv": [6, 3.5, 8.5, 5.25], "texture": "#0"},
				"up": {"uv": [3.5, 12.25, 3.25, 9.75], "texture": "#0"},
				"down": {"uv": [10, 8.75, 9.75, 11.25], "texture": "#0"}
			}
		},
		{
			"from": [10, 0, 2.5],
			"to": [14, 1, 12.5],
			"rotation": {"angle": 22.5, "axis": "z", "origin": [12, 2.5, 7.5]},
			"faces": {
				"north": {"uv": [5, 6.75, 6, 7], "texture": "#0"},
				"east": {"uv": [9.75, 6.25, 12.25, 6.5], "texture": "#0"},
				"south": {"uv": [5, 7, 6, 7.25], "texture": "#0"},
				"west": {"uv": [9.75, 6.5, 12.25, 6.75], "texture": "#0"},
				"up": {"uv": [8.25, 10.25, 7.25, 7.75], "texture": "#0"},
				"down": {"uv": [9.25, 7.75, 8.25, 10.25], "texture": "#0"}
			}
		}
	],
	"display": {
		"thirdperson_righthand": {
			"translation": [0, 4.5, 0],
			"scale": [0.6, 0.6, 0.6]
		},
		"thirdperson_lefthand": {
			"translation": [0, 4.5, 0],
			"scale": [0.6, 0.6, 0.6]
		},
		"ground": {
			"translation": [0, 4.75, 0]
		},
		"gui": {
			"rotation": [20, -12, 0],
			"translation": [2, 2.5, 0]
		},
		"head": {
			"translation": [0, 14.5, 0]
		},
		"fixed": {
			"rotation": [-90, 0, 0],
			"translation": [0, 0, -12.25],
			"scale": [1.5, 1.5, 1.5]
		}
	},
	"groups": [
		{
			"name": "books",
			"origin": [8, 8, 8],
			"color": 0,
			"children": [
				{
					"name": "book1",
					"origin": [8, 8, 8],
					"color": 0,
					"children": [0, 1, 2, 3]
				},
				{
					"name": "book2",
					"origin": [8, 8, 8],
					"color": 0,
					"children": [4, 5, 6, 7]
				},
				{
					"name": "book3",
					"origin": [8, 8, 8],
					"color": 0,
					"children": [8, 9, 10, 11]
				}
			]
		}
	]
}
