{
	"credit": "Made with Blockbench",
	"texture_size": [64, 64],
	"textures": {
		"0": "block/custom/crab",
		"particle": "block/custom/crab"
	},
	"elements": [
		{
			"from": [3, 2, 3],
			"to": [13, 7, 13.1],
			"rotation": {"angle": 0, "axis": "y", "origin": [7, 0, 4]},
			"faces": {
				"north": {"uv": [3, 5, 5.5, 6.25], "texture": "#0"},
				"east": {"uv": [5.5, 0, 8, 1.25], "texture": "#0"},
				"south": {"uv": [5.5, 1.25, 8, 2.5], "texture": "#0"},
				"west": {"uv": [5.5, 2.5, 8, 3.75], "texture": "#0"},
				"up": {"uv": [5.5, 2.5, 3, 0], "texture": "#0"},
				"down": {"uv": [5.5, 2.5, 3, 5], "texture": "#0"}
			}
		},
		{
			"from": [2, 3, 2],
			"to": [14, 6, 14],
			"rotation": {"angle": 0, "axis": "y", "origin": [2, 0, 4]},
			"faces": {
				"north": {"uv": [5.5, 3.75, 8.5, 4.5], "texture": "#0"},
				"east": {"uv": [5.5, 4.5, 8.5, 5.25], "texture": "#0"},
				"south": {"uv": [5.5, 5.25, 8.5, 6], "texture": "#0"},
				"west": {"uv": [0, 6, 3, 6.75], "texture": "#0"},
				"up": {"uv": [3, 3, 0, 0], "texture": "#0"},
				"down": {"uv": [3, 3, 0, 6], "texture": "#0"}
			}
		},
		{
			"from": [5, 7, 5],
			"to": [6, 10, 6],
			"rotation": {"angle": 0, "axis": "y", "origin": [4, 5, 5]},
			"faces": {
				"north": {"uv": [5.25, 6.25, 5.5, 7], "texture": "#0"},
				"east": {"uv": [8, 8, 8.25, 8.75], "texture": "#0"},
				"south": {"uv": [0, 8.25, 0.25, 9], "texture": "#0"},
				"west": {"uv": [0.25, 8.25, 0.5, 9], "texture": "#0"},
				"up": {"uv": [2.25, 8, 2, 7.75], "texture": "#0"},
				"down": {"uv": [7, 8.75, 6.75, 9], "texture": "#0"}
			}
		},
		{
			"from": [10, 7, 5],
			"to": [11, 10, 6],
			"rotation": {"angle": 0, "axis": "y", "origin": [9, 5, 5]},
			"faces": {
				"north": {"uv": [0.5, 8.25, 0.75, 9], "texture": "#0"},
				"east": {"uv": [0.75, 8.25, 1, 9], "texture": "#0"},
				"south": {"uv": [1, 8.25, 1.25, 9], "texture": "#0"},
				"west": {"uv": [1.25, 8.25, 1.5, 9], "texture": "#0"},
				"up": {"uv": [8.25, 9, 8, 8.75], "texture": "#0"},
				"down": {"uv": [9.25, 0.75, 9, 1], "texture": "#0"}
			}
		},
		{
			"from": [-1, 4, 8],
			"to": [2, 5, 9],
			"rotation": {"angle": -22.5, "axis": "z", "origin": [0, 3, 7]},
			"faces": {
				"north": {"uv": [6, 7.75, 6.75, 8], "texture": "#0"},
				"east": {"uv": [1, 9, 1.25, 9.25], "texture": "#0"},
				"south": {"uv": [1.5, 8.25, 2.25, 8.5], "texture": "#0"},
				"west": {"uv": [9, 1, 9.25, 1.25], "texture": "#0"},
				"up": {"uv": [3, 8.5, 2.25, 8.25], "texture": "#0"},
				"down": {"uv": [3.75, 8.25, 3, 8.5], "texture": "#0"}
			}
		},
		{
			"from": [-3.1, 0, 5],
			"to": [-2.1, 2.8, 6],
			"rotation": {"angle": 0, "axis": "y", "origin": [0, 0, -1]},
			"faces": {
				"north": {"uv": [3.75, 8.25, 4, 9], "texture": "#0"},
				"east": {"uv": [4, 8.25, 4.25, 9], "texture": "#0"},
				"south": {"uv": [4.25, 8.25, 4.5, 9], "texture": "#0"},
				"west": {"uv": [4.5, 8.25, 4.75, 9], "texture": "#0"},
				"up": {"uv": [1.5, 9.25, 1.25, 9], "texture": "#0"},
				"down": {"uv": [9.25, 1.25, 9, 1.5], "texture": "#0"}
			}
		},
		{
			"from": [-2, 3, 5],
			"to": [2, 4, 6],
			"rotation": {"angle": 45, "axis": "z", "origin": [-1, 2, 4]},
			"faces": {
				"north": {"uv": [0, 7.75, 1, 8], "texture": "#0"},
				"east": {"uv": [9, 1.5, 9.25, 1.75], "texture": "#0"},
				"south": {"uv": [1, 7.75, 2, 8], "texture": "#0"},
				"west": {"uv": [1.75, 9, 2, 9.25], "texture": "#0"},
				"up": {"uv": [4, 8, 3, 7.75], "texture": "#0"},
				"down": {"uv": [5, 7.75, 4, 8], "texture": "#0"}
			}
		},
		{
			"from": [-1, 4, 5],
			"to": [2, 5, 6],
			"rotation": {"angle": -22.5, "axis": "z", "origin": [0, 3, 4]},
			"faces": {
				"north": {"uv": [4.75, 8.25, 5.5, 8.5], "texture": "#0"},
				"east": {"uv": [9, 1.75, 9.25, 2], "texture": "#0"},
				"south": {"uv": [5.5, 8.25, 6.25, 8.5], "texture": "#0"},
				"west": {"uv": [2, 9, 2.25, 9.25], "texture": "#0"},
				"up": {"uv": [7, 8.5, 6.25, 8.25], "texture": "#0"},
				"down": {"uv": [9, 6.75, 8.25, 7], "texture": "#0"}
			}
		},
		{
			"from": [-3.1, 0, 11],
			"to": [-2.1, 2.8, 12],
			"rotation": {"angle": 0, "axis": "y", "origin": [0, 0, 5]},
			"faces": {
				"north": {"uv": [7, 8.25, 7.25, 9], "texture": "#0"},
				"east": {"uv": [8.25, 7, 8.5, 7.75], "texture": "#0"},
				"south": {"uv": [7.25, 8.25, 7.5, 9], "texture": "#0"},
				"west": {"uv": [7.5, 8.25, 7.75, 9], "texture": "#0"},
				"up": {"uv": [9.25, 2.25, 9, 2], "texture": "#0"},
				"down": {"uv": [2.5, 9, 2.25, 9.25], "texture": "#0"}
			}
		},
		{
			"from": [-2, 3, 11],
			"to": [2, 4, 12],
			"rotation": {"angle": 45, "axis": "z", "origin": [-1, 2, 10]},
			"faces": {
				"north": {"uv": [5, 7.75, 6, 8], "texture": "#0"},
				"east": {"uv": [9, 2.25, 9.25, 2.5], "texture": "#0"},
				"south": {"uv": [7.75, 6, 8.75, 6.25], "texture": "#0"},
				"west": {"uv": [9, 2.5, 9.25, 2.75], "texture": "#0"},
				"up": {"uv": [8.75, 6.5, 7.75, 6.25], "texture": "#0"},
				"down": {"uv": [8.75, 6.5, 7.75, 6.75], "texture": "#0"}
			}
		},
		{
			"from": [-1, 4, 11],
			"to": [2, 5, 12],
			"rotation": {"angle": -22.5, "axis": "z", "origin": [0, 3, 10]},
			"faces": {
				"north": {"uv": [8.25, 8, 9, 8.25], "texture": "#0"},
				"east": {"uv": [9, 2.75, 9.25, 3], "texture": "#0"},
				"south": {"uv": [8.25, 8.25, 9, 8.5], "texture": "#0"},
				"west": {"uv": [9, 3, 9.25, 3.25], "texture": "#0"},
				"up": {"uv": [2.25, 8.75, 1.5, 8.5], "texture": "#0"},
				"down": {"uv": [3, 8.5, 2.25, 8.75], "texture": "#0"}
			}
		},
		{
			"from": [-2, 3, 8],
			"to": [2, 4, 9],
			"rotation": {"angle": 45, "axis": "z", "origin": [-1, 2, 7]},
			"faces": {
				"north": {"uv": [7.5, 7.75, 8.5, 8], "texture": "#0"},
				"east": {"uv": [9, 3.25, 9.25, 3.5], "texture": "#0"},
				"south": {"uv": [0, 8, 1, 8.25], "texture": "#0"},
				"west": {"uv": [9, 3.5, 9.25, 3.75], "texture": "#0"},
				"up": {"uv": [9, 0.25, 8, 0], "texture": "#0"},
				"down": {"uv": [9, 0.25, 8, 0.5], "texture": "#0"}
			}
		},
		{
			"from": [-3.1, 0, 8],
			"to": [-2.1, 2.8, 9],
			"rotation": {"angle": 0, "axis": "y", "origin": [0, 0, 2]},
			"faces": {
				"north": {"uv": [7.75, 8.25, 8, 9], "texture": "#0"},
				"east": {"uv": [3, 8.5, 3.25, 9.25], "texture": "#0"},
				"south": {"uv": [3.25, 8.5, 3.5, 9.25], "texture": "#0"},
				"west": {"uv": [3.5, 8.5, 3.75, 9.25], "texture": "#0"},
				"up": {"uv": [4, 9.25, 3.75, 9], "texture": "#0"},
				"down": {"uv": [4.25, 9, 4, 9.25], "texture": "#0"}
			}
		},
		{
			"from": [14, 4, 8],
			"to": [17, 5, 9],
			"rotation": {"angle": 22.5, "axis": "z", "origin": [16, 3, 7]},
			"faces": {
				"north": {"uv": [8.5, 3.75, 9.25, 4], "texture": "#0"},
				"east": {"uv": [4.25, 9, 4.5, 9.25], "texture": "#0"},
				"south": {"uv": [8.5, 4, 9.25, 4.25], "texture": "#0"},
				"west": {"uv": [4.5, 9, 4.75, 9.25], "texture": "#0"},
				"up": {"uv": [9.25, 4.5, 8.5, 4.25], "texture": "#0"},
				"down": {"uv": [9.25, 4.5, 8.5, 4.75], "texture": "#0"}
			}
		},
		{
			"from": [18.1, 0, 5],
			"to": [19.1, 2.8, 6],
			"rotation": {"angle": 0, "axis": "y", "origin": [16, 0, -1]},
			"faces": {
				"north": {"uv": [4.75, 8.5, 5, 9.25], "texture": "#0"},
				"east": {"uv": [8.5, 4.75, 8.75, 5.5], "texture": "#0"},
				"south": {"uv": [5, 8.5, 5.25, 9.25], "texture": "#0"},
				"west": {"uv": [5.25, 8.5, 5.5, 9.25], "texture": "#0"},
				"up": {"uv": [6.25, 9.25, 6, 9], "texture": "#0"},
				"down": {"uv": [6.5, 9, 6.25, 9.25], "texture": "#0"}
			}
		},
		{
			"from": [14, 3, 5],
			"to": [18, 4, 6],
			"rotation": {"angle": -45, "axis": "z", "origin": [17, 2, 4]},
			"faces": {
				"north": {"uv": [8, 0.5, 9, 0.75], "texture": "#0"},
				"east": {"uv": [6.5, 9, 6.75, 9.25], "texture": "#0"},
				"south": {"uv": [8, 0.75, 9, 1], "texture": "#0"},
				"west": {"uv": [6.75, 9, 7, 9.25], "texture": "#0"},
				"up": {"uv": [2, 8.25, 1, 8], "texture": "#0"},
				"down": {"uv": [9, 1, 8, 1.25], "texture": "#0"}
			}
		},
		{
			"from": [14, 4, 5],
			"to": [17, 5, 6],
			"rotation": {"angle": 22.5, "axis": "z", "origin": [16, 3, 4]},
			"faces": {
				"north": {"uv": [5.5, 8.5, 6.25, 8.75], "texture": "#0"},
				"east": {"uv": [9, 6.75, 9.25, 7], "texture": "#0"},
				"south": {"uv": [8.5, 5.5, 9.25, 5.75], "texture": "#0"},
				"west": {"uv": [7, 9, 7.25, 9.25], "texture": "#0"},
				"up": {"uv": [9.25, 6, 8.5, 5.75], "texture": "#0"},
				"down": {"uv": [7, 8.5, 6.25, 8.75], "texture": "#0"}
			}
		},
		{
			"from": [18.1, 0, 11],
			"to": [19.1, 2.8, 12],
			"rotation": {"angle": 0, "axis": "y", "origin": [16, 0, 5]},
			"faces": {
				"north": {"uv": [8.5, 7, 8.75, 7.75], "texture": "#0"},
				"east": {"uv": [8.25, 8.5, 8.5, 9.25], "texture": "#0"},
				"south": {"uv": [8.5, 8.5, 8.75, 9.25], "texture": "#0"},
				"west": {"uv": [1.5, 8.75, 1.75, 9.5], "texture": "#0"},
				"up": {"uv": [7.5, 9.25, 7.25, 9], "texture": "#0"},
				"down": {"uv": [7.75, 9, 7.5, 9.25], "texture": "#0"}
			}
		},
		{
			"from": [14, 3, 11],
			"to": [18, 4, 12],
			"rotation": {"angle": -45, "axis": "z", "origin": [17, 2, 10]},
			"faces": {
				"north": {"uv": [8, 1.25, 9, 1.5], "texture": "#0"},
				"east": {"uv": [7.75, 9, 8, 9.25], "texture": "#0"},
				"south": {"uv": [8, 1.5, 9, 1.75], "texture": "#0"},
				"west": {"uv": [8, 9, 8.25, 9.25], "texture": "#0"},
				"up": {"uv": [9, 2, 8, 1.75], "texture": "#0"},
				"down": {"uv": [3, 8, 2, 8.25], "texture": "#0"}
			}
		},
		{
			"from": [14, 4, 11],
			"to": [17, 5, 12],
			"rotation": {"angle": 22.5, "axis": "z", "origin": [16, 3, 10]},
			"faces": {
				"north": {"uv": [8.5, 7.75, 9.25, 8], "texture": "#0"},
				"east": {"uv": [9, 8, 9.25, 8.25], "texture": "#0"},
				"south": {"uv": [1.75, 8.75, 2.5, 9], "texture": "#0"},
				"west": {"uv": [9, 8.25, 9.25, 8.5], "texture": "#0"},
				"up": {"uv": [9.5, 5, 8.75, 4.75], "texture": "#0"},
				"down": {"uv": [9.5, 5, 8.75, 5.25], "texture": "#0"}
			}
		},
		{
			"from": [14, 3, 8],
			"to": [18, 4, 9],
			"rotation": {"angle": -45, "axis": "z", "origin": [17, 2, 7]},
			"faces": {
				"north": {"uv": [8, 2, 9, 2.25], "texture": "#0"},
				"east": {"uv": [8.75, 9, 9, 9.25], "texture": "#0"},
				"south": {"uv": [8, 2.25, 9, 2.5], "texture": "#0"},
				"west": {"uv": [9, 9, 9.25, 9.25], "texture": "#0"},
				"up": {"uv": [9, 2.75, 8, 2.5], "texture": "#0"},
				"down": {"uv": [9, 2.75, 8, 3], "texture": "#0"}
			}
		},
		{
			"from": [18.1, 0, 8],
			"to": [19.1, 2.8, 9],
			"rotation": {"angle": 0, "axis": "y", "origin": [16, 0, 2]},
			"faces": {
				"north": {"uv": [2.5, 8.75, 2.75, 9.5], "texture": "#0"},
				"east": {"uv": [2.75, 8.75, 3, 9.5], "texture": "#0"},
				"south": {"uv": [5.5, 8.75, 5.75, 9.5], "texture": "#0"},
				"west": {"uv": [5.75, 8.75, 6, 9.5], "texture": "#0"},
				"up": {"uv": [0.25, 9.5, 0, 9.25], "texture": "#0"},
				"down": {"uv": [0.5, 9.25, 0.25, 9.5], "texture": "#0"}
			}
		},
		{
			"from": [21.5, 7, 2.5],
			"to": [24, 8, 4.5],
			"rotation": {"angle": 45, "axis": "z", "origin": [21, 3, 4]},
			"faces": {
				"north": {"uv": [8.75, 5.25, 9.5, 5.5], "texture": "#0"},
				"east": {"uv": [7, 6.75, 7.5, 7], "texture": "#0"},
				"south": {"uv": [6, 8.75, 6.75, 9], "texture": "#0"},
				"west": {"uv": [8.75, 8.5, 9.25, 8.75], "texture": "#0"},
				"up": {"uv": [7.5, 7.5, 6.75, 7], "texture": "#0"},
				"down": {"uv": [3.75, 7.25, 3, 7.75], "texture": "#0"}
			}
		},
		{
			"from": [17, 9, 2.5],
			"to": [19.5, 10, 4.5],
			"rotation": {"angle": 0, "axis": "z", "origin": [17, 14, 4]},
			"faces": {
				"north": {"uv": [8.75, 6, 9.5, 6.25], "texture": "#0"},
				"east": {"uv": [8.75, 8.75, 9.25, 9], "texture": "#0"},
				"south": {"uv": [8.75, 6.25, 9.5, 6.5], "texture": "#0"},
				"west": {"uv": [0, 9, 0.5, 9.25], "texture": "#0"},
				"up": {"uv": [4.5, 7.75, 3.75, 7.25], "texture": "#0"},
				"down": {"uv": [5.25, 7.25, 4.5, 7.75], "texture": "#0"}
			}
		},
		{
			"from": [17, 7, 2],
			"to": [20, 11, 5],
			"rotation": {"angle": 22.5, "axis": "z", "origin": [21, 3, 4]},
			"faces": {
				"north": {"uv": [5.5, 6, 6.25, 7], "texture": "#0"},
				"east": {"uv": [3, 6.25, 3.75, 7.25], "texture": "#0"},
				"south": {"uv": [3.75, 6.25, 4.5, 7.25], "texture": "#0"},
				"west": {"uv": [4.5, 6.25, 5.25, 7.25], "texture": "#0"},
				"up": {"uv": [3, 7.5, 2.25, 6.75], "texture": "#0"},
				"down": {"uv": [6, 7, 5.25, 7.75], "texture": "#0"}
			}
		},
		{
			"from": [11, 6, 3],
			"to": [15, 7, 4],
			"rotation": {"angle": 22.5, "axis": "z", "origin": [13, 8, 2]},
			"faces": {
				"north": {"uv": [3, 8, 4, 8.25], "texture": "#0"},
				"east": {"uv": [0.5, 9.25, 0.75, 9.5], "texture": "#0"},
				"south": {"uv": [8, 3, 9, 3.25], "texture": "#0"},
				"west": {"uv": [0.75, 9.25, 1, 9.5], "texture": "#0"},
				"up": {"uv": [9, 3.5, 8, 3.25], "texture": "#0"},
				"down": {"uv": [9, 3.5, 8, 3.75], "texture": "#0"}
			}
		},
		{
			"from": [-8, 7, 2.5],
			"to": [-5.5, 8, 4.5],
			"rotation": {"angle": -45, "axis": "z", "origin": [-5, 3, 4]},
			"faces": {
				"north": {"uv": [8.75, 6.5, 9.5, 6.75], "texture": "#0"},
				"east": {"uv": [9, 0, 9.5, 0.25], "texture": "#0"},
				"south": {"uv": [8.75, 7, 9.5, 7.25], "texture": "#0"},
				"west": {"uv": [9, 0.25, 9.5, 0.5], "texture": "#0"},
				"up": {"uv": [3, 8, 2.25, 7.5], "texture": "#0"},
				"down": {"uv": [7.5, 7.5, 6.75, 8], "texture": "#0"}
			}
		},
		{
			"from": [-3.5, 9, 2.5],
			"to": [-1, 10, 4.5],
			"rotation": {"angle": 0, "axis": "z", "origin": [-1, 14, 4]},
			"faces": {
				"north": {"uv": [8.75, 7.25, 9.5, 7.5], "texture": "#0"},
				"east": {"uv": [0.5, 9, 1, 9.25], "texture": "#0"},
				"south": {"uv": [8.75, 7.5, 9.5, 7.75], "texture": "#0"},
				"west": {"uv": [9, 0.5, 9.5, 0.75], "texture": "#0"},
				"up": {"uv": [8.25, 7.25, 7.5, 6.75], "texture": "#0"},
				"down": {"uv": [8.25, 7.25, 7.5, 7.75], "texture": "#0"}
			}
		},
		{
			"from": [-4, 7, 2],
			"to": [-1, 11, 5],
			"rotation": {"angle": -22.5, "axis": "z", "origin": [-5, 3, 4]},
			"faces": {
				"north": {"uv": [6.25, 6, 7, 7], "texture": "#0"},
				"east": {"uv": [0, 6.75, 0.75, 7.75], "texture": "#0"},
				"south": {"uv": [0.75, 6.75, 1.5, 7.75], "texture": "#0"},
				"west": {"uv": [1.5, 6.75, 2.25, 7.75], "texture": "#0"},
				"up": {"uv": [6.75, 7.75, 6, 7], "texture": "#0"},
				"down": {"uv": [7.75, 6, 7, 6.75], "texture": "#0"}
			}
		},
		{
			"from": [1, 6, 3],
			"to": [5, 7, 4],
			"rotation": {"angle": -22.5, "axis": "z", "origin": [3, 8, 2]},
			"faces": {
				"north": {"uv": [4, 8, 5, 8.25], "texture": "#0"},
				"east": {"uv": [9.25, 0.75, 9.5, 1], "texture": "#0"},
				"south": {"uv": [5, 8, 6, 8.25], "texture": "#0"},
				"west": {"uv": [1, 9.25, 1.25, 9.5], "texture": "#0"},
				"up": {"uv": [7, 8.25, 6, 8], "texture": "#0"},
				"down": {"uv": [8, 8, 7, 8.25], "texture": "#0"}
			}
		}
	],
	"display": {
		"thirdperson_righthand": {
			"translation": [0, 2.75, 0],
			"scale": [0.5, 0.5, 0.5]
		},
		"thirdperson_lefthand": {
			"translation": [0, 2.75, 0],
			"scale": [0.5, 0.5, 0.5]
		},
		"firstperson_righthand": {
			"translation": [0, -1, 0]
		},
		"firstperson_lefthand": {
			"translation": [0, -0.25, 0]
		},
		"ground": {
			"translation": [0, 2.25, 0],
			"scale": [0.5, 0.5, 0.5]
		},
		"gui": {
			"rotation": [9, 154, 0],
			"translation": [0.75, 0, 0],
			"scale": [0.7, 0.7, 0.7]
		},
		"head": {
			"translation": [0, 10.5, 0],
			"scale": [0.5, 0.5, 0.5]
		},
		"fixed": {
			"rotation": [-90, 0, 0],
			"translation": [0, 0, -8]
		}
	},
	"groups": [
		{
			"name": "crab",
			"origin": [8, 8, 8],
			"color": 0,
			"children": [
				{
					"name": "body",
					"origin": [8, 8, 8],
					"color": 0,
					"children": [0, 1]
				},
				{
					"name": "eyes",
					"origin": [8, 8, 8],
					"color": 0,
					"children": [2, 3]
				},
				{
					"name": "legs",
					"origin": [8, 8, 8],
					"color": 0,
					"children": [4, 5, 6, 7, 8, 9, 10, 11, 12]
				},
				{
					"name": "legs",
					"origin": [8, 8, 8],
					"color": 0,
					"children": [13, 14, 15, 16, 17, 18, 19, 20, 21]
				},
				{
					"name": "claws",
					"origin": [8, 8, 8],
					"color": 0,
					"children": [22, 23, 24, 25]
				},
				{
					"name": "claws",
					"origin": [8, 8, 8],
					"color": 0,
					"children": [26, 27, 28, 29]
				}
			]
		}
	]
}