{
	"credit": "Made with Blockbench",
	"texture_size": [64, 64],
	"textures": {
		"0": "block/custom/endermug",
		"particle": "block/custom/endermug"
	},
	"elements": [
		{
			"from": [5, 0, 5],
			"to": [11, 1, 11],
			"rotation": {"angle": 0, "axis": "y", "origin": [5, 0, 5]},
			"faces": {
				"north": {"uv": [6, 5.5, 7.5, 5.75], "texture": "#0"},
				"east": {"uv": [6, 5.75, 7.5, 6], "texture": "#0"},
				"south": {"uv": [6, 6, 7.5, 6.25], "texture": "#0"},
				"west": {"uv": [6, 6.25, 7.5, 6.5], "texture": "#0"},
				"up": {"uv": [1.5, 5.5, 0, 4], "texture": "#0"},
				"down": {"uv": [5.5, 0, 4, 1.5], "texture": "#0"}
			}
		},
		{
			"from": [4, 1, 5],
			"to": [12, 2, 11],
			"rotation": {"angle": 0, "axis": "y", "origin": [4, 1, 5]},
			"faces": {
				"north": {"uv": [5, 4.5, 7, 4.75], "texture": "#0"},
				"east": {"uv": [1.5, 6.5, 3, 6.75], "texture": "#0"},
				"south": {"uv": [5, 4.75, 7, 5], "texture": "#0"},
				"west": {"uv": [3, 6.5, 4.5, 6.75], "texture": "#0"},
				"up": {"uv": [4, 1.5, 2, 0], "texture": "#0"},
				"down": {"uv": [4, 1.5, 2, 3], "texture": "#0"}
			}
		},
		{
			"from": [5, 1, 4],
			"to": [11, 2, 12],
			"rotation": {"angle": 0, "axis": "y", "origin": [5, 1, 5]},
			"faces": {
				"north": {"uv": [6.5, 3, 8, 3.25], "texture": "#0"},
				"east": {"uv": [6, 5, 8, 5.25], "texture": "#0"},
				"south": {"uv": [6.5, 3.25, 8, 3.5], "texture": "#0"},
				"west": {"uv": [6, 5.25, 8, 5.5], "texture": "#0"},
				"up": {"uv": [3.5, 5, 2, 3], "texture": "#0"},
				"down": {"uv": [5, 3, 3.5, 5], "texture": "#0"}
			}
		},
		{
			"from": [5, 2, 3],
			"to": [11, 8, 4],
			"rotation": {"angle": 0, "axis": "y", "origin": [5, 2, 4]},
			"faces": {
				"north": {"uv": [4, 1.5, 5.5, 3], "texture": "#0"},
				"east": {"uv": [4.5, 6.5, 4.75, 8], "texture": "#0"},
				"south": {"uv": [1.5, 5, 3, 6.5], "texture": "#0"},
				"west": {"uv": [4.75, 6.5, 5, 8], "texture": "#0"},
				"up": {"uv": [8, 3.75, 6.5, 3.5], "texture": "#0"},
				"down": {"uv": [8, 3.75, 6.5, 4], "texture": "#0"}
			}
		},
		{
			"from": [12, 2, 5],
			"to": [13, 8, 11],
			"rotation": {"angle": 0, "axis": "y", "origin": [7, 2, 11]},
			"faces": {
				"north": {"uv": [5, 6.5, 5.25, 8], "texture": "#0"},
				"east": {"uv": [3, 5, 4.5, 6.5], "texture": "#0"},
				"south": {"uv": [5.25, 6.5, 5.5, 8], "texture": "#0"},
				"west": {"uv": [5, 3, 6.5, 4.5], "texture": "#0"},
				"up": {"uv": [5.75, 8, 5.5, 6.5], "texture": "#0"},
				"down": {"uv": [6, 6.5, 5.75, 8], "texture": "#0"}
			}
		},
		{
			"from": [4, 2, 4],
			"to": [5, 8, 5],
			"rotation": {"angle": 0, "axis": "y", "origin": [-1, 2, 10]},
			"faces": {
				"north": {"uv": [6, 6.5, 6.25, 8], "texture": "#0"},
				"east": {"uv": [6.25, 6.5, 6.5, 8], "texture": "#0"},
				"south": {"uv": [6.5, 6.5, 6.75, 8], "texture": "#0"},
				"west": {"uv": [1.5, 6.75, 1.75, 8.25], "texture": "#0"},
				"up": {"uv": [7.5, 3, 7.25, 2.75], "texture": "#0"},
				"down": {"uv": [7.75, 2.25, 7.5, 2.5], "texture": "#0"}
			}
		},
		{
			"from": [4, 2, 11],
			"to": [5, 8, 12],
			"rotation": {"angle": 0, "axis": "y", "origin": [-1, 2, 17]},
			"faces": {
				"north": {"uv": [1.75, 6.75, 2, 8.25], "texture": "#0"},
				"east": {"uv": [2, 6.75, 2.25, 8.25], "texture": "#0"},
				"south": {"uv": [2.25, 6.75, 2.5, 8.25], "texture": "#0"},
				"west": {"uv": [2.5, 6.75, 2.75, 8.25], "texture": "#0"},
				"up": {"uv": [7.75, 2.75, 7.5, 2.5], "texture": "#0"},
				"down": {"uv": [7.75, 2.75, 7.5, 3], "texture": "#0"}
			}
		},
		{
			"from": [11, 2, 4],
			"to": [12, 8, 5],
			"rotation": {"angle": 0, "axis": "y", "origin": [6, 2, 10]},
			"faces": {
				"north": {"uv": [2.75, 6.75, 3, 8.25], "texture": "#0"},
				"east": {"uv": [3, 6.75, 3.25, 8.25], "texture": "#0"},
				"south": {"uv": [3.25, 6.75, 3.5, 8.25], "texture": "#0"},
				"west": {"uv": [3.5, 6.75, 3.75, 8.25], "texture": "#0"},
				"up": {"uv": [7.75, 4.75, 7.5, 4.5], "texture": "#0"},
				"down": {"uv": [7.75, 4.75, 7.5, 5], "texture": "#0"}
			}
		},
		{
			"from": [11, 2, 11],
			"to": [12, 8, 12],
			"rotation": {"angle": 0, "axis": "y", "origin": [6, 2, 17]},
			"faces": {
				"north": {"uv": [3.75, 6.75, 4, 8.25], "texture": "#0"},
				"east": {"uv": [4, 6.75, 4.25, 8.25], "texture": "#0"},
				"south": {"uv": [4.25, 6.75, 4.5, 8.25], "texture": "#0"},
				"west": {"uv": [6.75, 6.5, 7, 8], "texture": "#0"},
				"up": {"uv": [7.75, 5.75, 7.5, 5.5], "texture": "#0"},
				"down": {"uv": [7.75, 5.75, 7.5, 6], "texture": "#0"}
			}
		},
		{
			"from": [3, 2, 5],
			"to": [4, 8, 11],
			"rotation": {"angle": 0, "axis": "y", "origin": [-2, 2, 11]},
			"faces": {
				"north": {"uv": [0, 7, 0.25, 8.5], "texture": "#0"},
				"east": {"uv": [4.5, 5, 6, 6.5], "texture": "#0"},
				"south": {"uv": [7, 0, 7.25, 1.5], "texture": "#0"},
				"west": {"uv": [0, 5.5, 1.5, 7], "texture": "#0"},
				"up": {"uv": [0.5, 8.5, 0.25, 7], "texture": "#0"},
				"down": {"uv": [0.75, 7, 0.5, 8.5], "texture": "#0"}
			}
		},
		{
			"from": [5, 2, 12],
			"to": [11, 8, 13],
			"rotation": {"angle": 0, "axis": "y", "origin": [5, 2, 13]},
			"faces": {
				"north": {"uv": [5.5, 0, 7, 1.5], "texture": "#0"},
				"east": {"uv": [0.75, 7, 1, 8.5], "texture": "#0"},
				"south": {"uv": [5.5, 1.5, 7, 3], "texture": "#0"},
				"west": {"uv": [1, 7, 1.25, 8.5], "texture": "#0"},
				"up": {"uv": [8, 4.25, 6.5, 4], "texture": "#0"},
				"down": {"uv": [8, 4.25, 6.5, 4.5], "texture": "#0"}
			}
		},
		{
			"from": [1, 6, 7.5],
			"to": [3, 7, 8.5],
			"rotation": {"angle": 0, "axis": "y", "origin": [1, 5, 8]},
			"faces": {
				"north": {"uv": [7, 6.5, 7.5, 6.75], "texture": "#0"},
				"east": {"uv": [7.5, 6, 7.75, 6.25], "texture": "#0"},
				"south": {"uv": [7, 6.75, 7.5, 7], "texture": "#0"},
				"west": {"uv": [7.5, 6.25, 7.75, 6.5], "texture": "#0"},
				"up": {"uv": [7.5, 7.25, 7, 7], "texture": "#0"},
				"down": {"uv": [7.75, 0, 7.25, 0.25], "texture": "#0"}
			}
		},
		{
			"from": [1, 2.5, 7.5],
			"to": [3, 3.5, 8.5],
			"rotation": {"angle": 0, "axis": "y", "origin": [1, 1, 8]},
			"faces": {
				"north": {"uv": [7.25, 0.25, 7.75, 0.5], "texture": "#0"},
				"east": {"uv": [7.5, 6.5, 7.75, 6.75], "texture": "#0"},
				"south": {"uv": [7.25, 0.5, 7.75, 0.75], "texture": "#0"},
				"west": {"uv": [7.5, 6.75, 7.75, 7], "texture": "#0"},
				"up": {"uv": [7.75, 1, 7.25, 0.75], "texture": "#0"},
				"down": {"uv": [7.75, 1, 7.25, 1.25], "texture": "#0"}
			}
		},
		{
			"from": [1, 3, 7.5],
			"to": [2, 7, 8.5],
			"rotation": {"angle": 0, "axis": "y", "origin": [1, 5, 8]},
			"faces": {
				"north": {"uv": [1.5, 4, 1.75, 5], "texture": "#0"},
				"east": {"uv": [1.75, 4, 2, 5], "texture": "#0"},
				"south": {"uv": [1.25, 7, 1.5, 8], "texture": "#0"},
				"west": {"uv": [7, 1.5, 7.25, 2.5], "texture": "#0"},
				"up": {"uv": [7.75, 7.25, 7.5, 7], "texture": "#0"},
				"down": {"uv": [7.75, 7.25, 7.5, 7.5], "texture": "#0"}
			}
		},
		{
			"from": [4, 7, 4],
			"to": [12, 7, 12],
			"rotation": {"angle": 0, "axis": "y", "origin": [5, 5, 10]},
			"faces": {
				"north": {"uv": [0, 0, 2, 0], "texture": "#0"},
				"east": {"uv": [0, 0, 2, 0], "texture": "#0"},
				"south": {"uv": [0, 0, 2, 0], "texture": "#0"},
				"west": {"uv": [0, 0, 2, 0], "texture": "#0"},
				"up": {"uv": [2, 2, 0, 0], "texture": "#0"},
				"down": {"uv": [2, 2, 0, 4], "texture": "#0"}
			}
		},
		{
			"from": [9, 8, 7],
			"to": [9, 10, 8],
			"rotation": {"angle": 0, "axis": "y", "origin": [3, 6, 13]},
			"faces": {
				"north": {"uv": [0, 0, 0, 0.5], "texture": "#0"},
				"east": {"uv": [7.25, 1.25, 7.5, 1.75], "texture": "#0"},
				"south": {"uv": [0, 0, 0, 0.5], "texture": "#0"},
				"west": {"uv": [7.25, 1.75, 7.5, 2.25], "texture": "#0"},
				"up": {"uv": [0, 0.25, 0, 0], "texture": "#0"},
				"down": {"uv": [0, 0, 0, 0.25], "texture": "#0"}
			}
		},
		{
			"from": [8, 10, 5],
			"to": [8, 12, 6],
			"rotation": {"angle": 0, "axis": "y", "origin": [2, 8, 11]},
			"faces": {
				"north": {"uv": [0, 0, 0, 0.5], "texture": "#0"},
				"east": {"uv": [7, 2.5, 7.25, 3], "texture": "#0"},
				"south": {"uv": [0, 0, 0, 0.5], "texture": "#0"},
				"west": {"uv": [7, 4.5, 7.25, 5], "texture": "#0"},
				"up": {"uv": [0, 0.25, 0, 0], "texture": "#0"},
				"down": {"uv": [0, 0, 0, 0.25], "texture": "#0"}
			}
		},
		{
			"from": [7, 9, 8],
			"to": [7, 11, 9],
			"rotation": {"angle": 0, "axis": "y", "origin": [1, 7, 14]},
			"faces": {
				"north": {"uv": [0, 0, 0, 0.5], "texture": "#0"},
				"east": {"uv": [7.25, 2.25, 7.5, 2.75], "texture": "#0"},
				"south": {"uv": [0, 0, 0, 0.5], "texture": "#0"},
				"west": {"uv": [7.25, 4.5, 7.5, 5], "texture": "#0"},
				"up": {"uv": [0, 0.25, 0, 0], "texture": "#0"},
				"down": {"uv": [0, 0, 0, 0.25], "texture": "#0"}
			}
		},
		{
			"from": [9, 10, 9],
			"to": [10, 12, 9],
			"rotation": {"angle": 0, "axis": "y", "origin": [4, 8, 15]},
			"faces": {
				"north": {"uv": [7, 7.25, 7.25, 7.75], "texture": "#0"},
				"east": {"uv": [0, 0, 0, 0.5], "texture": "#0"},
				"south": {"uv": [7.25, 7.25, 7.5, 7.75], "texture": "#0"},
				"west": {"uv": [0, 0, 0, 0.5], "texture": "#0"},
				"up": {"uv": [0.25, 0, 0, 0], "texture": "#0"},
				"down": {"uv": [0.25, 0, 0, 0], "texture": "#0"}
			}
		},
		{
			"from": [8, 7, 9],
			"to": [9, 9, 9],
			"rotation": {"angle": 0, "axis": "y", "origin": [3, 5, 15]},
			"faces": {
				"north": {"uv": [7.5, 1.25, 7.75, 1.75], "texture": "#0"},
				"east": {"uv": [0, 0, 0, 0.5], "texture": "#0"},
				"south": {"uv": [7.5, 1.75, 7.75, 2.25], "texture": "#0"},
				"west": {"uv": [0, 0, 0, 0.5], "texture": "#0"},
				"up": {"uv": [0.25, 0, 0, 0], "texture": "#0"},
				"down": {"uv": [0.25, 0, 0, 0], "texture": "#0"}
			}
		}
	],
	"display": {
		"thirdperson_righthand": {
			"translation": [0, 3.5, 0],
			"scale": [0.7, 0.7, 0.7]
		},
		"thirdperson_lefthand": {
			"translation": [0, 3.5, 0],
			"scale": [0.7, 0.7, 0.7]
		},
		"ground": {
			"translation": [0, 3.5, 0],
			"scale": [0.8, 0.8, 0.8]
		},
		"gui": {
			"rotation": [0, 180, 0],
			"translation": [-0.25, 2.75, 0]
		},
		"head": {
			"translation": [0, 13.75, 0]
		},
		"fixed": {
			"rotation": [-90, 0, 0],
			"translation": [0, 0, -8]
		}
	},
	"groups": [
		{
			"name": "mug",
			"origin": [8, 8, 8],
			"color": 0,
			"children": [
				{
					"name": "base",
					"origin": [8, 8, 8],
					"color": 0,
					"children": [0, 1, 2, 3, 4, 5, 6, 7, 8, 9, 10]
				},
				{
					"name": "handle",
					"origin": [8, 8, 8],
					"color": 0,
					"children": [11, 12, 13]
				},
				{
					"name": "steam",
					"origin": [8, 8, 8],
					"color": 0,
					"children": [14, 15, 16, 17, 18, 19]
				}
			]
		}
	]
}
