{
	"credit": "Made with Blockbench",
	"texture_size": [64, 64],
	"textures": {
		"0": "block/custom/ggpeanut",
		"particle": "block/custom/ggpeanut"
	},
	"elements": [
		{
			"from": [2, 0, 2],
			"to": [14, 5, 14],
			"rotation": {"angle": 0, "axis": "y", "origin": [2, 0, 2]},
			"faces": {
				"north": {"uv": [5.5, 0, 8.5, 1.25], "texture": "#0"},
				"east": {"uv": [5.5, 1.25, 8.5, 2.5], "texture": "#0"},
				"south": {"uv": [5.5, 2.5, 8.5, 3.75], "texture": "#0"},
				"west": {"uv": [5.5, 3.75, 8.5, 5], "texture": "#0"},
				"up": {"uv": [3, 3, 0, 0], "texture": "#0"},
				"down": {"uv": [3, 3, 0, 6], "texture": "#0"}
			}
		},
		{
			"from": [2, 0, 14],
			"to": [14, 1, 15],
			"rotation": {"angle": 0, "axis": "y", "origin": [2, 0, 3]},
			"faces": {
				"north": {"uv": [10.5, 7.75, 13.5, 8], "texture": "#0"},
				"east": {"uv": [11.75, 10.5, 12, 10.75], "texture": "#0"},
				"south": {"uv": [10.5, 8, 13.5, 8.25], "texture": "#0"},
				"west": {"uv": [11.75, 10.75, 12, 11], "texture": "#0"},
				"up": {"uv": [3, 11.5, 0, 11.25], "texture": "#0"},
				"down": {"uv": [6, 11.25, 3, 11.5], "texture": "#0"}
			}
		},
		{
			"from": [2, 0, 1],
			"to": [14, 1, 2],
			"rotation": {"angle": 0, "axis": "y", "origin": [2, 0, -10]},
			"faces": {
				"north": {"uv": [10, 11.25, 13, 11.5], "texture": "#0"},
				"east": {"uv": [11.75, 11, 12, 11.25], "texture": "#0"},
				"south": {"uv": [0, 11.5, 3, 11.75], "texture": "#0"},
				"west": {"uv": [11.75, 11.5, 12, 11.75], "texture": "#0"},
				"up": {"uv": [14.5, 0.25, 11.5, 0], "texture": "#0"},
				"down": {"uv": [14.5, 0.25, 11.5, 0.5], "texture": "#0"}
			}
		},
		{
			"from": [2, 5, 15],
			"to": [14, 8, 16],
			"rotation": {"angle": 22.5, "axis": "x", "origin": [2, 5, 4]},
			"faces": {
				"north": {"uv": [4, 8.25, 7, 9], "texture": "#0"},
				"east": {"uv": [11.5, 10.5, 11.75, 11.25], "texture": "#0"},
				"south": {"uv": [8.5, 0, 11.5, 0.75], "texture": "#0"},
				"west": {"uv": [2.75, 11.75, 3, 12.5], "texture": "#0"},
				"up": {"uv": [14.5, 0.75, 11.5, 0.5], "texture": "#0"},
				"down": {"uv": [14.5, 0.75, 11.5, 1], "texture": "#0"}
			}
		},
		{
			"from": [2, -4, 2],
			"to": [14, -1, 3],
			"rotation": {"angle": -22.5, "axis": "x", "origin": [2, -4, -9]},
			"faces": {
				"north": {"uv": [8.5, 0.75, 11.5, 1.5], "texture": "#0"},
				"east": {"uv": [8, 11.75, 8.25, 12.5], "texture": "#0"},
				"south": {"uv": [8.5, 1.5, 11.5, 2.25], "texture": "#0"},
				"west": {"uv": [8.25, 11.75, 8.5, 12.5], "texture": "#0"},
				"up": {"uv": [14.5, 1.25, 11.5, 1], "texture": "#0"},
				"down": {"uv": [14.5, 1.25, 11.5, 1.5], "texture": "#0"}
			}
		},
		{
			"from": [-0.2, 5, 2],
			"to": [0.8, 8, 14],
			"rotation": {"angle": 22.5, "axis": "z", "origin": [11.8, 5, 2]},
			"faces": {
				"north": {"uv": [8.5, 11.75, 8.75, 12.5], "texture": "#0"},
				"east": {"uv": [8.5, 2.25, 11.5, 3], "texture": "#0"},
				"south": {"uv": [8.75, 11.75, 9, 12.5], "texture": "#0"},
				"west": {"uv": [8.5, 3, 11.5, 3.75], "texture": "#0"},
				"up": {"uv": [7.75, 14, 7.5, 11], "texture": "#0"},
				"down": {"uv": [8, 11, 7.75, 14], "texture": "#0"}
			}
		},
		{
			"from": [13, -4, 2],
			"to": [14, -1, 14],
			"rotation": {"angle": -22.5, "axis": "z", "origin": [25, -4, 2]},
			"faces": {
				"north": {"uv": [9, 11.75, 9.25, 12.5], "texture": "#0"},
				"east": {"uv": [8.5, 3.75, 11.5, 4.5], "texture": "#0"},
				"south": {"uv": [9.25, 11.75, 9.5, 12.5], "texture": "#0"},
				"west": {"uv": [7, 8.75, 10, 9.5], "texture": "#0"},
				"up": {"uv": [6.25, 14.25, 6, 11.25], "texture": "#0"},
				"down": {"uv": [6.5, 11.25, 6.25, 14.25], "texture": "#0"}
			}
		},
		{
			"from": [3, 1, 3],
			"to": [13, 6, 13],
			"rotation": {"angle": 0, "axis": "y", "origin": [2, 1, 2]},
			"faces": {
				"north": {"uv": [0, 6, 2.5, 7.25], "texture": "#0"},
				"east": {"uv": [2.5, 7, 5, 8.25], "texture": "#0"},
				"south": {"uv": [5, 7, 7.5, 8.25], "texture": "#0"},
				"west": {"uv": [7, 5, 9.5, 6.25], "texture": "#0"},
				"up": {"uv": [5.5, 2.5, 3, 0], "texture": "#0"},
				"down": {"uv": [5.5, 2.5, 3, 5], "texture": "#0"}
			}
		},
		{
			"from": [4, 2, 4],
			"to": [12, 7, 12],
			"rotation": {"angle": 0, "axis": "y", "origin": [2, 2, 2]},
			"faces": {
				"north": {"uv": [0, 7.25, 2, 8.5], "texture": "#0"},
				"east": {"uv": [7.5, 6.25, 9.5, 7.5], "texture": "#0"},
				"south": {"uv": [7.5, 7.5, 9.5, 8.75], "texture": "#0"},
				"west": {"uv": [2, 8.25, 4, 9.5], "texture": "#0"},
				"up": {"uv": [5, 7, 3, 5], "texture": "#0"},
				"down": {"uv": [7, 5, 5, 7], "texture": "#0"}
			}
		},
		{
			"from": [14, 0, 2],
			"to": [15, 1, 14],
			"rotation": {"angle": 0, "axis": "y", "origin": [14, 0, 0]},
			"faces": {
				"north": {"uv": [11.75, 11.75, 12, 12], "texture": "#0"},
				"east": {"uv": [11.5, 1.5, 14.5, 1.75], "texture": "#0"},
				"south": {"uv": [12, 4.5, 12.25, 4.75], "texture": "#0"},
				"west": {"uv": [11.5, 1.75, 14.5, 2], "texture": "#0"},
				"up": {"uv": [3.25, 14.5, 3, 11.5], "texture": "#0"},
				"down": {"uv": [3.5, 11.5, 3.25, 14.5], "texture": "#0"}
			}
		},
		{
			"from": [1, 0, 2],
			"to": [2, 1, 14],
			"rotation": {"angle": 0, "axis": "y", "origin": [1, 0, 0]},
			"faces": {
				"north": {"uv": [12, 4.75, 12.25, 5], "texture": "#0"},
				"east": {"uv": [11.5, 2, 14.5, 2.25], "texture": "#0"},
				"south": {"uv": [12, 5, 12.25, 5.25], "texture": "#0"},
				"west": {"uv": [11.5, 2.25, 14.5, 2.5], "texture": "#0"},
				"up": {"uv": [3.75, 14.5, 3.5, 11.5], "texture": "#0"},
				"down": {"uv": [4, 11.5, 3.75, 14.5], "texture": "#0"}
			}
		},
		{
			"from": [0.8, -1, 2],
			"to": [2, 2.8, 3.2],
			"rotation": {"angle": -22.5, "axis": "x", "origin": [1, 0, 0]},
			"faces": {
				"north": {"uv": [6.5, 10, 6.75, 11], "texture": "#0"},
				"east": {"uv": [6.75, 10, 7, 11], "texture": "#0"},
				"south": {"uv": [11, 11.5, 11.25, 12.5], "texture": "#0"},
				"west": {"uv": [11.25, 11.5, 11.5, 12.5], "texture": "#0"},
				"up": {"uv": [12.25, 5.5, 12, 5.25], "texture": "#0"},
				"down": {"uv": [12.25, 5.5, 12, 5.75], "texture": "#0"}
			}
		},
		{
			"from": [13.8, 1.2, 13],
			"to": [15, 5, 14.2],
			"rotation": {"angle": 22.5, "axis": "x", "origin": [14, 1.2, 11.2]},
			"faces": {
				"north": {"uv": [11.5, 11.5, 11.75, 12.5], "texture": "#0"},
				"east": {"uv": [0, 11.75, 0.25, 12.75], "texture": "#0"},
				"south": {"uv": [0.25, 11.75, 0.5, 12.75], "texture": "#0"},
				"west": {"uv": [0.5, 11.75, 0.75, 12.75], "texture": "#0"},
				"up": {"uv": [12.25, 6, 12, 5.75], "texture": "#0"},
				"down": {"uv": [12.25, 6, 12, 6.25], "texture": "#0"}
			}
		},
		{
			"from": [0.8, 1.2, 13],
			"to": [2, 5, 14.2],
			"rotation": {"angle": 22.5, "axis": "x", "origin": [1, 1.2, 11.2]},
			"faces": {
				"north": {"uv": [0.75, 11.75, 1, 12.75], "texture": "#0"},
				"east": {"uv": [1, 11.75, 1.25, 12.75], "texture": "#0"},
				"south": {"uv": [1.25, 11.75, 1.5, 12.75], "texture": "#0"},
				"west": {"uv": [1.5, 11.75, 1.75, 12.75], "texture": "#0"},
				"up": {"uv": [12.25, 6.5, 12, 6.25], "texture": "#0"},
				"down": {"uv": [6.75, 12, 6.5, 12.25], "texture": "#0"}
			}
		},
		{
			"from": [13.8, -1, 2],
			"to": [15, 2.8, 3.2],
			"rotation": {"angle": -22.5, "axis": "x", "origin": [14, 0, 0]},
			"faces": {
				"north": {"uv": [1.75, 11.75, 2, 12.75], "texture": "#0"},
				"east": {"uv": [2, 11.75, 2.25, 12.75], "texture": "#0"},
				"south": {"uv": [2.25, 11.75, 2.5, 12.75], "texture": "#0"},
				"west": {"uv": [2.5, 11.75, 2.75, 12.75], "texture": "#0"},
				"up": {"uv": [12.25, 6.75, 12, 6.5], "texture": "#0"},
				"down": {"uv": [7, 12, 6.75, 12.25], "texture": "#0"}
			}
		},
		{
			"from": [7, 7, 7],
			"to": [9, 9, 9],
			"rotation": {"angle": 0, "axis": "y", "origin": [7, 7, 7]},
			"faces": {
				"north": {"uv": [7, 6.25, 7.5, 6.75], "texture": "#0"},
				"east": {"uv": [7, 8.25, 7.5, 8.75], "texture": "#0"},
				"south": {"uv": [8.5, 4.5, 9, 5], "texture": "#0"},
				"west": {"uv": [9, 4.5, 9.5, 5], "texture": "#0"},
				"up": {"uv": [4, 10, 3.5, 9.5], "texture": "#0"},
				"down": {"uv": [10, 8.25, 9.5, 8.75], "texture": "#0"}
			}
		},
		{
			"from": [7, 14, 6],
			"to": [9, 15, 10],
			"rotation": {"angle": 0, "axis": "y", "origin": [7, 14, 7]},
			"faces": {
				"north": {"uv": [7, 6.75, 7.5, 7], "texture": "#0"},
				"east": {"uv": [11.5, 4, 12.5, 4.25], "texture": "#0"},
				"south": {"uv": [9.5, 11.75, 10, 12], "texture": "#0"},
				"west": {"uv": [11.5, 4.25, 12.5, 4.5], "texture": "#0"},
				"up": {"uv": [3, 7, 2.5, 6], "texture": "#0"},
				"down": {"uv": [2.5, 7.25, 2, 8.25], "texture": "#0"}
			}
		},
		{
			"from": [6, 9, 6],
			"to": [10, 14, 10],
			"rotation": {"angle": 0, "axis": "y", "origin": [7, 9, 7]},
			"faces": {
				"north": {"uv": [9.5, 7, 10.5, 8.25], "texture": "#0"},
				"east": {"uv": [8, 9.5, 9, 10.75], "texture": "#0"},
				"south": {"uv": [9, 9.5, 10, 10.75], "texture": "#0"},
				"west": {"uv": [0, 10, 1, 11.25], "texture": "#0"},
				"up": {"uv": [9, 11.75, 8, 10.75], "texture": "#0"},
				"down": {"uv": [10, 10.75, 9, 11.75], "texture": "#0"}
			}
		},
		{
			"from": [6, 16, 5],
			"to": [10, 19, 11],
			"rotation": {"angle": 0, "axis": "y", "origin": [7, 16, 12]},
			"faces": {
				"north": {"uv": [11.5, 2.5, 12.5, 3.25], "texture": "#0"},
				"east": {"uv": [10, 8.25, 11.5, 9], "texture": "#0"},
				"south": {"uv": [11.5, 3.25, 12.5, 4], "texture": "#0"},
				"west": {"uv": [10, 9, 11.5, 9.75], "texture": "#0"},
				"up": {"uv": [1, 10, 0, 8.5], "texture": "#0"},
				"down": {"uv": [2, 8.5, 1, 10], "texture": "#0"}
			}
		},
		{
			"from": [5, 16, 6],
			"to": [11, 19, 10],
			"rotation": {"angle": 0, "axis": "y", "origin": [6, 15, 7]},
			"faces": {
				"north": {"uv": [10, 9.75, 11.5, 10.5], "texture": "#0"},
				"east": {"uv": [4, 11.5, 5, 12.25], "texture": "#0"},
				"south": {"uv": [2, 10.5, 3.5, 11.25], "texture": "#0"},
				"west": {"uv": [5, 11.5, 6, 12.25], "texture": "#0"},
				"up": {"uv": [5.5, 10, 4, 9], "texture": "#0"},
				"down": {"uv": [7, 9, 5.5, 10], "texture": "#0"}
			}
		},
		{
			"from": [6, 15, 6],
			"to": [10, 20, 10],
			"rotation": {"angle": 0, "axis": "y", "origin": [7, 15, 7]},
			"faces": {
				"north": {"uv": [1, 10, 2, 11.25], "texture": "#0"},
				"east": {"uv": [3.5, 10, 4.5, 11.25], "texture": "#0"},
				"south": {"uv": [4.5, 10, 5.5, 11.25], "texture": "#0"},
				"west": {"uv": [5.5, 10, 6.5, 11.25], "texture": "#0"},
				"up": {"uv": [12, 5.5, 11, 4.5], "texture": "#0"},
				"down": {"uv": [7.5, 11, 6.5, 12], "texture": "#0"}
			}
		},
		{
			"from": [5, 10, 6],
			"to": [11, 13, 10],
			"rotation": {"angle": 0, "axis": "y", "origin": [6, 9, 7]},
			"faces": {
				"north": {"uv": [10.5, 5.5, 12, 6.25], "texture": "#0"},
				"east": {"uv": [11.5, 8.25, 12.5, 9], "texture": "#0"},
				"south": {"uv": [10.5, 6.25, 12, 7], "texture": "#0"},
				"west": {"uv": [11.5, 9, 12.5, 9.75], "texture": "#0"},
				"up": {"uv": [3.5, 10.5, 2, 9.5], "texture": "#0"},
				"down": {"uv": [11, 4.5, 9.5, 5.5], "texture": "#0"}
			}
		},
		{
			"from": [6, 10, 5],
			"to": [10, 13, 11],
			"rotation": {"angle": 0, "axis": "y", "origin": [7, 10, 12]},
			"faces": {
				"north": {"uv": [11.5, 9.75, 12.5, 10.5], "texture": "#0"},
				"east": {"uv": [10.5, 7, 12, 7.75], "texture": "#0"},
				"south": {"uv": [10, 11.5, 11, 12.25], "texture": "#0"},
				"west": {"uv": [10, 10.5, 11.5, 11.25], "texture": "#0"},
				"up": {"uv": [10.5, 7, 9.5, 5.5], "texture": "#0"},
				"down": {"uv": [8, 9.5, 7, 11], "texture": "#0"}
			}
		}
	],
	"display": {
		"thirdperson_righthand": {
			"translation": [0, 2.5, -2.5],
			"scale": [0.8, 0.8, 0.8]
		},
		"thirdperson_lefthand": {
			"translation": [0, 2.5, -2.5],
			"scale": [0.8, 0.8, 0.8]
		},
		"ground": {
			"translation": [0, 4.5, 0]
		},
		"gui": {
			"rotation": [11, 146, 0],
			"translation": [0, -0.75, 0],
			"scale": [0.8, 0.8, 0.8]
		},
		"head": {
			"translation": [0, 14.5, 0],
			"scale": [1.2, 1.2, 1.2]
		},
		"fixed": {
			"translation": [0, 0, -2]
		}
	},
	"groups": [
		{
			"name": "hat",
			"origin": [8, 8, 8],
			"color": 0,
			"children": [
				{
					"name": "base",
					"origin": [8, 8, 8],
					"color": 0,
					"children": [0, 1, 2, 3, 4, 5, 6, 7, 8, 9, 10, 11, 12, 13, 14]
				},
				{
					"name": "peanut",
					"origin": [8, 8, 8],
					"color": 0,
					"children": [15, 16, 17, 18, 19, 20, 21, 22]
				}
			]
		}
	]
}
