{
	"credit": "Made with Blockbench",
	"texture_size": [128, 128],
	"textures": {
		"0": "block/custom/jacko1",
		"particle": "block/custom/jacko1"
	},
	"elements": [
		{
			"from": [1, 14, 0],
			"to": [15, 15, 1],
			"faces": {
				"north": {"uv": [9, 5.625, 10.75, 5.75], "texture": "#0"},
				"east": {"uv": [0.625, 9.625, 0.75, 9.75], "texture": "#0"},
				"south": {"uv": [9, 5.75, 10.75, 5.875], "texture": "#0"},
				"west": {"uv": [0.75, 9.625, 0.875, 9.75], "texture": "#0"},
				"up": {"uv": [10.75, 6, 9, 5.875], "texture": "#0"},
				"down": {"uv": [10.75, 6, 9, 6.125], "texture": "#0"}
			}
		},
		{
			"from": [1, 1, 0],
			"to": [15, 2, 1],
			"rotation": {"angle": 0, "axis": "y", "origin": [0, -13, 0]},
			"faces": {
				"north": {"uv": [4.5, 9, 6.25, 9.125], "texture": "#0"},
				"east": {"uv": [0.375, 9.625, 0.5, 9.75], "texture": "#0"},
				"south": {"uv": [9, 5.25, 10.75, 5.375], "texture": "#0"},
				"west": {"uv": [0.5, 9.625, 0.625, 9.75], "texture": "#0"},
				"up": {"uv": [10.75, 5.5, 9, 5.375], "texture": "#0"},
				"down": {"uv": [10.75, 5.5, 9, 5.625], "texture": "#0"}
			}
		},
		{
			"from": [1, 2, 0],
			"to": [2, 14, 1],
			"rotation": {"angle": 0, "axis": "y", "origin": [0, -1, 0]},
			"faces": {
				"north": {"uv": [8.25, 9.125, 8.375, 10.625], "texture": "#0"},
				"east": {"uv": [8.375, 9.125, 8.5, 10.625], "texture": "#0"},
				"south": {"uv": [8.5, 9.125, 8.625, 10.625], "texture": "#0"},
				"west": {"uv": [8.625, 9.125, 8.75, 10.625], "texture": "#0"},
				"up": {"uv": [1, 9.75, 0.875, 9.625], "texture": "#0"},
				"down": {"uv": [9.75, 3.25, 9.625, 3.375], "texture": "#0"}
			}
		},
		{
			"from": [6, 10, 0],
			"to": [10, 14, 1],
			"rotation": {"angle": 0, "axis": "y", "origin": [6, -1, 0]},
			"faces": {
				"north": {"uv": [1.5, 5.75, 2, 6.25], "texture": "#0"},
				"east": {"uv": [4.375, 9.375, 4.5, 9.875], "texture": "#0"},
				"south": {"uv": [1.5, 6.25, 2, 6.75], "texture": "#0"},
				"west": {"uv": [4.5, 9.375, 4.625, 9.875], "texture": "#0"},
				"up": {"uv": [9.75, 7.875, 9.25, 7.75], "texture": "#0"},
				"down": {"uv": [9.875, 4.5, 9.375, 4.625], "texture": "#0"}
			}
		},
		{
			"from": [2, 6, 0],
			"to": [6, 10, 1],
			"rotation": {"angle": 0, "axis": "y", "origin": [3, -5, 0]},
			"faces": {
				"north": {"uv": [7.5, 2, 8, 2.5], "texture": "#0"},
				"east": {"uv": [4.625, 9.375, 4.75, 9.875], "texture": "#0"},
				"south": {"uv": [7.5, 2.5, 8, 3], "texture": "#0"},
				"west": {"uv": [4.75, 9.375, 4.875, 9.875], "texture": "#0"},
				"up": {"uv": [9.875, 4.75, 9.375, 4.625], "texture": "#0"},
				"down": {"uv": [5.375, 9.375, 4.875, 9.5], "texture": "#0"}
			}
		},
		{
			"from": [10, 6, 0],
			"to": [14, 10, 1],
			"rotation": {"angle": 0, "axis": "y", "origin": [11, -5, 0]},
			"faces": {
				"north": {"uv": [7.5, 3, 8, 3.5], "texture": "#0"},
				"east": {"uv": [5.375, 9.375, 5.5, 9.875], "texture": "#0"},
				"south": {"uv": [4, 8.75, 4.5, 9.25], "texture": "#0"},
				"west": {"uv": [5.5, 9.375, 5.625, 9.875], "texture": "#0"},
				"up": {"uv": [0.5, 9.625, 0, 9.5], "texture": "#0"},
				"down": {"uv": [1, 9.5, 0.5, 9.625], "texture": "#0"}
			}
		},
		{
			"from": [2, 2, 0],
			"to": [4, 6, 1],
			"rotation": {"angle": 0, "axis": "y", "origin": [1, -9, 0]},
			"faces": {
				"north": {"uv": [7.25, 6.5, 7.5, 7], "texture": "#0"},
				"east": {"uv": [1, 9.5, 1.125, 10], "texture": "#0"},
				"south": {"uv": [8, 3, 8.25, 3.5], "texture": "#0"},
				"west": {"uv": [1.125, 9.5, 1.25, 10], "texture": "#0"},
				"up": {"uv": [5.125, 9.625, 4.875, 9.5], "texture": "#0"},
				"down": {"uv": [5.375, 9.5, 5.125, 9.625], "texture": "#0"}
			}
		},
		{
			"from": [12, 2, 0],
			"to": [14, 6, 1],
			"rotation": {"angle": 0, "axis": "y", "origin": [11, -9, 0]},
			"faces": {
				"north": {"uv": [5.875, 9.25, 6.125, 9.75], "texture": "#0"},
				"east": {"uv": [1.25, 9.5, 1.375, 10], "texture": "#0"},
				"south": {"uv": [9.25, 6.125, 9.5, 6.625], "texture": "#0"},
				"west": {"uv": [1.375, 9.5, 1.5, 10], "texture": "#0"},
				"up": {"uv": [9.75, 6.25, 9.5, 6.125], "texture": "#0"},
				"down": {"uv": [9.75, 6.25, 9.5, 6.375], "texture": "#0"}
			}
		},
		{
			"from": [6, 2, 0],
			"to": [10, 4, 1],
			"rotation": {"angle": 0, "axis": "y", "origin": [6, -9, 0]},
			"faces": {
				"north": {"uv": [1.5, 6.75, 2, 7], "texture": "#0"},
				"east": {"uv": [9.5, 6.375, 9.625, 6.625], "texture": "#0"},
				"south": {"uv": [9.25, 4.875, 9.75, 5.125], "texture": "#0"},
				"west": {"uv": [9.5, 6.625, 9.625, 6.875], "texture": "#0"},
				"up": {"uv": [10, 3.875, 9.5, 3.75], "texture": "#0"},
				"down": {"uv": [10, 3.875, 9.5, 4], "texture": "#0"}
			}
		},
		{
			"from": [14, 2, 0],
			"to": [15, 14, 1],
			"rotation": {"angle": 0, "axis": "y", "origin": [12, -1, 0]},
			"faces": {
				"north": {"uv": [8.75, 9.125, 8.875, 10.625], "texture": "#0"},
				"east": {"uv": [8.875, 9.125, 9, 10.625], "texture": "#0"},
				"south": {"uv": [9, 9.125, 9.125, 10.625], "texture": "#0"},
				"west": {"uv": [9.125, 9.125, 9.25, 10.625], "texture": "#0"},
				"up": {"uv": [9.75, 3.5, 9.625, 3.375], "texture": "#0"},
				"down": {"uv": [9.75, 3.5, 9.625, 3.625], "texture": "#0"}
			}
		},
		{
			"from": [0, 1, 17],
			"to": [16, 15, 18],
			"rotation": {"angle": 0, "axis": "y", "origin": [0, 0, 17]},
			"faces": {
				"north": {"uv": [2, 0, 4, 1.75], "texture": "#0"},
				"east": {"uv": [9, 6.125, 9.125, 7.875], "texture": "#0"},
				"south": {"uv": [2, 1.75, 4, 3.5], "texture": "#0"},
				"west": {"uv": [6.25, 9, 6.375, 10.75], "texture": "#0"},
				"up": {"uv": [11, 2.125, 9, 2], "texture": "#0"},
				"down": {"uv": [11, 2.125, 9, 2.25], "texture": "#0"}
			}
		},
		{
			"from": [0, 0, 1],
			"to": [16, 1, 17],
			"rotation": {"angle": 0, "axis": "y", "origin": [0, -2, 1]},
			"faces": {
				"north": {"uv": [9, 2.25, 11, 2.375], "texture": "#0"},
				"east": {"uv": [9, 2.375, 11, 2.5], "texture": "#0"},
				"south": {"uv": [9, 2.5, 11, 2.625], "texture": "#0"},
				"west": {"uv": [9, 2.625, 11, 2.75], "texture": "#0"},
				"up": {"uv": [2, 2, 0, 0], "texture": "#0"},
				"down": {"uv": [2, 2, 0, 4], "texture": "#0"}
			}
		},
		{
			"from": [1, -1, 2],
			"to": [15, 0, 16],
			"rotation": {"angle": 0, "axis": "y", "origin": [0, -3, 1]},
			"faces": {
				"north": {"uv": [6.375, 9, 8.125, 9.125], "texture": "#0"},
				"east": {"uv": [9, 7.875, 10.75, 8], "texture": "#0"},
				"south": {"uv": [9, 8, 10.75, 8.125], "texture": "#0"},
				"west": {"uv": [8.125, 9, 9.875, 9.125], "texture": "#0"},
				"up": {"uv": [5.75, 5.25, 4, 3.5], "texture": "#0"},
				"down": {"uv": [3.75, 5.25, 2, 7], "texture": "#0"}
			}
		},
		{
			"from": [1, 15, 1],
			"to": [15, 17, 2],
			"rotation": {"angle": 0, "axis": "y", "origin": [0, 14, 1]},
			"faces": {
				"north": {"uv": [9, 0, 10.75, 0.25], "texture": "#0"},
				"east": {"uv": [9.5, 6.875, 9.625, 7.125], "texture": "#0"},
				"south": {"uv": [9, 0.25, 10.75, 0.5], "texture": "#0"},
				"west": {"uv": [9.5, 7.125, 9.625, 7.375], "texture": "#0"},
				"up": {"uv": [10.75, 8.25, 9, 8.125], "texture": "#0"},
				"down": {"uv": [10.75, 8.25, 9, 8.375], "texture": "#0"}
			}
		},
		{
			"from": [1, 15, 16],
			"to": [15, 17, 17],
			"rotation": {"angle": 0, "axis": "y", "origin": [0, 14, 16]},
			"faces": {
				"north": {"uv": [9, 0.5, 10.75, 0.75], "texture": "#0"},
				"east": {"uv": [9.5, 7.375, 9.625, 7.625], "texture": "#0"},
				"south": {"uv": [9, 0.75, 10.75, 1], "texture": "#0"},
				"west": {"uv": [9.5, 9.125, 9.625, 9.375], "texture": "#0"},
				"up": {"uv": [10.75, 8.5, 9, 8.375], "texture": "#0"},
				"down": {"uv": [10.75, 8.5, 9, 8.625], "texture": "#0"}
			}
		},
		{
			"from": [1, 17, 2],
			"to": [15, 18, 16],
			"rotation": {"angle": 0, "axis": "y", "origin": [0, 16, 2]},
			"faces": {
				"north": {"uv": [9, 8.625, 10.75, 8.75], "texture": "#0"},
				"east": {"uv": [9, 8.75, 10.75, 8.875], "texture": "#0"},
				"south": {"uv": [9, 8.875, 10.75, 9], "texture": "#0"},
				"west": {"uv": [4.5, 9.125, 6.25, 9.25], "texture": "#0"},
				"up": {"uv": [5.5, 7, 3.75, 5.25], "texture": "#0"},
				"down": {"uv": [7.25, 5.25, 5.5, 7], "texture": "#0"}
			}
		},
		{
			"from": [0, 15, 2],
			"to": [1, 17, 16],
			"rotation": {"angle": 0, "axis": "y", "origin": [-1, 15, 2]},
			"faces": {
				"north": {"uv": [9.5, 9.375, 9.625, 9.625], "texture": "#0"},
				"east": {"uv": [9, 1, 10.75, 1.25], "texture": "#0"},
				"south": {"uv": [0, 9.625, 0.125, 9.875], "texture": "#0"},
				"west": {"uv": [9, 1.25, 10.75, 1.5], "texture": "#0"},
				"up": {"uv": [9.25, 7.875, 9.125, 6.125], "texture": "#0"},
				"down": {"uv": [6.5, 9.125, 6.375, 10.875], "texture": "#0"}
			}
		},
		{
			"from": [-1, 1, 1],
			"to": [1, 15, 17],
			"rotation": {"angle": 0, "axis": "y", "origin": [-2, 13, 2]},
			"faces": {
				"north": {"uv": [3, 8.75, 3.25, 10.5], "texture": "#0"},
				"east": {"uv": [2, 3.5, 4, 5.25], "texture": "#0"},
				"south": {"uv": [3.25, 8.75, 3.5, 10.5], "texture": "#0"},
				"west": {"uv": [0, 4, 2, 5.75], "texture": "#0"},
				"up": {"uv": [1.25, 9.5, 1, 7.5], "texture": "#0"},
				"down": {"uv": [1.5, 7.5, 1.25, 9.5], "texture": "#0"}
			}
		},
		{
			"from": [-2, 1, 3],
			"to": [-1, 15, 15],
			"rotation": {"angle": 0, "axis": "y", "origin": [-3, 13, 2]},
			"faces": {
				"north": {"uv": [6.5, 9.125, 6.625, 10.875], "texture": "#0"},
				"east": {"uv": [0, 5.75, 1.5, 7.5], "texture": "#0"},
				"south": {"uv": [6.625, 9.125, 6.75, 10.875], "texture": "#0"},
				"west": {"uv": [5.75, 3.5, 7.25, 5.25], "texture": "#0"},
				"up": {"uv": [9.375, 4.75, 9.25, 3.25], "texture": "#0"},
				"down": {"uv": [4.125, 9.25, 4, 10.75], "texture": "#0"}
			}
		},
		{
			"from": [-3, 1, 6],
			"to": [-2, 15, 12],
			"rotation": {"angle": 0, "axis": "y", "origin": [-4, 13, 2]},
			"faces": {
				"north": {"uv": [6.75, 9.125, 6.875, 10.875], "texture": "#0"},
				"east": {"uv": [7.5, 5.5, 8.25, 7.25], "texture": "#0"},
				"south": {"uv": [6.875, 9.125, 7, 10.875], "texture": "#0"},
				"west": {"uv": [7.5, 7.25, 8.25, 9], "texture": "#0"},
				"up": {"uv": [6.25, 10, 6.125, 9.25], "texture": "#0"},
				"down": {"uv": [9.5, 3.75, 9.375, 4.5], "texture": "#0"}
			}
		},
		{
			"from": [16, 0, 5],
			"to": [18, 16, 13],
			"rotation": {"angle": 0, "axis": "y", "origin": [19, 21, 2]},
			"faces": {
				"north": {"uv": [8.5, 0, 8.75, 2], "texture": "#0"},
				"east": {"uv": [4.5, 7, 5.5, 9], "texture": "#0"},
				"south": {"uv": [8.75, 0, 9, 2], "texture": "#0"},
				"west": {"uv": [5.5, 7, 6.5, 9], "texture": "#0"},
				"up": {"uv": [7.5, 6.5, 7.25, 5.5], "texture": "#0"},
				"down": {"uv": [8.25, 2, 8, 3], "texture": "#0"}
			}
		},
		{
			"from": [5, 1, 19],
			"to": [11, 15, 20],
			"rotation": {"angle": 0, "axis": "y", "origin": [15, 13, 21]},
			"faces": {
				"north": {"uv": [8.25, 2, 9, 3.75], "texture": "#0"},
				"east": {"uv": [7, 9.125, 7.125, 10.875], "texture": "#0"},
				"south": {"uv": [8.25, 3.75, 9, 5.5], "texture": "#0"},
				"west": {"uv": [7.125, 9.125, 7.25, 10.875], "texture": "#0"},
				"up": {"uv": [10, 5.25, 9.25, 5.125], "texture": "#0"},
				"down": {"uv": [10, 7.625, 9.25, 7.75], "texture": "#0"}
			}
		},
		{
			"from": [2, 1, 18],
			"to": [14, 15, 19],
			"rotation": {"angle": 0, "axis": "y", "origin": [15, 13, 20]},
			"faces": {
				"north": {"uv": [6, 0, 7.5, 1.75], "texture": "#0"},
				"east": {"uv": [7.25, 9.125, 7.375, 10.875], "texture": "#0"},
				"south": {"uv": [6, 1.75, 7.5, 3.5], "texture": "#0"},
				"west": {"uv": [7.375, 9.125, 7.5, 10.875], "texture": "#0"},
				"up": {"uv": [5.625, 9.375, 4.125, 9.25], "texture": "#0"},
				"down": {"uv": [10.75, 4.75, 9.25, 4.875], "texture": "#0"}
			}
		},
		{
			"from": [4, 0, 17],
			"to": [12, 16, 19],
			"rotation": {"angle": 0, "axis": "y", "origin": [15, 21, 20]},
			"faces": {
				"north": {"uv": [6.5, 7, 7.5, 9], "texture": "#0"},
				"east": {"uv": [1.5, 8.75, 1.75, 10.75], "texture": "#0"},
				"south": {"uv": [7.25, 3.5, 8.25, 5.5], "texture": "#0"},
				"west": {"uv": [1.75, 8.75, 2, 10.75], "texture": "#0"},
				"up": {"uv": [10, 3, 9, 2.75], "texture": "#0"},
				"down": {"uv": [10, 3, 9, 3.25], "texture": "#0"}
			}
		},
		{
			"from": [15, 15, 2],
			"to": [16, 17, 16],
			"rotation": {"angle": 0, "axis": "y", "origin": [17, 15, 2]},
			"faces": {
				"north": {"uv": [0.125, 9.625, 0.25, 9.875], "texture": "#0"},
				"east": {"uv": [9, 1.5, 10.75, 1.75], "texture": "#0"},
				"south": {"uv": [0.25, 9.625, 0.375, 9.875], "texture": "#0"},
				"west": {"uv": [9, 1.75, 10.75, 2], "texture": "#0"},
				"up": {"uv": [7.625, 10.875, 7.5, 9.125], "texture": "#0"},
				"down": {"uv": [7.75, 9.125, 7.625, 10.875], "texture": "#0"}
			}
		},
		{
			"from": [15, 1, 1],
			"to": [17, 15, 17],
			"rotation": {"angle": 0, "axis": "y", "origin": [18, 13, 2]},
			"faces": {
				"north": {"uv": [3.5, 8.75, 3.75, 10.5], "texture": "#0"},
				"east": {"uv": [4, 0, 6, 1.75], "texture": "#0"},
				"south": {"uv": [3.75, 8.75, 4, 10.5], "texture": "#0"},
				"west": {"uv": [4, 1.75, 6, 3.5], "texture": "#0"},
				"up": {"uv": [2.25, 10.75, 2, 8.75], "texture": "#0"},
				"down": {"uv": [2.5, 8.75, 2.25, 10.75], "texture": "#0"}
			}
		},
		{
			"from": [17, 1, 3],
			"to": [18, 15, 15],
			"rotation": {"angle": 0, "axis": "y", "origin": [19, 13, 2]},
			"faces": {
				"north": {"uv": [7.75, 9.125, 7.875, 10.875], "texture": "#0"},
				"east": {"uv": [1.5, 7, 3, 8.75], "texture": "#0"},
				"south": {"uv": [7.875, 9.125, 8, 10.875], "texture": "#0"},
				"west": {"uv": [3, 7, 4.5, 8.75], "texture": "#0"},
				"up": {"uv": [5.75, 10.75, 5.625, 9.25], "texture": "#0"},
				"down": {"uv": [5.875, 9.25, 5.75, 10.75], "texture": "#0"}
			}
		},
		{
			"from": [18, 1, 6],
			"to": [19, 15, 12],
			"rotation": {"angle": 0, "axis": "y", "origin": [20, 13, 2]},
			"faces": {
				"north": {"uv": [8, 9.125, 8.125, 10.875], "texture": "#0"},
				"east": {"uv": [8.25, 5.5, 9, 7.25], "texture": "#0"},
				"south": {"uv": [8.125, 9.125, 8.25, 10.875], "texture": "#0"},
				"west": {"uv": [8.25, 7.25, 9, 9], "texture": "#0"},
				"up": {"uv": [4.25, 10.125, 4.125, 9.375], "texture": "#0"},
				"down": {"uv": [4.375, 9.375, 4.25, 10.125], "texture": "#0"}
			}
		},
		{
			"from": [-2, 0, 5],
			"to": [0, 16, 13],
			"rotation": {"angle": 0, "axis": "y", "origin": [-3, 21, 2]},
			"faces": {
				"north": {"uv": [2.5, 8.75, 2.75, 10.75], "texture": "#0"},
				"east": {"uv": [0, 7.5, 1, 9.5], "texture": "#0"},
				"south": {"uv": [2.75, 8.75, 3, 10.75], "texture": "#0"},
				"west": {"uv": [7.5, 0, 8.5, 2], "texture": "#0"},
				"up": {"uv": [9.25, 4.25, 9, 3.25], "texture": "#0"},
				"down": {"uv": [9.25, 4.25, 9, 5.25], "texture": "#0"}
			}
		},
		{
			"from": [7, 18, 8],
			"to": [9, 22, 10],
			"rotation": {"angle": 0, "axis": "y", "origin": [7, 18, 8]},
			"faces": {
				"north": {"uv": [9.25, 6.625, 9.5, 7.125], "texture": "#0"},
				"east": {"uv": [9.25, 7.125, 9.5, 7.625], "texture": "#0"},
				"south": {"uv": [9.25, 9.125, 9.5, 9.625], "texture": "#0"},
				"west": {"uv": [9.375, 3.25, 9.625, 3.75], "texture": "#0"},
				"up": {"uv": [9.75, 4.25, 9.5, 4], "texture": "#0"},
				"down": {"uv": [9.75, 4.25, 9.5, 4.5], "texture": "#0"}
			}
		}
	],
	"display": {
		"thirdperson_righthand": {
			"scale": [0.5, 0.5, 0.5]
		},
		"thirdperson_lefthand": {
			"scale": [0.5, 0.5, 0.5]
		},
		"firstperson_righthand": {
			"translation": [3.75, -4.75, 0],
			"scale": [0.72, 0.73, 0.72]
		},
		"firstperson_lefthand": {
			"translation": [3.5, -2.5, 0],
			"scale": [0.63, 0.58, 0.61]
		},
		"ground": {
			"translation": [0, 3, 0],
			"scale": [0.6, 0.6, 0.6]
		},
		"gui": {
			"rotation": [16, 144, 0],
			"translation": [-0.25, -0.75, 0],
			"scale": [0.7, 0.7, 0.7]
		},
		"head": {
			"translation": [0, -0.25, -1],
			"scale": [0.9, 0.9, 0.9]
		},
		"fixed": {
			"rotation": [-90, 0, 0],
			"translation": [0, -2.75, 15.25],
			"scale": [2.2, 2.2, 2.2]
		}
	},
	"groups": [
		{
			"name": "pumpkin",
			"origin": [8, 8, 8],
			"color": 0,
			"children": [
				{
					"name": "front",
					"origin": [8, 8, 8],
					"color": 0,
					"children": [0, 1, 2, 3, 4, 5, 6, 7, 8, 9]
				},
				{
					"name": "base",
					"origin": [8, 8, 8],
					"color": 0,
					"children": [10, 11, 12, 13, 14, 15, 16, 17, 18, 19, 20, 21, 22, 23, 24, 25, 26, 27, 28]
				},
				{
					"name": "stem",
					"origin": [8, 8, 8],
					"color": 0,
					"children": [29]
				}
			]
		}
	]
}
