{
	"credit": "Made with Blockbench",
	"texture_size": [64, 64],
	"textures": {
		"0": "block/custom/parkbench",
		"particle": "block/custom/parkbench"
	},
	"elements": [
		{
			"from": [0, 0, 0],
			"to": [2, 9, 2],
			"faces": {
				"north": {"uv": [7.5, 6, 8, 8.25], "texture": "#0"},
				"east": {"uv": [6.5, 7.5, 7, 9.75], "texture": "#0"},
				"south": {"uv": [0, 8, 0.5, 10.25], "texture": "#0"},
				"west": {"uv": [0.5, 8, 1, 10.25], "texture": "#0"},
				"up": {"uv": [8, 8.75, 7.5, 8.25], "texture": "#0"},
				"down": {"uv": [9, 3, 8.5, 3.5], "texture": "#0"}
			}
		},
		{
			"from": [0, 7, 2],
			"to": [2, 9, 14],
			"rotation": {"angle": 0, "axis": "y", "origin": [0, 0, 2]},
			"faces": {
				"north": {"uv": [8.5, 3.5, 9, 4], "texture": "#0"},
				"east": {"uv": [7, 2, 10, 2.5], "texture": "#0"},
				"south": {"uv": [8.5, 4, 9, 4.5], "texture": "#0"},
				"west": {"uv": [7, 2.5, 10, 3], "texture": "#0"},
				"up": {"uv": [7.5, 6, 7, 3], "texture": "#0"},
				"down": {"uv": [7.5, 6, 7, 9], "texture": "#0"}
			}
		},
		{
			"from": [30, 7, 2],
			"to": [32, 9, 14],
			"rotation": {"angle": 0, "axis": "y", "origin": [30, 0, 2]},
			"faces": {
				"north": {"uv": [8.5, 4.5, 9, 5], "texture": "#0"},
				"east": {"uv": [0, 7.5, 3, 8], "texture": "#0"},
				"south": {"uv": [8.5, 5, 9, 5.5], "texture": "#0"},
				"west": {"uv": [3, 7.5, 6, 8], "texture": "#0"},
				"up": {"uv": [8, 6, 7.5, 3], "texture": "#0"},
				"down": {"uv": [6.5, 7.5, 6, 10.5], "texture": "#0"}
			}
		},
		{
			"from": [0, 0, 14],
			"to": [2, 9, 16],
			"rotation": {"angle": 0, "axis": "y", "origin": [0, 0, 14]},
			"faces": {
				"north": {"uv": [1, 8, 1.5, 10.25], "texture": "#0"},
				"east": {"uv": [1.5, 8, 2, 10.25], "texture": "#0"},
				"south": {"uv": [2, 8, 2.5, 10.25], "texture": "#0"},
				"west": {"uv": [2.5, 8, 3, 10.25], "texture": "#0"},
				"up": {"uv": [9, 6, 8.5, 5.5], "texture": "#0"},
				"down": {"uv": [9, 6, 8.5, 6.5], "texture": "#0"}
			}
		},
		{
			"from": [30, 0, 14],
			"to": [32, 9, 16],
			"rotation": {"angle": 0, "axis": "y", "origin": [30, 0, 14]},
			"faces": {
				"north": {"uv": [3, 8, 3.5, 10.25], "texture": "#0"},
				"east": {"uv": [8, 3, 8.5, 5.25], "texture": "#0"},
				"south": {"uv": [3.5, 8, 4, 10.25], "texture": "#0"},
				"west": {"uv": [4, 8, 4.5, 10.25], "texture": "#0"},
				"up": {"uv": [9, 7, 8.5, 6.5], "texture": "#0"},
				"down": {"uv": [9, 7, 8.5, 7.5], "texture": "#0"}
			}
		},
		{
			"from": [30, 0, 0],
			"to": [32, 9, 2],
			"rotation": {"angle": 0, "axis": "y", "origin": [30, 0, 0]},
			"faces": {
				"north": {"uv": [4.5, 8, 5, 10.25], "texture": "#0"},
				"east": {"uv": [5, 8, 5.5, 10.25], "texture": "#0"},
				"south": {"uv": [8, 5.25, 8.5, 7.5], "texture": "#0"},
				"west": {"uv": [5.5, 8, 6, 10.25], "texture": "#0"},
				"up": {"uv": [8.5, 9, 8, 8.5], "texture": "#0"},
				"down": {"uv": [9, 8.5, 8.5, 9], "texture": "#0"}
			}
		},
		{
			"from": [2, 6, -1],
			"to": [30, 8, 3],
			"rotation": {"angle": 0, "axis": "y", "origin": [2, 6, -1]},
			"faces": {
				"north": {"uv": [0, 7, 7, 7.5], "texture": "#0"},
				"east": {"uv": [8, 7.5, 9, 8], "texture": "#0"},
				"south": {"uv": [7, 0, 14, 0.5], "texture": "#0"},
				"west": {"uv": [8, 8, 9, 8.5], "texture": "#0"},
				"up": {"uv": [7, 1, 0, 0], "texture": "#0"},
				"down": {"uv": [7, 1, 0, 2], "texture": "#0"}
			}
		},
		{
			"from": [2, 7, 4],
			"to": [30, 8, 7],
			"rotation": {"angle": 0, "axis": "y", "origin": [2, 6, 4]},
			"faces": {
				"north": {"uv": [7, 0.5, 14, 0.75], "texture": "#0"},
				"east": {"uv": [9, 3.5, 9.75, 3.75], "texture": "#0"},
				"south": {"uv": [7, 0.75, 14, 1], "texture": "#0"},
				"west": {"uv": [9, 3.75, 9.75, 4], "texture": "#0"},
				"up": {"uv": [7, 4.75, 0, 4], "texture": "#0"},
				"down": {"uv": [7, 4.75, 0, 5.5], "texture": "#0"}
			}
		},
		{
			"from": [2, 7, 8],
			"to": [30, 8, 11],
			"rotation": {"angle": 0, "axis": "y", "origin": [2, 6, 8]},
			"faces": {
				"north": {"uv": [7, 1, 14, 1.25], "texture": "#0"},
				"east": {"uv": [9, 4, 9.75, 4.25], "texture": "#0"},
				"south": {"uv": [7, 1.25, 14, 1.5], "texture": "#0"},
				"west": {"uv": [9, 4.25, 9.75, 4.5], "texture": "#0"},
				"up": {"uv": [7, 6.25, 0, 5.5], "texture": "#0"},
				"down": {"uv": [7, 6.25, 0, 7], "texture": "#0"}
			}
		},
		{
			"from": [2, 7, 12],
			"to": [30, 8, 16],
			"rotation": {"angle": 0, "axis": "y", "origin": [2, 6, 12]},
			"faces": {
				"north": {"uv": [7, 1.5, 14, 1.75], "texture": "#0"},
				"east": {"uv": [9, 3, 10, 3.25], "texture": "#0"},
				"south": {"uv": [7, 1.75, 14, 2], "texture": "#0"},
				"west": {"uv": [9, 3.25, 10, 3.5], "texture": "#0"},
				"up": {"uv": [7, 3, 0, 2], "texture": "#0"},
				"down": {"uv": [7, 3, 0, 4], "texture": "#0"}
			}
		}
	],
	"display": {
		"thirdperson_righthand": {
			"translation": [7.5, 5, -5]
		},
		"thirdperson_lefthand": {
			"translation": [23.25, 5, -5]
		},
		"firstperson_lefthand": {
			"translation": [16, 0, 0]
		},
		"ground": {
			"translation": [0, 7, 0]
		},
		"gui": {
			"rotation": [19, -34, 0],
			"translation": [-3.25, 0.75, 0],
			"scale": [0.5, 0.6, 0.6]
		},
		"head": {
			"translation": [-7.75, 7.5, 0]
		},
		"fixed": {
			"rotation": [-90, 0, 0],
			"translation": [0.25, 0, -16],
			"scale": [2, 2, 2]
		}
	},
	"groups": [
		{
			"name": "park bench",
			"origin": [8, 8, 8],
			"color": 0,
			"children": [
				{
					"name": "frame legs",
					"origin": [8, 8, 8],
					"color": 0,
					"children": [0, 1, 2, 3, 4, 5]
				},
				{
					"name": "seat",
					"origin": [8, 8, 8],
					"color": 0,
					"children": [6, 7, 8, 9]
				}
			]
		}
	]
}
