{
	"credit": "Made with Blockbench",
	"texture_size": [64, 64],
	"textures": {
		"0": "block/custom/pilothat",
		"particle": "block/custom/pilothat"
	},
	"elements": [
		{
			"from": [0, -1, 2],
			"to": [1, 5, 14],
			"rotation": {"angle": 0, "axis": "y", "origin": [-1, 0, 0]},
			"faces": {
				"north": {"uv": [1.25, 14, 1.5, 15.5], "texture": "#0"},
				"east": {"uv": [6, 2.5, 9, 4], "texture": "#0"},
				"south": {"uv": [1.5, 14, 1.75, 15.5], "texture": "#0"},
				"west": {"uv": [0, 7, 3, 8.5], "texture": "#0"},
				"up": {"uv": [7, 13.75, 6.75, 10.75], "texture": "#0"},
				"down": {"uv": [7.25, 10.75, 7, 13.75], "texture": "#0"}
			}
		},
		{
			"from": [15, -1, 2],
			"to": [16, 5, 14],
			"rotation": {"angle": 0, "axis": "y", "origin": [14, 0, 0]},
			"faces": {
				"north": {"uv": [1.75, 14, 2, 15.5], "texture": "#0"},
				"east": {"uv": [3, 7, 6, 8.5], "texture": "#0"},
				"south": {"uv": [2, 14, 2.25, 15.5], "texture": "#0"},
				"west": {"uv": [6, 7, 9, 8.5], "texture": "#0"},
				"up": {"uv": [7.5, 13.75, 7.25, 10.75], "texture": "#0"},
				"down": {"uv": [1.25, 11, 1, 14], "texture": "#0"}
			}
		},
		{
			"from": [14, -4, 14],
			"to": [15, 5, 15],
			"rotation": {"angle": 0, "axis": "y", "origin": [13, 0, 1]},
			"faces": {
				"north": {"uv": [9.5, 11.5, 9.75, 13.75], "texture": "#0"},
				"east": {"uv": [9.75, 11.5, 10, 13.75], "texture": "#0"},
				"south": {"uv": [10, 11.5, 10.25, 13.75], "texture": "#0"},
				"west": {"uv": [10.25, 11.5, 10.5, 13.75], "texture": "#0"},
				"up": {"uv": [9, 10, 8.75, 9.75], "texture": "#0"},
				"down": {"uv": [15.25, 14.75, 15, 15], "texture": "#0"}
			}
		},
		{
			"from": [1, -4, 14],
			"to": [2, 5, 15],
			"rotation": {"angle": 0, "axis": "y", "origin": [0, 0, 1]},
			"faces": {
				"north": {"uv": [6.25, 11.75, 6.5, 14], "texture": "#0"},
				"east": {"uv": [6.5, 11.75, 6.75, 14], "texture": "#0"},
				"south": {"uv": [0, 12, 0.25, 14.25], "texture": "#0"},
				"west": {"uv": [0.25, 12, 0.5, 14.25], "texture": "#0"},
				"up": {"uv": [15.5, 2, 15.25, 1.75], "texture": "#0"},
				"down": {"uv": [15.5, 2, 15.25, 2.25], "texture": "#0"}
			}
		},
		{
			"from": [1, 0, 1],
			"to": [2, 5, 2],
			"rotation": {"angle": 0, "axis": "y", "origin": [0, 0, -12]},
			"faces": {
				"north": {"uv": [7.75, 14, 8, 15.25], "texture": "#0"},
				"east": {"uv": [8, 14, 8.25, 15.25], "texture": "#0"},
				"south": {"uv": [8.25, 14, 8.5, 15.25], "texture": "#0"},
				"west": {"uv": [8.5, 14, 8.75, 15.25], "texture": "#0"},
				"up": {"uv": [2.5, 15.5, 2.25, 15.25], "texture": "#0"},
				"down": {"uv": [15.5, 2.25, 15.25, 2.5], "texture": "#0"}
			}
		},
		{
			"from": [14, 0, 1],
			"to": [15, 5, 2],
			"rotation": {"angle": 0, "axis": "y", "origin": [13, 0, -12]},
			"faces": {
				"north": {"uv": [8.75, 14, 9, 15.25], "texture": "#0"},
				"east": {"uv": [9, 14, 9.25, 15.25], "texture": "#0"},
				"south": {"uv": [9.25, 14, 9.5, 15.25], "texture": "#0"},
				"west": {"uv": [14, 11.25, 14.25, 12.5], "texture": "#0"},
				"up": {"uv": [2.75, 15.5, 2.5, 15.25], "texture": "#0"},
				"down": {"uv": [15.5, 2.5, 15.25, 2.75], "texture": "#0"}
			}
		},
		{
			"from": [2, 1, 0],
			"to": [14, 5, 1],
			"rotation": {"angle": 0, "axis": "y", "origin": [12, 0, -13]},
			"faces": {
				"north": {"uv": [8.5, 1.5, 11.5, 2.5], "texture": "#0"},
				"east": {"uv": [14, 5.5, 14.25, 6.5], "texture": "#0"},
				"south": {"uv": [9, 2.5, 12, 3.5], "texture": "#0"},
				"west": {"uv": [4, 14.25, 4.25, 15.25], "texture": "#0"},
				"up": {"uv": [14, 4.25, 11, 4], "texture": "#0"},
				"down": {"uv": [14, 4.25, 11, 4.5], "texture": "#0"}
			}
		},
		{
			"from": [2, -4, 15],
			"to": [14, 5, 16],
			"rotation": {"angle": 0, "axis": "y", "origin": [12, 0, 2]},
			"faces": {
				"north": {"uv": [0, 0, 3, 2.25], "texture": "#0"},
				"east": {"uv": [0.5, 12, 0.75, 14.25], "texture": "#0"},
				"south": {"uv": [0, 2.25, 3, 4.5], "texture": "#0"},
				"west": {"uv": [0.75, 12, 1, 14.25], "texture": "#0"},
				"up": {"uv": [14, 4.75, 11, 4.5], "texture": "#0"},
				"down": {"uv": [14, 4.75, 11, 5], "texture": "#0"}
			}
		},
		{
			"from": [2, 5, 1],
			"to": [14, 6, 2],
			"rotation": {"angle": 0, "axis": "y", "origin": [2, 5, 1]},
			"faces": {
				"north": {"uv": [11, 5, 14, 5.25], "texture": "#0"},
				"east": {"uv": [15.25, 2.75, 15.5, 3], "texture": "#0"},
				"south": {"uv": [11, 5.25, 14, 5.5], "texture": "#0"},
				"west": {"uv": [15.25, 3.25, 15.5, 3.5], "texture": "#0"},
				"up": {"uv": [14, 5.75, 11, 5.5], "texture": "#0"},
				"down": {"uv": [14, 5.75, 11, 6], "texture": "#0"}
			}
		},
		{
			"from": [2, 5, 14],
			"to": [14, 6, 15],
			"rotation": {"angle": 0, "axis": "y", "origin": [2, 5, 14]},
			"faces": {
				"north": {"uv": [11, 6, 14, 6.25], "texture": "#0"},
				"east": {"uv": [15.25, 3.5, 15.5, 3.75], "texture": "#0"},
				"south": {"uv": [11, 6.25, 14, 6.5], "texture": "#0"},
				"west": {"uv": [15.25, 3.75, 15.5, 4], "texture": "#0"},
				"up": {"uv": [10.5, 11.25, 7.5, 11], "texture": "#0"},
				"down": {"uv": [13.5, 11, 10.5, 11.25], "texture": "#0"}
			}
		},
		{
			"from": [1, 5, 2],
			"to": [3, 6, 14],
			"rotation": {"angle": 0, "axis": "y", "origin": [2, 5, 2]},
			"faces": {
				"north": {"uv": [14.5, 10.75, 15, 11], "texture": "#0"},
				"east": {"uv": [11.25, 7, 14.25, 7.25], "texture": "#0"},
				"south": {"uv": [14.5, 12, 15, 12.25], "texture": "#0"},
				"west": {"uv": [11.25, 7.25, 14.25, 7.5], "texture": "#0"},
				"up": {"uv": [2.75, 13, 2.25, 10], "texture": "#0"},
				"down": {"uv": [11, 3.5, 10.5, 6.5], "texture": "#0"}
			}
		},
		{
			"from": [2, 6, 3],
			"to": [3, 7, 13],
			"rotation": {"angle": 0, "axis": "y", "origin": [3, 6, 2]},
			"faces": {
				"north": {"uv": [4, 15.25, 4.25, 15.5], "texture": "#0"},
				"east": {"uv": [11.25, 9.75, 13.75, 10], "texture": "#0"},
				"south": {"uv": [15.25, 4, 15.5, 4.25], "texture": "#0"},
				"west": {"uv": [11.5, 0, 14, 0.25], "texture": "#0"},
				"up": {"uv": [7.75, 14, 7.5, 11.5], "texture": "#0"},
				"down": {"uv": [8, 11.5, 7.75, 14], "texture": "#0"}
			}
		},
		{
			"from": [13, 5, 2],
			"to": [15, 6, 14],
			"rotation": {"angle": 0, "axis": "y", "origin": [15, 5, 2]},
			"faces": {
				"north": {"uv": [14.75, 0.75, 15.25, 1], "texture": "#0"},
				"east": {"uv": [7.5, 11.25, 10.5, 11.5], "texture": "#0"},
				"south": {"uv": [14.75, 5.5, 15.25, 5.75], "texture": "#0"},
				"west": {"uv": [11.25, 7.5, 14.25, 7.75], "texture": "#0"},
				"up": {"uv": [3.25, 13.75, 2.75, 10.75], "texture": "#0"},
				"down": {"uv": [3.75, 10.75, 3.25, 13.75], "texture": "#0"}
			}
		},
		{
			"from": [13, 6, 3],
			"to": [14, 7, 13],
			"rotation": {"angle": 0, "axis": "y", "origin": [14, 6, 2]},
			"faces": {
				"north": {"uv": [4.25, 15.25, 4.5, 15.5], "texture": "#0"},
				"east": {"uv": [11.5, 0.25, 14, 0.5], "texture": "#0"},
				"south": {"uv": [4.5, 15.25, 4.75, 15.5], "texture": "#0"},
				"west": {"uv": [11.5, 0.5, 14, 0.75], "texture": "#0"},
				"up": {"uv": [8.25, 14, 8, 11.5], "texture": "#0"},
				"down": {"uv": [8.5, 11.5, 8.25, 14], "texture": "#0"}
			}
		},
		{
			"from": [3, 6, 2],
			"to": [13, 7, 3],
			"rotation": {"angle": 0, "axis": "y", "origin": [2, 6, 2]},
			"faces": {
				"north": {"uv": [11.5, 0.75, 14, 1], "texture": "#0"},
				"east": {"uv": [4.75, 15.25, 5, 15.5], "texture": "#0"},
				"south": {"uv": [11.5, 1, 14, 1.25], "texture": "#0"},
				"west": {"uv": [5, 15.25, 5.25, 15.5], "texture": "#0"},
				"up": {"uv": [14, 1.5, 11.5, 1.25], "texture": "#0"},
				"down": {"uv": [14, 1.5, 11.5, 1.75], "texture": "#0"}
			}
		},
		{
			"from": [3, 6, 13],
			"to": [13, 7, 14],
			"rotation": {"angle": 0, "axis": "y", "origin": [2, 6, 13]},
			"faces": {
				"north": {"uv": [11.5, 1.75, 14, 2], "texture": "#0"},
				"east": {"uv": [5.25, 15.25, 5.5, 15.5], "texture": "#0"},
				"south": {"uv": [11.5, 2, 14, 2.25], "texture": "#0"},
				"west": {"uv": [5.5, 15.25, 5.75, 15.5], "texture": "#0"},
				"up": {"uv": [14, 2.5, 11.5, 2.25], "texture": "#0"},
				"down": {"uv": [14, 11.25, 11.5, 11.5], "texture": "#0"}
			}
		},
		{
			"from": [3, 7, 3],
			"to": [13, 8, 13],
			"rotation": {"angle": 0, "axis": "y", "origin": [2, 7, 3]},
			"faces": {
				"north": {"uv": [11.5, 11.5, 14, 11.75], "texture": "#0"},
				"east": {"uv": [3.75, 11.75, 6.25, 12], "texture": "#0"},
				"south": {"uv": [11.5, 11.75, 14, 12], "texture": "#0"},
				"west": {"uv": [12, 2.5, 14.5, 2.75], "texture": "#0"},
				"up": {"uv": [2.5, 7, 0, 4.5], "texture": "#0"},
				"down": {"uv": [5, 4.5, 2.5, 7], "texture": "#0"}
			}
		},
		{
			"from": [0, -5, 5],
			"to": [1, -1, 14],
			"rotation": {"angle": 0, "axis": "y", "origin": [-1, -6, 0]},
			"faces": {
				"north": {"uv": [4.25, 14.25, 4.5, 15.25], "texture": "#0"},
				"east": {"uv": [9, 7, 11.25, 8], "texture": "#0"},
				"south": {"uv": [4.5, 14.25, 4.75, 15.25], "texture": "#0"},
				"west": {"uv": [9, 8, 11.25, 9], "texture": "#0"},
				"up": {"uv": [2.5, 15.25, 2.25, 13], "texture": "#0"},
				"down": {"uv": [2.75, 13, 2.5, 15.25], "texture": "#0"}
			}
		},
		{
			"from": [15, -2, 3],
			"to": [16, -1, 5],
			"rotation": {"angle": 0, "axis": "y", "origin": [14, -6, -8]},
			"faces": {
				"north": {"uv": [15.25, 5.5, 15.5, 5.75], "texture": "#0"},
				"east": {"uv": [14.75, 14, 15.25, 14.25], "texture": "#0"},
				"south": {"uv": [5.75, 15.25, 6, 15.5], "texture": "#0"},
				"west": {"uv": [14.75, 14.25, 15.25, 14.5], "texture": "#0"},
				"up": {"uv": [7.5, 4.5, 7.25, 4], "texture": "#0"},
				"down": {"uv": [10.5, 3.5, 10.25, 4], "texture": "#0"}
			}
		},
		{
			"from": [15, -7, 7],
			"to": [16, -6, 12],
			"rotation": {"angle": 0, "axis": "y", "origin": [14, -11, -1]},
			"faces": {
				"north": {"uv": [15.25, 5.75, 15.5, 6], "texture": "#0"},
				"east": {"uv": [6, 4, 7.25, 4.25], "texture": "#0"},
				"south": {"uv": [15.25, 6, 15.5, 6.25], "texture": "#0"},
				"west": {"uv": [6, 4.25, 7.25, 4.5], "texture": "#0"},
				"up": {"uv": [13.5, 15.25, 13.25, 14], "texture": "#0"},
				"down": {"uv": [13.75, 14, 13.5, 15.25], "texture": "#0"}
			}
		},
		{
			"from": [15, -6, 6],
			"to": [16, -5, 13],
			"rotation": {"angle": 0, "axis": "y", "origin": [14, -10, -1]},
			"faces": {
				"north": {"uv": [15.25, 6.25, 15.5, 6.5], "texture": "#0"},
				"east": {"uv": [13.5, 11, 15.25, 11.25], "texture": "#0"},
				"south": {"uv": [15.25, 7, 15.5, 7.25], "texture": "#0"},
				"west": {"uv": [13.75, 6.5, 15.5, 6.75], "texture": "#0"},
				"up": {"uv": [6.25, 15, 6, 13.25], "texture": "#0"},
				"down": {"uv": [7.5, 13.75, 7.25, 15.5], "texture": "#0"}
			}
		},
		{
			"from": [15, -11, 9],
			"to": [16, -7, 11],
			"rotation": {"angle": 0, "axis": "y", "origin": [14, -10, -3]},
			"faces": {
				"north": {"uv": [4.75, 14.25, 5, 15.25], "texture": "#0"},
				"east": {"uv": [4, 13.25, 4.5, 14.25], "texture": "#0"},
				"south": {"uv": [14.25, 4.75, 14.5, 5.75], "texture": "#0"},
				"west": {"uv": [4.5, 13.25, 5, 14.25], "texture": "#0"},
				"up": {"uv": [14.75, 15.25, 14.5, 14.75], "texture": "#0"},
				"down": {"uv": [15, 14.5, 14.75, 15], "texture": "#0"}
			}
		},
		{
			"from": [15, -5, 5],
			"to": [16, -1, 14],
			"rotation": {"angle": 0, "axis": "y", "origin": [14, -6, 0]},
			"faces": {
				"north": {"uv": [5, 14.25, 5.25, 15.25], "texture": "#0"},
				"east": {"uv": [9, 9, 11.25, 10], "texture": "#0"},
				"south": {"uv": [5.25, 14.25, 5.5, 15.25], "texture": "#0"},
				"west": {"uv": [3, 9.75, 5.25, 10.75], "texture": "#0"},
				"up": {"uv": [11.75, 15.25, 11.5, 13], "texture": "#0"},
				"down": {"uv": [12, 13, 11.75, 15.25], "texture": "#0"}
			}
		},
		{
			"from": [0, -11, 9],
			"to": [1, -7, 11],
			"rotation": {"angle": 0, "axis": "y", "origin": [-1, -10, -3]},
			"faces": {
				"north": {"uv": [5.5, 14.25, 5.75, 15.25], "texture": "#0"},
				"east": {"uv": [5, 13.25, 5.5, 14.25], "texture": "#0"},
				"south": {"uv": [5.75, 14.25, 6, 15.25], "texture": "#0"},
				"west": {"uv": [5.5, 13.25, 6, 14.25], "texture": "#0"},
				"up": {"uv": [15.25, 0.5, 15, 0], "texture": "#0"},
				"down": {"uv": [15.25, 2.5, 15, 3], "texture": "#0"}
			}
		},
		{
			"from": [0, -6, 6],
			"to": [1, -5, 13],
			"rotation": {"angle": 0, "axis": "y", "origin": [-1, -10, -1]},
			"faces": {
				"north": {"uv": [15.25, 7.25, 15.5, 7.5], "texture": "#0"},
				"east": {"uv": [13.75, 6.75, 15.5, 7], "texture": "#0"},
				"south": {"uv": [15.25, 7.5, 15.5, 7.75], "texture": "#0"},
				"west": {"uv": [13.75, 9.75, 15.5, 10], "texture": "#0"},
				"up": {"uv": [9.75, 15.5, 9.5, 13.75], "texture": "#0"},
				"down": {"uv": [10, 13.75, 9.75, 15.5], "texture": "#0"}
			}
		},
		{
			"from": [0, -7, 7],
			"to": [1, -6, 12],
			"rotation": {"angle": 0, "axis": "y", "origin": [-1, -11, -1]},
			"faces": {
				"north": {"uv": [7.75, 15.25, 8, 15.5], "texture": "#0"},
				"east": {"uv": [9, 3.5, 10.25, 3.75], "texture": "#0"},
				"south": {"uv": [15.25, 7.75, 15.5, 8], "texture": "#0"},
				"west": {"uv": [9, 3.75, 10.25, 4], "texture": "#0"},
				"up": {"uv": [14, 15.25, 13.75, 14], "texture": "#0"},
				"down": {"uv": [14.25, 14, 14, 15.25], "texture": "#0"}
			}
		},
		{
			"from": [0, -2, 3],
			"to": [1, -1, 5],
			"rotation": {"angle": 0, "axis": "y", "origin": [-1, -6, -8]},
			"faces": {
				"north": {"uv": [8, 15.25, 8.25, 15.5], "texture": "#0"},
				"east": {"uv": [15, 0.5, 15.5, 0.75], "texture": "#0"},
				"south": {"uv": [15.25, 8, 15.5, 8.25], "texture": "#0"},
				"west": {"uv": [15, 3, 15.5, 3.25], "texture": "#0"},
				"up": {"uv": [15.25, 3.75, 15, 3.25], "texture": "#0"},
				"down": {"uv": [15.25, 3.75, 15, 4.25], "texture": "#0"}
			}
		},
		{
			"from": [14, 4, -1],
			"to": [15, 7, 0],
			"rotation": {"angle": 22.5, "axis": "x", "origin": [5, 4, -2]},
			"faces": {
				"north": {"uv": [2.75, 10, 3, 10.75], "texture": "#0"},
				"east": {"uv": [14.5, 3.5, 14.75, 4.25], "texture": "#0"},
				"south": {"uv": [14.5, 4.25, 14.75, 5], "texture": "#0"},
				"west": {"uv": [14.5, 5, 14.75, 5.75], "texture": "#0"},
				"up": {"uv": [8.5, 15.5, 8.25, 15.25], "texture": "#0"},
				"down": {"uv": [15.5, 8.25, 15.25, 8.5], "texture": "#0"}
			}
		},
		{
			"from": [9, 4, -1],
			"to": [10, 7, 0],
			"rotation": {"angle": 22.5, "axis": "x", "origin": [0, 4, -2]},
			"faces": {
				"north": {"uv": [14.5, 10, 14.75, 10.75], "texture": "#0"},
				"east": {"uv": [14.5, 11.25, 14.75, 12], "texture": "#0"},
				"south": {"uv": [14.5, 14, 14.75, 14.75], "texture": "#0"},
				"west": {"uv": [14.75, 0, 15, 0.75], "texture": "#0"},
				"up": {"uv": [8.75, 15.5, 8.5, 15.25], "texture": "#0"},
				"down": {"uv": [15.5, 8.5, 15.25, 8.75], "texture": "#0"}
			}
		},
		{
			"from": [10, 3, -1.4],
			"to": [14, 4, -0.4],
			"rotation": {"angle": 22.5, "axis": "x", "origin": [4, 3, -2]},
			"faces": {
				"north": {"uv": [14, 12.5, 15, 12.75], "texture": "#0"},
				"east": {"uv": [8.75, 15.25, 9, 15.5], "texture": "#0"},
				"south": {"uv": [14, 12.75, 15, 13], "texture": "#0"},
				"west": {"uv": [15.25, 8.75, 15.5, 9], "texture": "#0"},
				"up": {"uv": [15.25, 1.5, 14.25, 1.25], "texture": "#0"},
				"down": {"uv": [15.25, 1.5, 14.25, 1.75], "texture": "#0"}
			}
		},
		{
			"from": [10, 7, 0.15],
			"to": [14, 8, 1.15],
			"rotation": {"angle": 22.5, "axis": "x", "origin": [4, 7, -2]},
			"faces": {
				"north": {"uv": [14.25, 5.75, 15.25, 6], "texture": "#0"},
				"east": {"uv": [9, 15.25, 9.25, 15.5], "texture": "#0"},
				"south": {"uv": [14.25, 6, 15.25, 6.25], "texture": "#0"},
				"west": {"uv": [15.25, 9, 15.5, 9.25], "texture": "#0"},
				"up": {"uv": [15.25, 6.5, 14.25, 6.25], "texture": "#0"},
				"down": {"uv": [15.25, 7, 14.25, 7.25], "texture": "#0"}
			}
		},
		{
			"from": [6, 4, -1],
			"to": [7, 7, 0],
			"rotation": {"angle": 22.5, "axis": "x", "origin": [5, 4, -2]},
			"faces": {
				"north": {"uv": [14.75, 2.5, 15, 3.25], "texture": "#0"},
				"east": {"uv": [2.75, 14.75, 3, 15.5], "texture": "#0"},
				"south": {"uv": [3, 14.75, 3.25, 15.5], "texture": "#0"},
				"west": {"uv": [3.25, 14.75, 3.5, 15.5], "texture": "#0"},
				"up": {"uv": [9.5, 15.5, 9.25, 15.25], "texture": "#0"},
				"down": {"uv": [15.5, 10, 15.25, 10.25], "texture": "#0"}
			}
		},
		{
			"from": [1, 4, -1],
			"to": [2, 7, 0],
			"rotation": {"angle": 22.5, "axis": "x", "origin": [0, 4, -2]},
			"faces": {
				"north": {"uv": [14.75, 3.25, 15, 4], "texture": "#0"},
				"east": {"uv": [3.5, 14.75, 3.75, 15.5], "texture": "#0"},
				"south": {"uv": [14.75, 4, 15, 4.75], "texture": "#0"},
				"west": {"uv": [14.75, 4.75, 15, 5.5], "texture": "#0"},
				"up": {"uv": [15.5, 10.5, 15.25, 10.25], "texture": "#0"},
				"down": {"uv": [10.75, 15.25, 10.5, 15.5], "texture": "#0"}
			}
		},
		{
			"from": [2, 3, -1.4],
			"to": [6, 4, -0.4],
			"rotation": {"angle": 22.5, "axis": "x", "origin": [4, 3, -2]},
			"faces": {
				"north": {"uv": [14.25, 7.25, 15.25, 7.5], "texture": "#0"},
				"east": {"uv": [15.25, 10.5, 15.5, 10.75], "texture": "#0"},
				"south": {"uv": [14.25, 7.5, 15.25, 7.75], "texture": "#0"},
				"west": {"uv": [10.75, 15.25, 11, 15.5], "texture": "#0"},
				"up": {"uv": [15.25, 8, 14.25, 7.75], "texture": "#0"},
				"down": {"uv": [15.25, 8, 14.25, 8.25], "texture": "#0"}
			}
		},
		{
			"from": [2, 7, 0.15],
			"to": [6, 8, 1.15],
			"rotation": {"angle": 22.5, "axis": "x", "origin": [4, 7, -2]},
			"faces": {
				"north": {"uv": [14.25, 8.25, 15.25, 8.5], "texture": "#0"},
				"east": {"uv": [15.25, 10.75, 15.5, 11], "texture": "#0"},
				"south": {"uv": [14.25, 8.5, 15.25, 8.75], "texture": "#0"},
				"west": {"uv": [11, 15.25, 11.25, 15.5], "texture": "#0"},
				"up": {"uv": [15.25, 9, 14.25, 8.75], "texture": "#0"},
				"down": {"uv": [15.25, 9, 14.25, 9.25], "texture": "#0"}
			}
		},
		{
			"from": [2, 3.5, -0.5],
			"to": [6, 7, -0.5],
			"rotation": {"angle": 22.5, "axis": "x", "origin": [6, 5, -2]},
			"faces": {
				"north": {"uv": [3.75, 10.75, 4.75, 11.75], "texture": "#0"},
				"east": {"uv": [0, 0, 0, 1], "texture": "#0"},
				"south": {"uv": [4.75, 10.75, 5.75, 11.75], "texture": "#0"},
				"west": {"uv": [0, 0, 0, 1], "texture": "#0"},
				"up": {"uv": [1, 0, 0, 0], "texture": "#0"},
				"down": {"uv": [1, 0, 0, 0], "texture": "#0"}
			}
		},
		{
			"from": [10, 3.5, -0.5],
			"to": [14, 7, -0.5],
			"rotation": {"angle": 22.5, "axis": "x", "origin": [6, 5, -2]},
			"faces": {
				"north": {"uv": [5.75, 10.75, 6.75, 11.75], "texture": "#0"},
				"east": {"uv": [0, 0, 0, 1], "texture": "#0"},
				"south": {"uv": [0, 11, 1, 12], "texture": "#0"},
				"west": {"uv": [0, 0, 0, 1], "texture": "#0"},
				"up": {"uv": [1, 0, 0, 0], "texture": "#0"},
				"down": {"uv": [1, 0, 0, 0], "texture": "#0"}
			}
		},
		{
			"name": "middle",
			"from": [7, 5.5, -1],
			"to": [9, 6.5, 0],
			"rotation": {"angle": 22.5, "axis": "x", "origin": [6, 5, -2]},
			"faces": {
				"north": {"uv": [15, 4.25, 15.5, 4.5], "texture": "#0"},
				"east": {"uv": [15.25, 11, 15.5, 11.25], "texture": "#0"},
				"south": {"uv": [15, 4.5, 15.5, 4.75], "texture": "#0"},
				"west": {"uv": [11.25, 15.25, 11.5, 15.5], "texture": "#0"},
				"up": {"uv": [15.5, 5, 15, 4.75], "texture": "#0"},
				"down": {"uv": [15.5, 5, 15, 5.25], "texture": "#0"}
			}
		},
		{
			"name": "middle",
			"from": [3, 4, 9.8],
			"to": [4, 5, 12.3],
			"rotation": {"angle": 45, "axis": "y", "origin": [7, 5, 16]},
			"faces": {
				"north": {"uv": [15.25, 11.25, 15.5, 11.5], "texture": "#0"},
				"east": {"uv": [14.25, 9.25, 15, 9.5], "texture": "#0"},
				"south": {"uv": [11.5, 15.25, 11.75, 15.5], "texture": "#0"},
				"west": {"uv": [14.25, 9.5, 15, 9.75], "texture": "#0"},
				"up": {"uv": [7, 15.5, 6.75, 14.75], "texture": "#0"},
				"down": {"uv": [7.25, 14.75, 7, 15.5], "texture": "#0"}
			}
		},
		{
			"name": "middle",
			"from": [12, 4, 9.8],
			"to": [13, 5, 12.3],
			"rotation": {"angle": -45, "axis": "y", "origin": [9, 5, 16]},
			"faces": {
				"north": {"uv": [15.25, 11.5, 15.5, 11.75], "texture": "#0"},
				"east": {"uv": [14.25, 12.25, 15, 12.5], "texture": "#0"},
				"south": {"uv": [11.75, 15.25, 12, 15.5], "texture": "#0"},
				"west": {"uv": [14.5, 1, 15.25, 1.25], "texture": "#0"},
				"up": {"uv": [15, 10.75, 14.75, 10], "texture": "#0"},
				"down": {"uv": [15, 11.25, 14.75, 12], "texture": "#0"}
			}
		},
		{
			"name": "middle",
			"from": [13, 4, 2],
			"to": [14, 5, 4.4],
			"rotation": {"angle": 22.5, "axis": "y", "origin": [10, 5, -2]},
			"faces": {
				"north": {"uv": [12, 15.25, 12.25, 15.5], "texture": "#0"},
				"east": {"uv": [15, 5.25, 15.5, 5.5], "texture": "#0"},
				"south": {"uv": [15.25, 12, 15.5, 12.25], "texture": "#0"},
				"west": {"uv": [15, 9.25, 15.5, 9.5], "texture": "#0"},
				"up": {"uv": [6.25, 15.5, 6, 15], "texture": "#0"},
				"down": {"uv": [15.25, 10, 15, 10.5], "texture": "#0"}
			}
		},
		{
			"name": "middle",
			"from": [2, 4, 2],
			"to": [3, 5, 4.4],
			"rotation": {"angle": -22.5, "axis": "y", "origin": [6, 5, -2]},
			"faces": {
				"north": {"uv": [4.75, 15.5, 5, 15.75], "texture": "#0"},
				"east": {"uv": [4, 15.5, 4.5, 15.75], "texture": "#0"},
				"south": {"uv": [15.5, 4.75, 15.75, 5], "texture": "#0"},
				"west": {"uv": [15.5, 4, 16, 4.25], "texture": "#0"},
				"up": {"uv": [15.75, 4.75, 15.5, 4.25], "texture": "#0"},
				"down": {"uv": [4.75, 15.5, 4.5, 16], "texture": "#0"}
			}
		},
		{
			"name": "middle",
			"from": [15.2, 4, 2],
			"to": [16.2, 5, 14.4],
			"rotation": {"angle": 0, "axis": "y", "origin": [13, 5, -1]},
			"faces": {
				"north": {"uv": [12.25, 15.25, 12.5, 15.5], "texture": "#0"},
				"east": {"uv": [11.25, 7.75, 14.25, 8], "texture": "#0"},
				"south": {"uv": [15.25, 12.25, 15.5, 12.5], "texture": "#0"},
				"west": {"uv": [11.25, 8, 14.25, 8.25], "texture": "#0"},
				"up": {"uv": [1.5, 14, 1.25, 11], "texture": "#0"},
				"down": {"uv": [1.75, 11, 1.5, 14], "texture": "#0"}
			}
		},
		{
			"name": "middle",
			"from": [1.6, 4, 15.2],
			"to": [14.4, 5, 16.2],
			"rotation": {"angle": 0, "axis": "y", "origin": [17, 5, 13]},
			"faces": {
				"north": {"uv": [10.5, 6.5, 13.75, 6.75], "texture": "#0"},
				"east": {"uv": [12.5, 15.25, 12.75, 15.5], "texture": "#0"},
				"south": {"uv": [10.5, 6.75, 13.75, 7], "texture": "#0"},
				"west": {"uv": [15.25, 12.5, 15.5, 12.75], "texture": "#0"},
				"up": {"uv": [14.25, 3.75, 11, 3.5], "texture": "#0"},
				"down": {"uv": [14.25, 3.75, 11, 4], "texture": "#0"}
			}
		},
		{
			"name": "middle",
			"from": [-0.2, 4, 2],
			"to": [0.8, 5, 14.4],
			"rotation": {"angle": 0, "axis": "y", "origin": [-2, 5, -1]},
			"faces": {
				"north": {"uv": [12.75, 15.25, 13, 15.5], "texture": "#0"},
				"east": {"uv": [11.25, 8.25, 14.25, 8.5], "texture": "#0"},
				"south": {"uv": [15.25, 12.75, 15.5, 13], "texture": "#0"},
				"west": {"uv": [11.25, 8.5, 14.25, 8.75], "texture": "#0"},
				"up": {"uv": [2, 14, 1.75, 11], "texture": "#0"},
				"down": {"uv": [2.25, 11, 2, 14], "texture": "#0"}
			}
		},
		{
			"from": [2, 0, 1],
			"to": [14, 5, 2],
			"rotation": {"angle": 0, "axis": "y", "origin": [2, 0, 1]},
			"faces": {
				"north": {"uv": [3, 8.5, 6, 9.75], "texture": "#0"},
				"east": {"uv": [0, 14.25, 0.25, 15.5], "texture": "#0"},
				"south": {"uv": [6, 8.5, 9, 9.75], "texture": "#0"},
				"west": {"uv": [14.25, 0, 14.5, 1.25], "texture": "#0"},
				"up": {"uv": [14.25, 9, 11.25, 8.75], "texture": "#0"},
				"down": {"uv": [14.25, 9, 11.25, 9.25], "texture": "#0"}
			}
		},
		{
			"from": [3, 5, 2],
			"to": [13, 6, 3],
			"rotation": {"angle": 0, "axis": "y", "origin": [2, 1, 2]},
			"faces": {
				"north": {"uv": [12, 2.75, 14.5, 3], "texture": "#0"},
				"east": {"uv": [13, 15.25, 13.25, 15.5], "texture": "#0"},
				"south": {"uv": [12, 3, 14.5, 3.25], "texture": "#0"},
				"west": {"uv": [13.25, 15.25, 13.5, 15.5], "texture": "#0"},
				"up": {"uv": [14.5, 3.5, 12, 3.25], "texture": "#0"},
				"down": {"uv": [6.25, 12, 3.75, 12.25], "texture": "#0"}
			}
		},
		{
			"from": [13, 4, 2],
			"to": [14, 5, 3],
			"rotation": {"angle": 0, "axis": "y", "origin": [3, 0, 2]},
			"faces": {
				"north": {"uv": [13.5, 15.25, 13.75, 15.5], "texture": "#0"},
				"east": {"uv": [13.75, 15.25, 14, 15.5], "texture": "#0"},
				"south": {"uv": [14, 15.25, 14.25, 15.5], "texture": "#0"},
				"west": {"uv": [15.25, 14, 15.5, 14.25], "texture": "#0"},
				"up": {"uv": [15.5, 14.5, 15.25, 14.25], "texture": "#0"},
				"down": {"uv": [14.75, 15.25, 14.5, 15.5], "texture": "#0"}
			}
		},
		{
			"from": [2, 4, 2],
			"to": [3, 5, 3],
			"rotation": {"angle": 0, "axis": "y", "origin": [-8, 0, 2]},
			"faces": {
				"north": {"uv": [14.75, 15.25, 15, 15.5], "texture": "#0"},
				"east": {"uv": [15.25, 14.75, 15.5, 15], "texture": "#0"},
				"south": {"uv": [15, 15.25, 15.25, 15.5], "texture": "#0"},
				"west": {"uv": [15.25, 15, 15.5, 15.25], "texture": "#0"},
				"up": {"uv": [15.5, 15.5, 15.25, 15.25], "texture": "#0"},
				"down": {"uv": [0.25, 15.5, 0, 15.75], "texture": "#0"}
			}
		},
		{
			"from": [2, 4, 13],
			"to": [3, 5, 14],
			"rotation": {"angle": 0, "axis": "y", "origin": [-8, 0, 13]},
			"faces": {
				"north": {"uv": [15.5, 0, 15.75, 0.25], "texture": "#0"},
				"east": {"uv": [0.25, 15.5, 0.5, 15.75], "texture": "#0"},
				"south": {"uv": [15.5, 0.25, 15.75, 0.5], "texture": "#0"},
				"west": {"uv": [0.5, 15.5, 0.75, 15.75], "texture": "#0"},
				"up": {"uv": [15.75, 0.75, 15.5, 0.5], "texture": "#0"},
				"down": {"uv": [1, 15.5, 0.75, 15.75], "texture": "#0"}
			}
		},
		{
			"from": [13, 4, 13],
			"to": [14, 5, 14],
			"rotation": {"angle": 0, "axis": "y", "origin": [3, 0, 13]},
			"faces": {
				"north": {"uv": [15.5, 0.75, 15.75, 1], "texture": "#0"},
				"east": {"uv": [15.5, 1, 15.75, 1.25], "texture": "#0"},
				"south": {"uv": [1.25, 15.5, 1.5, 15.75], "texture": "#0"},
				"west": {"uv": [15.5, 1.25, 15.75, 1.5], "texture": "#0"},
				"up": {"uv": [1.75, 15.75, 1.5, 15.5], "texture": "#0"},
				"down": {"uv": [15.75, 1.5, 15.5, 1.75], "texture": "#0"}
			}
		},
		{
			"from": [13, 5, 3],
			"to": [14, 6, 13],
			"rotation": {"angle": 0, "axis": "y", "origin": [3, 1, 12]},
			"faces": {
				"north": {"uv": [1.75, 15.5, 2, 15.75], "texture": "#0"},
				"east": {"uv": [12, 10, 14.5, 10.25], "texture": "#0"},
				"south": {"uv": [15.5, 1.75, 15.75, 2], "texture": "#0"},
				"west": {"uv": [12, 10.25, 14.5, 10.5], "texture": "#0"},
				"up": {"uv": [8.75, 14, 8.5, 11.5], "texture": "#0"},
				"down": {"uv": [9, 11.5, 8.75, 14], "texture": "#0"}
			}
		},
		{
			"from": [2, 5, 3],
			"to": [3, 6, 13],
			"rotation": {"angle": 0, "axis": "y", "origin": [-8, 1, 12]},
			"faces": {
				"north": {"uv": [2, 15.5, 2.25, 15.75], "texture": "#0"},
				"east": {"uv": [12, 10.5, 14.5, 10.75], "texture": "#0"},
				"south": {"uv": [15.5, 2, 15.75, 2.25], "texture": "#0"},
				"west": {"uv": [12, 10.75, 14.5, 11], "texture": "#0"},
				"up": {"uv": [9.25, 14, 9, 11.5], "texture": "#0"},
				"down": {"uv": [9.5, 11.5, 9.25, 14], "texture": "#0"}
			}
		},
		{
			"from": [3, 5, 13],
			"to": [13, 6, 14],
			"rotation": {"angle": 0, "axis": "y", "origin": [2, 1, 13]},
			"faces": {
				"north": {"uv": [11.5, 12, 14, 12.25], "texture": "#0"},
				"east": {"uv": [2.25, 15.5, 2.5, 15.75], "texture": "#0"},
				"south": {"uv": [3.75, 12.25, 6.25, 12.5], "texture": "#0"},
				"west": {"uv": [15.5, 2.25, 15.75, 2.5], "texture": "#0"},
				"up": {"uv": [14, 12.5, 11.5, 12.25], "texture": "#0"},
				"down": {"uv": [6.25, 12.5, 3.75, 12.75], "texture": "#0"}
			}
		},
		{
			"from": [3, 6, 3],
			"to": [13, 7, 13],
			"rotation": {"angle": 0, "axis": "y", "origin": [2, 2, 12]},
			"faces": {
				"north": {"uv": [11.5, 12.5, 14, 12.75], "texture": "#0"},
				"east": {"uv": [3.75, 12.75, 6.25, 13], "texture": "#0"},
				"south": {"uv": [11.5, 12.75, 14, 13], "texture": "#0"},
				"west": {"uv": [3.75, 13, 6.25, 13.25], "texture": "#0"},
				"up": {"uv": [7.5, 7, 5, 4.5], "texture": "#0"},
				"down": {"uv": [8.5, 0, 6, 2.5], "texture": "#0"}
			}
		},
		{
			"from": [2, -4, 14],
			"to": [14, 5, 15],
			"rotation": {"angle": 0, "axis": "y", "origin": [2, -4, 14]},
			"faces": {
				"north": {"uv": [3, 0, 6, 2.25], "texture": "#0"},
				"east": {"uv": [12, 13, 12.25, 15.25], "texture": "#0"},
				"south": {"uv": [3, 2.25, 6, 4.5], "texture": "#0"},
				"west": {"uv": [12.25, 13, 12.5, 15.25], "texture": "#0"},
				"up": {"uv": [14.25, 9.5, 11.25, 9.25], "texture": "#0"},
				"down": {"uv": [14.25, 9.5, 11.25, 9.75], "texture": "#0"}
			}
		},
		{
			"from": [1, -5, 5],
			"to": [2, -1, 14],
			"rotation": {"angle": 0, "axis": "y", "origin": [1, -5, 12]},
			"faces": {
				"north": {"uv": [10.5, 14.25, 10.75, 15.25], "texture": "#0"},
				"east": {"uv": [5.25, 9.75, 7.5, 10.75], "texture": "#0"},
				"south": {"uv": [10.75, 14.25, 11, 15.25], "texture": "#0"},
				"west": {"uv": [0, 10, 2.25, 11], "texture": "#0"},
				"up": {"uv": [12.75, 15.25, 12.5, 13], "texture": "#0"},
				"down": {"uv": [13, 13, 12.75, 15.25], "texture": "#0"}
			}
		},
		{
			"from": [1, -1, 2],
			"to": [2, 5, 14],
			"rotation": {"angle": 0, "axis": "y", "origin": [1, -1, 12]},
			"faces": {
				"north": {"uv": [14, 4, 14.25, 5.5], "texture": "#0"},
				"east": {"uv": [7.5, 4, 10.5, 5.5], "texture": "#0"},
				"south": {"uv": [6.25, 14, 6.5, 15.5], "texture": "#0"},
				"west": {"uv": [7.5, 5.5, 10.5, 7], "texture": "#0"},
				"up": {"uv": [10.75, 14.25, 10.5, 11.25], "texture": "#0"},
				"down": {"uv": [11, 11.25, 10.75, 14.25], "texture": "#0"}
			}
		},
		{
			"from": [14, -11, 9],
			"to": [15, -7, 11],
			"rotation": {"angle": 0, "axis": "y", "origin": [14, -8, 8]},
			"faces": {
				"north": {"uv": [11, 14.25, 11.25, 15.25], "texture": "#0"},
				"east": {"uv": [13.25, 13, 13.75, 14], "texture": "#0"},
				"south": {"uv": [11.25, 14.25, 11.5, 15.25], "texture": "#0"},
				"west": {"uv": [2.75, 13.75, 3.25, 14.75], "texture": "#0"},
				"up": {"uv": [15.25, 11, 15, 10.5], "texture": "#0"},
				"down": {"uv": [15.25, 11.25, 15, 11.75], "texture": "#0"}
			}
		},
		{
			"from": [14, -7, 7],
			"to": [15, -6, 12],
			"rotation": {"angle": 0, "axis": "y", "origin": [14, -7, 9]},
			"faces": {
				"north": {"uv": [2.5, 15.5, 2.75, 15.75], "texture": "#0"},
				"east": {"uv": [7.5, 9.75, 8.75, 10], "texture": "#0"},
				"south": {"uv": [15.5, 2.5, 15.75, 2.75], "texture": "#0"},
				"west": {"uv": [14, 1.75, 15.25, 2], "texture": "#0"},
				"up": {"uv": [0.5, 15.5, 0.25, 14.25], "texture": "#0"},
				"down": {"uv": [0.75, 14.25, 0.5, 15.5], "texture": "#0"}
			}
		},
		{
			"from": [14, -6, 6],
			"to": [15, -5, 13],
			"rotation": {"angle": 0, "axis": "y", "origin": [14, -6, 9]},
			"faces": {
				"north": {"uv": [2.75, 15.5, 3, 15.75], "texture": "#0"},
				"east": {"uv": [13.75, 13, 15.5, 13.25], "texture": "#0"},
				"south": {"uv": [15.5, 2.75, 15.75, 3], "texture": "#0"},
				"west": {"uv": [13.75, 13.25, 15.5, 13.5], "texture": "#0"},
				"up": {"uv": [10.25, 15.5, 10, 13.75], "texture": "#0"},
				"down": {"uv": [10.5, 13.75, 10.25, 15.5], "texture": "#0"}
			}
		},
		{
			"from": [14, -2, 3],
			"to": [15, -1, 5],
			"rotation": {"angle": 0, "axis": "y", "origin": [14, -2, 2]},
			"faces": {
				"north": {"uv": [3, 15.5, 3.25, 15.75], "texture": "#0"},
				"east": {"uv": [15, 9.5, 15.5, 9.75], "texture": "#0"},
				"south": {"uv": [15.5, 3, 15.75, 3.25], "texture": "#0"},
				"west": {"uv": [15, 11.75, 15.5, 12], "texture": "#0"},
				"up": {"uv": [15.25, 12.5, 15, 12], "texture": "#0"},
				"down": {"uv": [15.25, 12.5, 15, 13], "texture": "#0"}
			}
		},
		{
			"from": [14, -5, 5],
			"to": [15, -1, 14],
			"rotation": {"angle": 0, "axis": "y", "origin": [14, -5, 12]},
			"faces": {
				"north": {"uv": [14.25, 11.25, 14.5, 12.25], "texture": "#0"},
				"east": {"uv": [7.5, 10, 9.75, 11], "texture": "#0"},
				"south": {"uv": [14.25, 14, 14.5, 15], "texture": "#0"},
				"west": {"uv": [9.75, 10, 12, 11], "texture": "#0"},
				"up": {"uv": [13.25, 15.25, 13, 13], "texture": "#0"},
				"down": {"uv": [4, 13.25, 3.75, 15.5], "texture": "#0"}
			}
		},
		{
			"from": [14, -1, 2],
			"to": [15, 5, 14],
			"rotation": {"angle": 0, "axis": "y", "origin": [14, -1, 12]},
			"faces": {
				"north": {"uv": [6.5, 14, 6.75, 15.5], "texture": "#0"},
				"east": {"uv": [0, 8.5, 3, 10], "texture": "#0"},
				"south": {"uv": [7.5, 14, 7.75, 15.5], "texture": "#0"},
				"west": {"uv": [8.5, 0, 11.5, 1.5], "texture": "#0"},
				"up": {"uv": [11.25, 14.25, 11, 11.25], "texture": "#0"},
				"down": {"uv": [11.5, 11.25, 11.25, 14.25], "texture": "#0"}
			}
		},
		{
			"from": [1, -7, 7],
			"to": [2, -6, 12],
			"rotation": {"angle": 0, "axis": "y", "origin": [1, -7, 9]},
			"faces": {
				"north": {"uv": [3.25, 15.5, 3.5, 15.75], "texture": "#0"},
				"east": {"uv": [14, 2, 15.25, 2.25], "texture": "#0"},
				"south": {"uv": [15.5, 3.25, 15.75, 3.5], "texture": "#0"},
				"west": {"uv": [14, 2.25, 15.25, 2.5], "texture": "#0"},
				"up": {"uv": [1, 15.5, 0.75, 14.25], "texture": "#0"},
				"down": {"uv": [14.5, 3.5, 14.25, 4.75], "texture": "#0"}
			}
		},
		{
			"from": [1, -2, 3],
			"to": [2, -1, 5],
			"rotation": {"angle": 0, "axis": "y", "origin": [1, -2, 2]},
			"faces": {
				"north": {"uv": [3.5, 15.5, 3.75, 15.75], "texture": "#0"},
				"east": {"uv": [15, 14.5, 15.5, 14.75], "texture": "#0"},
				"south": {"uv": [15.5, 3.5, 15.75, 3.75], "texture": "#0"},
				"west": {"uv": [14.75, 15, 15.25, 15.25], "texture": "#0"},
				"up": {"uv": [14.5, 15.5, 14.25, 15], "texture": "#0"},
				"down": {"uv": [15.5, 0, 15.25, 0.5], "texture": "#0"}
			}
		},
		{
			"from": [1, -6, 6],
			"to": [2, -5, 13],
			"rotation": {"angle": 0, "axis": "y", "origin": [1, -6, 9]},
			"faces": {
				"north": {"uv": [3.75, 15.5, 4, 15.75], "texture": "#0"},
				"east": {"uv": [13.75, 13.5, 15.5, 13.75], "texture": "#0"},
				"south": {"uv": [15.5, 3.75, 15.75, 4], "texture": "#0"},
				"west": {"uv": [13.75, 13.75, 15.5, 14], "texture": "#0"},
				"up": {"uv": [14.25, 1.75, 14, 0], "texture": "#0"},
				"down": {"uv": [1.25, 14, 1, 15.75], "texture": "#0"}
			}
		},
		{
			"from": [1, -11, 9],
			"to": [2, -7, 11],
			"rotation": {"angle": 0, "axis": "y", "origin": [1, -8, 8]},
			"faces": {
				"north": {"uv": [14.5, 0, 14.75, 1], "texture": "#0"},
				"east": {"uv": [3.25, 13.75, 3.75, 14.75], "texture": "#0"},
				"south": {"uv": [14.5, 2.5, 14.75, 3.5], "texture": "#0"},
				"west": {"uv": [6.75, 13.75, 7.25, 14.75], "texture": "#0"},
				"up": {"uv": [15.5, 1.25, 15.25, 0.75], "texture": "#0"},
				"down": {"uv": [15.5, 1.25, 15.25, 1.75], "texture": "#0"}
			}
		}
	],
	"display": {
		"thirdperson_righthand": {
			"rotation": [30, 0, 0],
			"translation": [0, 2, 0],
			"scale": [0.5, 0.5, 0.5]
		},
		"thirdperson_lefthand": {
			"rotation": [30, 0, 0],
			"translation": [0, 2, 0],
			"scale": [0.5, 0.5, 0.5]
		},
		"ground": {
			"translation": [0, 12, 0]
		},
		"gui": {
			"rotation": [20, 145, -1],
			"translation": [0, 5.25, 0],
			"scale": [0.6, 0.6, 0.6]
		},
		"head": {
			"translation": [0, 10, 0]
		},
		"fixed": {
			"translation": [0, 9.25, -2.75]
		}
	},
	"groups": [
		{
			"name": "hat",
			"origin": [8, 8, 8],
			"color": 0,
			"children": [
				{
					"name": "tube head",
					"origin": [8, 8, 8],
					"color": 0,
					"children": [0, 1, 2, 3, 4, 5, 6, 7]
				},
				{
					"name": "head dome",
					"origin": [8, 8, 8],
					"color": 0,
					"children": [8, 9, 10, 11, 12, 13, 14, 15, 16]
				},
				{
					"name": "slide flaps",
					"origin": [8, 8, 8],
					"color": 0,
					"children": [17, 18, 19, 20, 21, 22, 23, 24, 25, 26]
				},
				{
					"name": "goggles",
					"origin": [8, 8, 8],
					"color": 0,
					"children": [
						{
							"name": "goggles frame",
							"origin": [8, 8, 8],
							"color": 0,
							"children": [
								{
									"name": "goggles frame 2",
									"origin": [8, 8, 8],
									"color": 0,
									"children": [27, 28, 29, 30]
								},
								{
									"name": "goggles frame 1",
									"origin": [8, 8, 8],
									"color": 0,
									"children": [31, 32, 33, 34]
								}
							]
						},
						{
							"name": "goggles lens",
							"origin": [8, 8, 8],
							"color": 0,
							"children": [35, 36]
						},
						37,
						{
							"name": "strap",
							"origin": [8, 8, 8],
							"color": 0,
							"children": [38, 39, 40, 41, 42, 43, 44]
						}
					]
				},
				{
					"name": "white fluff",
					"origin": [8, 8, 8],
					"color": 0,
					"children": [45, 46, 47, 48, 49, 50, 51, 52, 53, 54, 55, 56, 57, 58, 59, 60, 61, 62, 63, 64, 65, 66, 67]
				}
			]
		}
	]
}
