{
	"credit": "Made with Blockbench",
	"texture_size": [128, 128],
	"textures": {
		"0": "block/custom/redstonehat",
		"particle": "block/custom/redstonehat"
	},
	"elements": [
		{
			"from": [-1, 1, 0],
			"to": [0, 13, 16],
			"rotation": {"angle": 0, "axis": "y", "origin": [-1, 6, 7]},
			"faces": {
				"north": {"uv": [3, 7.25, 3.125, 8.75], "texture": "#0"},
				"east": {"uv": [0, 4, 2, 5.5], "texture": "#0"},
				"south": {"uv": [3.125, 7.25, 3.25, 8.75], "texture": "#0"},
				"west": {"uv": [4, 0, 6, 1.5], "texture": "#0"},
				"up": {"uv": [2.125, 9.25, 2, 7.25], "texture": "#0"},
				"down": {"uv": [2.25, 7.25, 2.125, 9.25], "texture": "#0"}
			}
		},
		{
			"from": [16, 1, 0],
			"to": [17, 13, 16],
			"rotation": {"angle": 0, "axis": "y", "origin": [16, 6, 7]},
			"faces": {
				"north": {"uv": [3.25, 7.25, 3.375, 8.75], "texture": "#0"},
				"east": {"uv": [4, 1.5, 6, 3], "texture": "#0"},
				"south": {"uv": [3.375, 7.25, 3.5, 8.75], "texture": "#0"},
				"west": {"uv": [2, 4, 4, 5.5], "texture": "#0"},
				"up": {"uv": [2.375, 9.25, 2.25, 7.25], "texture": "#0"},
				"down": {"uv": [2.5, 7.25, 2.375, 9.25], "texture": "#0"}
			}
		},
		{
			"from": [0, 1, -1],
			"to": [16, 13, 0],
			"rotation": {"angle": 0, "axis": "y", "origin": [10, 6, 0]},
			"faces": {
				"north": {"uv": [4, 3, 6, 4.5], "texture": "#0"},
				"east": {"uv": [3.5, 7.25, 3.625, 8.75], "texture": "#0"},
				"south": {"uv": [4, 4.5, 6, 6], "texture": "#0"},
				"west": {"uv": [3.625, 7.25, 3.75, 8.75], "texture": "#0"},
				"up": {"uv": [9.25, 6.625, 7.25, 6.5], "texture": "#0"},
				"down": {"uv": [9.25, 6.625, 7.25, 6.75], "texture": "#0"}
			}
		},
		{
			"from": [0, 1, 16],
			"to": [16, 13, 17],
			"rotation": {"angle": 0, "axis": "y", "origin": [10, 6, 17]},
			"faces": {
				"north": {"uv": [0, 5.5, 2, 7], "texture": "#0"},
				"east": {"uv": [3.75, 7.25, 3.875, 8.75], "texture": "#0"},
				"south": {"uv": [2, 5.5, 4, 7], "texture": "#0"},
				"west": {"uv": [3.875, 7.25, 4, 8.75], "texture": "#0"},
				"up": {"uv": [9.25, 6.875, 7.25, 6.75], "texture": "#0"},
				"down": {"uv": [9.25, 6.875, 7.25, 7], "texture": "#0"}
			}
		},
		{
			"from": [-5, -1, -5],
			"to": [21, 1, 0],
			"rotation": {"angle": 0, "axis": "y", "origin": [0, 0, -3]},
			"faces": {
				"north": {"uv": [6.625, 4, 9.875, 4.25], "texture": "#0"},
				"east": {"uv": [7.25, 7, 7.875, 7.25], "texture": "#0"},
				"south": {"uv": [6.625, 4.25, 9.875, 4.5], "texture": "#0"},
				"west": {"uv": [7.25, 7.25, 7.875, 7.5], "texture": "#0"},
				"up": {"uv": [9.25, 0.625, 6, 0], "texture": "#0"},
				"down": {"uv": [9.25, 0.625, 6, 1.25], "texture": "#0"}
			}
		},
		{
			"from": [-5, -1, 16],
			"to": [21, 1, 21],
			"rotation": {"angle": 0, "axis": "y", "origin": [0, 0, 18]},
			"faces": {
				"north": {"uv": [6.625, 4.5, 9.875, 4.75], "texture": "#0"},
				"east": {"uv": [7.25, 7.5, 7.875, 7.75], "texture": "#0"},
				"south": {"uv": [6.625, 4.75, 9.875, 5], "texture": "#0"},
				"west": {"uv": [7.25, 7.75, 7.875, 8], "texture": "#0"},
				"up": {"uv": [9.25, 1.875, 6, 1.25], "texture": "#0"},
				"down": {"uv": [9.25, 1.875, 6, 2.5], "texture": "#0"}
			}
		},
		{
			"from": [-5, -1, 0],
			"to": [0, 1, 16],
			"rotation": {"angle": 0, "axis": "y", "origin": [0, 0, 13]},
			"faces": {
				"north": {"uv": [7.875, 7, 8.5, 7.25], "texture": "#0"},
				"east": {"uv": [6.625, 5, 8.625, 5.25], "texture": "#0"},
				"south": {"uv": [7.875, 7.25, 8.5, 7.5], "texture": "#0"},
				"west": {"uv": [6.625, 5.25, 8.625, 5.5], "texture": "#0"},
				"up": {"uv": [6.625, 4.5, 6, 2.5], "texture": "#0"},
				"down": {"uv": [4.625, 6, 4, 8], "texture": "#0"}
			}
		},
		{
			"from": [16, -1, 0],
			"to": [21, 1, 16],
			"rotation": {"angle": 0, "axis": "y", "origin": [18, 0, 13]},
			"faces": {
				"north": {"uv": [7.875, 7.5, 8.5, 7.75], "texture": "#0"},
				"east": {"uv": [6.625, 5.5, 8.625, 5.75], "texture": "#0"},
				"south": {"uv": [7.875, 7.75, 8.5, 8], "texture": "#0"},
				"west": {"uv": [6.625, 5.75, 8.625, 6], "texture": "#0"},
				"up": {"uv": [6.625, 6.5, 6, 4.5], "texture": "#0"},
				"down": {"uv": [5.25, 6, 4.625, 8], "texture": "#0"}
			}
		},
		{
			"from": [0, 12, 0],
			"to": [16, 14, 16],
			"rotation": {"angle": 0, "axis": "y", "origin": [5, 12, 5]},
			"faces": {
				"north": {"uv": [6.625, 6, 8.625, 6.25], "texture": "#0"},
				"east": {"uv": [6.625, 6.25, 8.625, 6.5], "texture": "#0"},
				"south": {"uv": [0, 7, 2, 7.25], "texture": "#0"},
				"west": {"uv": [2, 7, 4, 7.25], "texture": "#0"},
				"up": {"uv": [2, 2, 0, 0], "texture": "#0"},
				"down": {"uv": [2, 2, 0, 4], "texture": "#0"}
			}
		},
		{
			"from": [6, 14, 6],
			"to": [10, 22, 10],
			"rotation": {"angle": 0, "axis": "y", "origin": [5, 14, 5]},
			"faces": {
				"north": {"uv": [5.25, 7, 5.75, 8], "texture": "#0"},
				"east": {"uv": [5.75, 7, 6.25, 8], "texture": "#0"},
				"south": {"uv": [6.25, 7, 6.75, 8], "texture": "#0"},
				"west": {"uv": [6.75, 7, 7.25, 8], "texture": "#0"},
				"up": {"uv": [5.75, 6.5, 5.25, 6], "texture": "#0"},
				"down": {"uv": [3, 7.25, 2.5, 7.75], "texture": "#0"}
			}
		},
		{
			"from": [0, 22, 0],
			"to": [16, 26, 16],
			"rotation": {"angle": 0, "axis": "y", "origin": [5, 22, 5]},
			"faces": {
				"north": {"uv": [5.25, 6.5, 7.25, 7], "texture": "#0"},
				"east": {"uv": [6.625, 2.5, 8.625, 3], "texture": "#0"},
				"south": {"uv": [6.625, 3, 8.625, 3.5], "texture": "#0"},
				"west": {"uv": [6.625, 3.5, 8.625, 4], "texture": "#0"},
				"up": {"uv": [4, 2, 2, 0], "texture": "#0"},
				"down": {"uv": [4, 2, 2, 4], "texture": "#0"}
			}
		},
		{
			"from": [-1, 0, 7],
			"to": [1, 11, 9],
			"rotation": {"angle": 22.5, "axis": "z", "origin": [-1, 0, 7]},
			"faces": {
				"north": {"uv": [0, 7.25, 0.25, 8.625], "texture": "#0"},
				"east": {"uv": [0.25, 7.25, 0.5, 8.625], "texture": "#0"},
				"south": {"uv": [0.5, 7.25, 0.75, 8.625], "texture": "#0"},
				"west": {"uv": [0.75, 7.25, 1, 8.625], "texture": "#0"},
				"up": {"uv": [6, 6.25, 5.75, 6], "texture": "#0"},
				"down": {"uv": [6, 6.25, 5.75, 6.5], "texture": "#0"}
			}
		},
		{
			"from": [-1, 9, 6],
			"to": [-1, 11, 7],
			"rotation": {"angle": 22.5, "axis": "z", "origin": [-1, 0, 6]},
			"faces": {
				"north": {"uv": [0, 0, 0, 0.25], "texture": "#0"},
				"east": {"uv": [4, 8, 4.125, 8.25], "texture": "#0"},
				"south": {"uv": [0, 0, 0, 0.25], "texture": "#0"},
				"west": {"uv": [4.125, 8, 4.25, 8.25], "texture": "#0"},
				"up": {"uv": [0, 0.125, 0, 0], "texture": "#0"},
				"down": {"uv": [0, 0, 0, 0.125], "texture": "#0"}
			}
		},
		{
			"from": [-1, 9, 9],
			"to": [-1, 11, 10],
			"rotation": {"angle": 22.5, "axis": "z", "origin": [-1, 0, 9]},
			"faces": {
				"north": {"uv": [0, 0, 0, 0.25], "texture": "#0"},
				"east": {"uv": [4.25, 8, 4.375, 8.25], "texture": "#0"},
				"south": {"uv": [0, 0, 0, 0.25], "texture": "#0"},
				"west": {"uv": [4.375, 8, 4.5, 8.25], "texture": "#0"},
				"up": {"uv": [0, 0.125, 0, 0], "texture": "#0"},
				"down": {"uv": [0, 0, 0, 0.125], "texture": "#0"}
			}
		},
		{
			"from": [1, 9, 9],
			"to": [1, 11, 10],
			"rotation": {"angle": 22.5, "axis": "z", "origin": [-1, 0, 9]},
			"faces": {
				"north": {"uv": [0, 0, 0, 0.25], "texture": "#0"},
				"east": {"uv": [4.5, 8, 4.625, 8.25], "texture": "#0"},
				"south": {"uv": [0, 0, 0, 0.25], "texture": "#0"},
				"west": {"uv": [4.625, 8, 4.75, 8.25], "texture": "#0"},
				"up": {"uv": [0, 0.125, 0, 0], "texture": "#0"},
				"down": {"uv": [0, 0, 0, 0.125], "texture": "#0"}
			}
		},
		{
			"from": [1, 9, 6],
			"to": [1, 11, 7],
			"rotation": {"angle": 22.5, "axis": "z", "origin": [-1, 0, 9]},
			"faces": {
				"north": {"uv": [0, 0, 0, 0.25], "texture": "#0"},
				"east": {"uv": [4.75, 8, 4.875, 8.25], "texture": "#0"},
				"south": {"uv": [0, 0, 0, 0.25], "texture": "#0"},
				"west": {"uv": [4.875, 8, 5, 8.25], "texture": "#0"},
				"up": {"uv": [0, 0.125, 0, 0], "texture": "#0"},
				"down": {"uv": [0, 0, 0, 0.125], "texture": "#0"}
			}
		},
		{
			"from": [1, 11, 7],
			"to": [1, 12, 9],
			"rotation": {"angle": 22.5, "axis": "z", "origin": [-1, 0, 9]},
			"faces": {
				"north": {"uv": [0, 0, 0, 0.125], "texture": "#0"},
				"east": {"uv": [5, 8, 5.25, 8.125], "texture": "#0"},
				"south": {"uv": [0, 0, 0, 0.125], "texture": "#0"},
				"west": {"uv": [5.25, 8, 5.5, 8.125], "texture": "#0"},
				"up": {"uv": [0, 0.25, 0, 0], "texture": "#0"},
				"down": {"uv": [0, 0, 0, 0.25], "texture": "#0"}
			}
		},
		{
			"from": [-1, 11, 7],
			"to": [-1, 12, 9],
			"rotation": {"angle": 22.5, "axis": "z", "origin": [-1, 0, 9]},
			"faces": {
				"north": {"uv": [0, 0, 0, 0.125], "texture": "#0"},
				"east": {"uv": [5.5, 8, 5.75, 8.125], "texture": "#0"},
				"south": {"uv": [0, 0, 0, 0.125], "texture": "#0"},
				"west": {"uv": [5.75, 8, 6, 8.125], "texture": "#0"},
				"up": {"uv": [0, 0.25, 0, 0], "texture": "#0"},
				"down": {"uv": [0, 0, 0, 0.25], "texture": "#0"}
			}
		},
		{
			"from": [-1, 11, 9],
			"to": [1, 12, 9],
			"rotation": {"angle": 22.5, "axis": "z", "origin": [-1, 0, 9]},
			"faces": {
				"north": {"uv": [6, 8, 6.25, 8.125], "texture": "#0"},
				"east": {"uv": [0, 0, 0, 0.125], "texture": "#0"},
				"south": {"uv": [6.25, 8, 6.5, 8.125], "texture": "#0"},
				"west": {"uv": [0, 0, 0, 0.125], "texture": "#0"},
				"up": {"uv": [0.25, 0, 0, 0], "texture": "#0"},
				"down": {"uv": [0.25, 0, 0, 0], "texture": "#0"}
			}
		},
		{
			"from": [-1, 11, 7],
			"to": [1, 12, 7],
			"rotation": {"angle": 22.5, "axis": "z", "origin": [-1, 0, 9]},
			"faces": {
				"north": {"uv": [6.5, 8, 6.75, 8.125], "texture": "#0"},
				"east": {"uv": [0, 0, 0, 0.125], "texture": "#0"},
				"south": {"uv": [6.75, 8, 7, 8.125], "texture": "#0"},
				"west": {"uv": [0, 0, 0, 0.125], "texture": "#0"},
				"up": {"uv": [0.25, 0, 0, 0], "texture": "#0"},
				"down": {"uv": [0.25, 0, 0, 0], "texture": "#0"}
			}
		},
		{
			"from": [-2, 9, 9],
			"to": [-1, 11, 9],
			"rotation": {"angle": 22.5, "axis": "z", "origin": [-1, 0, 9]},
			"faces": {
				"north": {"uv": [7, 8, 7.125, 8.25], "texture": "#0"},
				"east": {"uv": [0, 0, 0, 0.25], "texture": "#0"},
				"south": {"uv": [7.125, 8, 7.25, 8.25], "texture": "#0"},
				"west": {"uv": [0, 0, 0, 0.25], "texture": "#0"},
				"up": {"uv": [0.125, 0, 0, 0], "texture": "#0"},
				"down": {"uv": [0.125, 0, 0, 0], "texture": "#0"}
			}
		},
		{
			"from": [-2, 9, 7],
			"to": [-1, 11, 7],
			"rotation": {"angle": 22.5, "axis": "z", "origin": [-1, 0, 7]},
			"faces": {
				"north": {"uv": [7.25, 8, 7.375, 8.25], "texture": "#0"},
				"east": {"uv": [0, 0, 0, 0.25], "texture": "#0"},
				"south": {"uv": [7.375, 8, 7.5, 8.25], "texture": "#0"},
				"west": {"uv": [0, 0, 0, 0.25], "texture": "#0"},
				"up": {"uv": [0.125, 0, 0, 0], "texture": "#0"},
				"down": {"uv": [0.125, 0, 0, 0], "texture": "#0"}
			}
		},
		{
			"from": [1, 9, 7],
			"to": [2, 11, 7],
			"rotation": {"angle": 22.5, "axis": "z", "origin": [-1, 0, 7]},
			"faces": {
				"north": {"uv": [7.5, 8, 7.625, 8.25], "texture": "#0"},
				"east": {"uv": [0, 0, 0, 0.25], "texture": "#0"},
				"south": {"uv": [7.625, 8, 7.75, 8.25], "texture": "#0"},
				"west": {"uv": [0, 0, 0, 0.25], "texture": "#0"},
				"up": {"uv": [0.125, 0, 0, 0], "texture": "#0"},
				"down": {"uv": [0.125, 0, 0, 0], "texture": "#0"}
			}
		},
		{
			"from": [1, 9, 9],
			"to": [2, 11, 9],
			"rotation": {"angle": 22.5, "axis": "z", "origin": [-1, 0, 7]},
			"faces": {
				"north": {"uv": [7.75, 8, 7.875, 8.25], "texture": "#0"},
				"east": {"uv": [0, 0, 0, 0.25], "texture": "#0"},
				"south": {"uv": [7.875, 8, 8, 8.25], "texture": "#0"},
				"west": {"uv": [0, 0, 0, 0.25], "texture": "#0"},
				"up": {"uv": [0.125, 0, 0, 0], "texture": "#0"},
				"down": {"uv": [0.125, 0, 0, 0], "texture": "#0"}
			}
		},
		{
			"from": [15, 0, 7],
			"to": [17, 11, 9],
			"rotation": {"angle": -22.5, "axis": "z", "origin": [15, 0, 7]},
			"faces": {
				"north": {"uv": [1, 7.25, 1.25, 8.625], "texture": "#0"},
				"east": {"uv": [1.25, 7.25, 1.5, 8.625], "texture": "#0"},
				"south": {"uv": [1.5, 7.25, 1.75, 8.625], "texture": "#0"},
				"west": {"uv": [1.75, 7.25, 2, 8.625], "texture": "#0"},
				"up": {"uv": [2.75, 8, 2.5, 7.75], "texture": "#0"},
				"down": {"uv": [3, 7.75, 2.75, 8], "texture": "#0"}
			}
		},
		{
			"from": [17, 9, 9],
			"to": [17, 11, 10],
			"rotation": {"angle": -22.5, "axis": "z", "origin": [15, 0, 7]},
			"faces": {
				"north": {"uv": [0, 0, 0, 0.25], "texture": "#0"},
				"east": {"uv": [8, 8, 8.125, 8.25], "texture": "#0"},
				"south": {"uv": [0, 0, 0, 0.25], "texture": "#0"},
				"west": {"uv": [2.5, 8.125, 2.625, 8.375], "texture": "#0"},
				"up": {"uv": [0, 0.125, 0, 0], "texture": "#0"},
				"down": {"uv": [0, 0, 0, 0.125], "texture": "#0"}
			}
		},
		{
			"from": [17, 11, 7],
			"to": [17, 12, 9],
			"rotation": {"angle": -22.5, "axis": "z", "origin": [15, 0, 7]},
			"faces": {
				"north": {"uv": [0, 0, 0, 0.125], "texture": "#0"},
				"east": {"uv": [2.625, 8.125, 2.875, 8.25], "texture": "#0"},
				"south": {"uv": [0, 0, 0, 0.125], "texture": "#0"},
				"west": {"uv": [5, 8.125, 5.25, 8.25], "texture": "#0"},
				"up": {"uv": [0, 0.25, 0, 0], "texture": "#0"},
				"down": {"uv": [0, 0, 0, 0.25], "texture": "#0"}
			}
		},
		{
			"from": [15, 11, 7],
			"to": [15, 12, 9],
			"rotation": {"angle": -22.5, "axis": "z", "origin": [15, 0, 7]},
			"faces": {
				"north": {"uv": [0, 0, 0, 0.125], "texture": "#0"},
				"east": {"uv": [2.5, 8, 2.75, 8.125], "texture": "#0"},
				"south": {"uv": [0, 0, 0, 0.125], "texture": "#0"},
				"west": {"uv": [2.75, 8, 3, 8.125], "texture": "#0"},
				"up": {"uv": [0, 0.25, 0, 0], "texture": "#0"},
				"down": {"uv": [0, 0, 0, 0.25], "texture": "#0"}
			}
		},
		{
			"from": [15, 9, 9],
			"to": [15, 11, 10],
			"rotation": {"angle": -22.5, "axis": "z", "origin": [15, 0, 7]},
			"faces": {
				"north": {"uv": [0, 0, 0, 0.25], "texture": "#0"},
				"east": {"uv": [2.875, 8.125, 3, 8.375], "texture": "#0"},
				"south": {"uv": [0, 0, 0, 0.25], "texture": "#0"},
				"west": {"uv": [5.25, 8.125, 5.375, 8.375], "texture": "#0"},
				"up": {"uv": [0, 0.125, 0, 0], "texture": "#0"},
				"down": {"uv": [0, 0, 0, 0.125], "texture": "#0"}
			}
		},
		{
			"from": [15, 9, 6],
			"to": [15, 11, 7],
			"rotation": {"angle": -22.5, "axis": "z", "origin": [15, 0, 7]},
			"faces": {
				"north": {"uv": [0, 0, 0, 0.25], "texture": "#0"},
				"east": {"uv": [5.375, 8.125, 5.5, 8.375], "texture": "#0"},
				"south": {"uv": [0, 0, 0, 0.25], "texture": "#0"},
				"west": {"uv": [5.5, 8.125, 5.625, 8.375], "texture": "#0"},
				"up": {"uv": [0, 0.125, 0, 0], "texture": "#0"},
				"down": {"uv": [0, 0, 0, 0.125], "texture": "#0"}
			}
		},
		{
			"from": [17, 9, 6],
			"to": [17, 11, 7],
			"rotation": {"angle": -22.5, "axis": "z", "origin": [15, 0, 7]},
			"faces": {
				"north": {"uv": [0, 0, 0, 0.25], "texture": "#0"},
				"east": {"uv": [5.625, 8.125, 5.75, 8.375], "texture": "#0"},
				"south": {"uv": [0, 0, 0, 0.25], "texture": "#0"},
				"west": {"uv": [5.75, 8.125, 5.875, 8.375], "texture": "#0"},
				"up": {"uv": [0, 0.125, 0, 0], "texture": "#0"},
				"down": {"uv": [0, 0, 0, 0.125], "texture": "#0"}
			}
		},
		{
			"from": [17, 9, 7],
			"to": [18, 11, 7],
			"rotation": {"angle": -22.5, "axis": "z", "origin": [15, 0, 7]},
			"faces": {
				"north": {"uv": [5.875, 8.125, 6, 8.375], "texture": "#0"},
				"east": {"uv": [0, 0, 0, 0.25], "texture": "#0"},
				"south": {"uv": [6, 8.125, 6.125, 8.375], "texture": "#0"},
				"west": {"uv": [0, 0, 0, 0.25], "texture": "#0"},
				"up": {"uv": [0.125, 0, 0, 0], "texture": "#0"},
				"down": {"uv": [0.125, 0, 0, 0], "texture": "#0"}
			}
		},
		{
			"from": [17, 9, 9],
			"to": [18, 11, 9],
			"rotation": {"angle": -22.5, "axis": "z", "origin": [15, 0, 7]},
			"faces": {
				"north": {"uv": [6.125, 8.125, 6.25, 8.375], "texture": "#0"},
				"east": {"uv": [0, 0, 0, 0.25], "texture": "#0"},
				"south": {"uv": [6.25, 8.125, 6.375, 8.375], "texture": "#0"},
				"west": {"uv": [0, 0, 0, 0.25], "texture": "#0"},
				"up": {"uv": [0.125, 0, 0, 0], "texture": "#0"},
				"down": {"uv": [0.125, 0, 0, 0], "texture": "#0"}
			}
		},
		{
			"from": [14, 9, 9],
			"to": [15, 11, 9],
			"rotation": {"angle": -22.5, "axis": "z", "origin": [15, 0, 7]},
			"faces": {
				"north": {"uv": [6.375, 8.125, 6.5, 8.375], "texture": "#0"},
				"east": {"uv": [0, 0, 0, 0.25], "texture": "#0"},
				"south": {"uv": [6.5, 8.125, 6.625, 8.375], "texture": "#0"},
				"west": {"uv": [0, 0, 0, 0.25], "texture": "#0"},
				"up": {"uv": [0.125, 0, 0, 0], "texture": "#0"},
				"down": {"uv": [0.125, 0, 0, 0], "texture": "#0"}
			}
		},
		{
			"from": [14, 9, 7],
			"to": [15, 11, 7],
			"rotation": {"angle": -22.5, "axis": "z", "origin": [15, 0, 7]},
			"faces": {
				"north": {"uv": [6.625, 8.125, 6.75, 8.375], "texture": "#0"},
				"east": {"uv": [0, 0, 0, 0.25], "texture": "#0"},
				"south": {"uv": [6.75, 8.125, 6.875, 8.375], "texture": "#0"},
				"west": {"uv": [0, 0, 0, 0.25], "texture": "#0"},
				"up": {"uv": [0.125, 0, 0, 0], "texture": "#0"},
				"down": {"uv": [0.125, 0, 0, 0], "texture": "#0"}
			}
		},
		{
			"from": [15, 11, 7],
			"to": [17, 12, 7],
			"rotation": {"angle": -22.5, "axis": "z", "origin": [15, 0, 7]},
			"faces": {
				"north": {"uv": [8.125, 8, 8.375, 8.125], "texture": "#0"},
				"east": {"uv": [0, 0, 0, 0.125], "texture": "#0"},
				"south": {"uv": [8.125, 8.125, 8.375, 8.25], "texture": "#0"},
				"west": {"uv": [0, 0, 0, 0.125], "texture": "#0"},
				"up": {"uv": [0.25, 0, 0, 0], "texture": "#0"},
				"down": {"uv": [0.25, 0, 0, 0], "texture": "#0"}
			}
		},
		{
			"from": [15, 11, 9],
			"to": [17, 12, 9],
			"rotation": {"angle": -22.5, "axis": "z", "origin": [15, 0, 7]},
			"faces": {
				"north": {"uv": [2.625, 8.25, 2.875, 8.375], "texture": "#0"},
				"east": {"uv": [0, 0, 0, 0.125], "texture": "#0"},
				"south": {"uv": [4, 8.25, 4.25, 8.375], "texture": "#0"},
				"west": {"uv": [0, 0, 0, 0.125], "texture": "#0"},
				"up": {"uv": [0.25, 0, 0, 0], "texture": "#0"},
				"down": {"uv": [0.25, 0, 0, 0], "texture": "#0"}
			}
		}
	],
	"display": {
		"head": {
			"translation": [0, 11, 0],
			"scale": [0.6, 0.6, 0.6]
		}
	},
	"groups": [
		{
			"name": "hat",
			"origin": [8, 8, 8],
			"color": 0,
			"children": [
				{
					"name": "tube",
					"origin": [8, 8, 8],
					"color": 0,
					"children": [0, 1, 2, 3]
				},
				{
					"name": "base",
					"origin": [8, 8, 8],
					"color": 0,
					"children": [4, 5, 6, 7]
				},
				{
					"name": "piston",
					"origin": [8, 8, 8],
					"color": 0,
					"children": [8, 9, 10]
				},
				{
					"name": "torches",
					"origin": [8, 8, 8],
					"color": 0,
					"children": [11, 12, 13, 14, 15, 16, 17, 18, 19, 20, 21, 22, 23, 24, 25, 26, 27, 28, 29, 30, 31, 32, 33, 34, 35, 36]
				}
			]
		}
	]
}
