{
	"credit": "Made with Blockbench",
	"texture_size": [32, 32],
	"textures": {
		"0": "block/custom/sandcastle",
		"particle": "block/custom/sandcastle"
	},
	"elements": [
		{
			"from": [3, 0, 3],
			"to": [6, 6, 6],
			"rotation": {"angle": 0, "axis": "y", "origin": [3, 0, 3]},
			"faces": {
				"north": {"uv": [3, 8, 4.5, 11], "texture": "#0"},
				"east": {"uv": [4.5, 8, 6, 11], "texture": "#0"},
				"south": {"uv": [6, 8.5, 7.5, 11.5], "texture": "#0"},
				"west": {"uv": [7.5, 8.5, 9, 11.5], "texture": "#0"},
				"up": {"uv": [9, 6, 7.5, 4.5], "texture": "#0"},
				"down": {"uv": [6.5, 11.5, 5, 13], "texture": "#0"}
			}
		},
		{
			"from": [10, 0, 3],
			"to": [13, 8, 6],
			"rotation": {"angle": 0, "axis": "y", "origin": [10, 0, 3]},
			"faces": {
				"north": {"uv": [3, 0, 4.5, 4], "texture": "#0"},
				"east": {"uv": [3, 4, 4.5, 8], "texture": "#0"},
				"south": {"uv": [4.5, 0, 6, 4], "texture": "#0"},
				"west": {"uv": [4.5, 4, 6, 8], "texture": "#0"},
				"up": {"uv": [8, 13, 6.5, 11.5], "texture": "#0"},
				"down": {"uv": [12.5, 12, 11, 13.5], "texture": "#0"}
			}
		},
		{
			"from": [10, 0, 10],
			"to": [13, 6, 13],
			"rotation": {"angle": 0, "axis": "y", "origin": [10, 0, 10]},
			"faces": {
				"north": {"uv": [9, 4.5, 10.5, 7.5], "texture": "#0"},
				"east": {"uv": [9, 7.5, 10.5, 10.5], "texture": "#0"},
				"south": {"uv": [0, 9.5, 1.5, 12.5], "texture": "#0"},
				"west": {"uv": [1.5, 9.5, 3, 12.5], "texture": "#0"},
				"up": {"uv": [1.5, 14, 0, 12.5], "texture": "#0"},
				"down": {"uv": [14, 0, 12.5, 1.5], "texture": "#0"}
			}
		},
		{
			"from": [3, 0, 10],
			"to": [6, 7, 13],
			"rotation": {"angle": 0, "axis": "y", "origin": [3, 0, 10]},
			"faces": {
				"north": {"uv": [0, 6, 1.5, 9.5], "texture": "#0"},
				"east": {"uv": [6, 0, 7.5, 3.5], "texture": "#0"},
				"south": {"uv": [1.5, 6, 3, 9.5], "texture": "#0"},
				"west": {"uv": [6, 3.5, 7.5, 7], "texture": "#0"},
				"up": {"uv": [3, 14, 1.5, 12.5], "texture": "#0"},
				"down": {"uv": [14, 1.5, 12.5, 3], "texture": "#0"}
			}
		},
		{
			"from": [5, 0, 5],
			"to": [11, 3, 11],
			"rotation": {"angle": 0, "axis": "y", "origin": [5, 0, 8]},
			"faces": {
				"north": {"uv": [6, 7, 9, 8.5], "texture": "#0"},
				"east": {"uv": [7.5, 0, 10.5, 1.5], "texture": "#0"},
				"south": {"uv": [7.5, 1.5, 10.5, 3], "texture": "#0"},
				"west": {"uv": [7.5, 3, 10.5, 4.5], "texture": "#0"},
				"up": {"uv": [3, 3, 0, 0], "texture": "#0"},
				"down": {"uv": [3, 3, 0, 6], "texture": "#0"}
			}
		},
		{
			"from": [6, 0, 4],
			"to": [10, 4, 5],
			"rotation": {"angle": 0, "axis": "y", "origin": [6, 0, 4]},
			"faces": {
				"north": {"uv": [10.5, 0, 12.5, 2], "texture": "#0"},
				"east": {"uv": [12.5, 8, 13, 10], "texture": "#0"},
				"south": {"uv": [10.5, 2, 12.5, 4], "texture": "#0"},
				"west": {"uv": [9, 12.5, 9.5, 14.5], "texture": "#0"},
				"up": {"uv": [14.5, 12.5, 12.5, 12], "texture": "#0"},
				"down": {"uv": [14.5, 12.5, 12.5, 13], "texture": "#0"}
			}
		},
		{
			"from": [6, 0, 11],
			"to": [10, 4, 12],
			"rotation": {"angle": 0, "axis": "y", "origin": [6, 0, 11]},
			"faces": {
				"north": {"uv": [10.5, 4, 12.5, 6], "texture": "#0"},
				"east": {"uv": [9.5, 12.5, 10, 14.5], "texture": "#0"},
				"south": {"uv": [10.5, 6, 12.5, 8], "texture": "#0"},
				"west": {"uv": [10, 12.5, 10.5, 14.5], "texture": "#0"},
				"up": {"uv": [5, 13.5, 3, 13], "texture": "#0"},
				"down": {"uv": [7, 13, 5, 13.5], "texture": "#0"}
			}
		},
		{
			"from": [4, 0, 6],
			"to": [5, 4, 10],
			"rotation": {"angle": 0, "axis": "y", "origin": [4, 0, 9]},
			"faces": {
				"north": {"uv": [10.5, 12.5, 11, 14.5], "texture": "#0"},
				"east": {"uv": [10.5, 8, 12.5, 10], "texture": "#0"},
				"south": {"uv": [7, 13, 7.5, 15], "texture": "#0"},
				"west": {"uv": [9, 10.5, 11, 12.5], "texture": "#0"},
				"up": {"uv": [8, 15, 7.5, 13], "texture": "#0"},
				"down": {"uv": [13.5, 8, 13, 10], "texture": "#0"}
			}
		},
		{
			"from": [11, 0, 6],
			"to": [12, 4, 10],
			"rotation": {"angle": 0, "axis": "y", "origin": [11, 0, 9]},
			"faces": {
				"north": {"uv": [13, 10, 13.5, 12], "texture": "#0"},
				"east": {"uv": [3, 11, 5, 13], "texture": "#0"},
				"south": {"uv": [12.5, 13, 13, 15], "texture": "#0"},
				"west": {"uv": [11, 10, 13, 12], "texture": "#0"},
				"up": {"uv": [13.5, 15, 13, 13], "texture": "#0"},
				"down": {"uv": [3.5, 13.5, 3, 15.5], "texture": "#0"}
			}
		},
		{
			"from": [11, 8, 4],
			"to": [12, 12, 5],
			"rotation": {"angle": 0, "axis": "y", "origin": [10, 8, 3]},
			"faces": {
				"north": {"uv": [3.5, 13.5, 4, 15.5], "texture": "#0"},
				"east": {"uv": [4, 13.5, 4.5, 15.5], "texture": "#0"},
				"south": {"uv": [4.5, 13.5, 5, 15.5], "texture": "#0"},
				"west": {"uv": [5, 13.5, 5.5, 15.5], "texture": "#0"},
				"up": {"uv": [11, 10.5, 10.5, 10], "texture": "#0"},
				"down": {"uv": [14.5, 5.5, 14, 6], "texture": "#0"}
			}
		},
		{
			"from": [8, 10, 4.5],
			"to": [11, 12, 4.5],
			"rotation": {"angle": 0, "axis": "y", "origin": [9, 9, 4]},
			"faces": {
				"north": {"uv": [7.5, 6, 9, 7], "texture": "#0"},
				"east": {"uv": [0, 0, 0, 1], "texture": "#0"},
				"south": {"uv": [12.5, 6, 14, 7], "texture": "#0"},
				"west": {"uv": [0, 0, 0, 1], "texture": "#0"},
				"up": {"uv": [1.5, 0, 0, 0], "texture": "#0"},
				"down": {"uv": [1.5, 0, 0, 0], "texture": "#0"}
			}
		},
		{
			"from": [2, 0, -1],
			"to": [3, 1, 4],
			"rotation": {"angle": -22.5, "axis": "y", "origin": [1, 0, -1]},
			"faces": {
				"north": {"uv": [14, 6, 14.5, 6.5], "texture": "#0"},
				"east": {"uv": [12.5, 7, 15, 7.5], "texture": "#0"},
				"south": {"uv": [14, 6.5, 14.5, 7], "texture": "#0"},
				"west": {"uv": [12.5, 7.5, 15, 8], "texture": "#0"},
				"up": {"uv": [8.5, 14, 8, 11.5], "texture": "#0"},
				"down": {"uv": [9, 11.5, 8.5, 14], "texture": "#0"}
			}
		},
		{
			"from": [-0.5, 0, 3],
			"to": [2.5, 0.5, 6],
			"rotation": {"angle": -22.5, "axis": "y", "origin": [1, 0, 3]},
			"faces": {
				"north": {"uv": [11, 13.5, 12.5, 14], "texture": "#0"},
				"east": {"uv": [13.5, 11, 15, 11.5], "texture": "#0"},
				"south": {"uv": [13.5, 11.5, 15, 12], "texture": "#0"},
				"west": {"uv": [13.5, 13, 15, 13.5], "texture": "#0"},
				"up": {"uv": [14, 4.5, 12.5, 3], "texture": "#0"},
				"down": {"uv": [14, 4.5, 12.5, 6], "texture": "#0"}
			}
		},
		{
			"from": [14, 0, 6],
			"to": [16, 0.5, 8],
			"rotation": {"angle": 0, "axis": "y", "origin": [14, 0, 6]},
			"faces": {
				"north": {"uv": [5, 11, 6, 11.5], "texture": "#0"},
				"east": {"uv": [13.5, 13.5, 14.5, 14], "texture": "#0"},
				"south": {"uv": [0, 14, 1, 14.5], "texture": "#0"},
				"west": {"uv": [14, 0, 15, 0.5], "texture": "#0"},
				"up": {"uv": [6.5, 14.5, 5.5, 13.5], "texture": "#0"},
				"down": {"uv": [14.5, 8, 13.5, 9], "texture": "#0"}
			}
		},
		{
			"from": [1.5, 0, 14.25],
			"to": [2, 0.5, 15.75],
			"rotation": {"angle": 0, "axis": "y", "origin": [0, 0, 16]},
			"faces": {
				"north": {"uv": [8, 14, 8.5, 14.5], "texture": "#0"},
				"east": {"uv": [14, 0.5, 15, 1], "texture": "#0"},
				"south": {"uv": [8.5, 14, 9, 14.5], "texture": "#0"},
				"west": {"uv": [1, 14, 2, 14.5], "texture": "#0"},
				"up": {"uv": [7, 14.5, 6.5, 13.5], "texture": "#0"},
				"down": {"uv": [14.5, 1, 14, 2], "texture": "#0"}
			}
		},
		{
			"from": [2, 0, 14],
			"to": [4, 0.5, 16],
			"rotation": {"angle": 0, "axis": "y", "origin": [2, 0, 16]},
			"faces": {
				"north": {"uv": [2, 14, 3, 14.5], "texture": "#0"},
				"east": {"uv": [14, 2, 15, 2.5], "texture": "#0"},
				"south": {"uv": [14, 2.5, 15, 3], "texture": "#0"},
				"west": {"uv": [14, 3, 15, 3.5], "texture": "#0"},
				"up": {"uv": [14.5, 10, 13.5, 9], "texture": "#0"},
				"down": {"uv": [14.5, 10, 13.5, 11], "texture": "#0"}
			}
		},
		{
			"from": [14.25, 0, 5.5],
			"to": [15.75, 0.5, 6],
			"rotation": {"angle": 0, "axis": "y", "origin": [14, 0, 4]},
			"faces": {
				"north": {"uv": [14, 3.5, 15, 4], "texture": "#0"},
				"east": {"uv": [11, 14, 11.5, 14.5], "texture": "#0"},
				"south": {"uv": [14, 4, 15, 4.5], "texture": "#0"},
				"west": {"uv": [11.5, 14, 12, 14.5], "texture": "#0"},
				"up": {"uv": [15, 5, 14, 4.5], "texture": "#0"},
				"down": {"uv": [15, 5, 14, 5.5], "texture": "#0"}
			}
		}
	],
	"display": {
		"thirdperson_righthand": {
			"translation": [0, 5, 0],
			"scale": [0.7, 0.7, 0.7]
		},
		"thirdperson_lefthand": {
			"translation": [0, 5, 0],
			"scale": [0.7, 0.7, 0.7]
		},
		"firstperson_righthand": {
			"translation": [4.5, 1.75, 0]
		},
		"firstperson_lefthand": {
			"translation": [5.75, 1.5, 0]
		},
		"ground": {
			"translation": [0, 4.75, 0]
		},
		"gui": {
			"rotation": [21, 152, 0],
			"translation": [-0.5, 3.25, 0]
		},
		"head": {
			"translation": [0, 12.75, 0],
			"scale": [0.8, 0.8, 0.8]
		},
		"fixed": {
			"rotation": [-90, 0, 0],
			"translation": [0, 0, -16],
			"scale": [2, 2, 2]
		}
	},
	"groups": [
		{
			"name": "sanscastle",
			"origin": [8, 8, 8],
			"color": 0,
			"children": [
				{
					"name": "towers",
					"origin": [8, 8, 8],
					"color": 0,
					"children": [0, 1, 2, 3, 4]
				},
				{
					"name": "walls",
					"origin": [8, 8, 8],
					"color": 0,
					"children": [5, 6, 7, 8]
				},
				{
					"name": "flag",
					"origin": [8, 8, 8],
					"color": 0,
					"children": [9, 10]
				},
				{
					"name": "ground decor",
					"origin": [8, 8, 8],
					"color": 0,
					"children": [11, 12, 13, 14, 15, 16]
				}
			]
		}
	]
}
