{
	"credit": "Made with Blockbench",
	"texture_size": [64, 64],
	"textures": {
		"0": "block/custom/sortinghat",
		"particle": "block/custom/sortinghat"
	},
	"elements": [
		{
			"from": [0, 0, 0],
			"to": [16, 0, 2],
			"faces": {
				"north": {"uv": [0, 0, 4, 0], "texture": "#0"},
				"east": {"uv": [0, 0, 0.5, 0], "texture": "#0"},
				"south": {"uv": [0, 0, 4, 0], "texture": "#0"},
				"west": {"uv": [0, 0, 0.5, 0], "texture": "#0"},
				"up": {"uv": [10.5, 7, 6.5, 6.5], "texture": "#0"},
				"down": {"uv": [10.75, 0, 6.75, 0.5], "texture": "#0"}
			}
		},
		{
			"from": [0, 0, 14],
			"to": [16, 0, 16],
			"faces": {
				"north": {"uv": [0, 0, 4, 0], "texture": "#0"},
				"east": {"uv": [0, 0, 0.5, 0], "texture": "#0"},
				"south": {"uv": [0, 0, 4, 0], "texture": "#0"},
				"west": {"uv": [0, 0, 0.5, 0], "texture": "#0"},
				"up": {"uv": [10.75, 1, 6.75, 0.5], "texture": "#0"},
				"down": {"uv": [10.75, 1, 6.75, 1.5], "texture": "#0"}
			}
		},
		{
			"from": [1, 6.15, 14.7],
			"to": [15, 6.15, 15.7],
			"rotation": {"angle": 22.5, "axis": "x", "origin": [0, 0, 0]},
			"faces": {
				"north": {"uv": [0, 0, 3.5, 0], "texture": "#0"},
				"east": {"uv": [0, 0, 0.25, 0], "texture": "#0"},
				"south": {"uv": [0, 0, 3.5, 0], "texture": "#0"},
				"west": {"uv": [0, 0, 0.25, 0], "texture": "#0"},
				"up": {"uv": [11.5, 5.25, 8, 5], "texture": "#0"},
				"down": {"uv": [11.5, 5.25, 8, 5.5], "texture": "#0"}
			}
		},
		{
			"from": [1, 0, -1],
			"to": [15, 0, 0],
			"faces": {
				"north": {"uv": [0, 0, 3.5, 0], "texture": "#0"},
				"east": {"uv": [0, 0, 0.25, 0], "texture": "#0"},
				"south": {"uv": [0, 0, 3.5, 0], "texture": "#0"},
				"west": {"uv": [0, 0, 0.25, 0], "texture": "#0"},
				"up": {"uv": [11.5, 5.75, 8, 5.5], "texture": "#0"},
				"down": {"uv": [11.5, 5.75, 8, 6], "texture": "#0"}
			}
		},
		{
			"from": [3, 0, -2],
			"to": [13, 0, -1],
			"faces": {
				"north": {"uv": [0, 0, 2.5, 0], "texture": "#0"},
				"east": {"uv": [0, 0, 0.25, 0], "texture": "#0"},
				"south": {"uv": [0, 0, 2.5, 0], "texture": "#0"},
				"west": {"uv": [0, 0, 0.25, 0], "texture": "#0"},
				"up": {"uv": [10.5, 6.25, 8, 6], "texture": "#0"},
				"down": {"uv": [10.5, 6.25, 8, 6.5], "texture": "#0"}
			}
		},
		{
			"from": [3, 6.2, 17.8],
			"to": [13, 6.2, 18.8],
			"rotation": {"angle": 22.5, "axis": "x", "origin": [0, 6, 1]},
			"faces": {
				"north": {"uv": [0, 0, 2.5, 0], "texture": "#0"},
				"east": {"uv": [0, 0, 0.25, 0], "texture": "#0"},
				"south": {"uv": [0, 0, 2.5, 0], "texture": "#0"},
				"west": {"uv": [0, 0, 0.25, 0], "texture": "#0"},
				"up": {"uv": [10.75, 7.25, 8.25, 7], "texture": "#0"},
				"down": {"uv": [10.75, 7.25, 8.25, 7.5], "texture": "#0"}
			}
		},
		{
			"from": [-1, 0, 2],
			"to": [17, 0, 14],
			"faces": {
				"north": {"uv": [0, 0, 4.5, 0], "texture": "#0"},
				"east": {"uv": [0, 0, 3, 0], "texture": "#0"},
				"south": {"uv": [0, 0, 4.5, 0], "texture": "#0"},
				"west": {"uv": [0, 0, 3, 0], "texture": "#0"},
				"up": {"uv": [4.5, 3, 0, 0], "texture": "#0"},
				"down": {"uv": [4.5, 3, 0, 6], "texture": "#0"}
			}
		},
		{
			"from": [4, 0, 3],
			"to": [13, 2, 13],
			"rotation": {"angle": 0, "axis": "y", "origin": [12, 0, 11]},
			"faces": {
				"north": {"uv": [6, 7, 8.25, 7.5], "texture": "#0"},
				"east": {"uv": [6.75, 4.5, 9.25, 5], "texture": "#0"},
				"south": {"uv": [2, 7.5, 4.25, 8], "texture": "#0"},
				"west": {"uv": [3.5, 7, 6, 7.5], "texture": "#0"},
				"up": {"uv": [6.75, 2.5, 4.5, 0], "texture": "#0"},
				"down": {"uv": [6.75, 2.5, 4.5, 5], "texture": "#0"}
			}
		},
		{
			"from": [4, 2, 4],
			"to": [12, 5, 12],
			"rotation": {"angle": 0, "axis": "y", "origin": [12, 2, 11]},
			"faces": {
				"north": {"uv": [6.75, 1.5, 8.75, 2.25], "texture": "#0"},
				"east": {"uv": [6.75, 2.25, 8.75, 3], "texture": "#0"},
				"south": {"uv": [6.75, 3, 8.75, 3.75], "texture": "#0"},
				"west": {"uv": [6.75, 3.75, 8.75, 4.5], "texture": "#0"},
				"up": {"uv": [6.5, 7, 4.5, 5], "texture": "#0"},
				"down": {"uv": [2, 6, 0, 8], "texture": "#0"}
			}
		},
		{
			"from": [5, 5, 5],
			"to": [11, 8, 11],
			"rotation": {"angle": 0, "axis": "y", "origin": [12, 6, 11]},
			"faces": {
				"north": {"uv": [4.25, 7.5, 5.75, 8.25], "texture": "#0"},
				"east": {"uv": [5.75, 7.5, 7.25, 8.25], "texture": "#0"},
				"south": {"uv": [7.25, 7.5, 8.75, 8.25], "texture": "#0"},
				"west": {"uv": [0, 8, 1.5, 8.75], "texture": "#0"},
				"up": {"uv": [3.5, 7.5, 2, 6], "texture": "#0"},
				"down": {"uv": [8, 5, 6.5, 6.5], "texture": "#0"}
			}
		},
		{
			"from": [6, 6, 7.3],
			"to": [10, 9, 11.3],
			"rotation": {"angle": 22.5, "axis": "x", "origin": [12, 9, 11]},
			"faces": {
				"north": {"uv": [3.5, 8.25, 4.5, 9], "texture": "#0"},
				"east": {"uv": [4.5, 8.25, 5.5, 9], "texture": "#0"},
				"south": {"uv": [5.5, 8.25, 6.5, 9], "texture": "#0"},
				"west": {"uv": [6.5, 8.25, 7.5, 9], "texture": "#0"},
				"up": {"uv": [4.5, 7, 3.5, 6], "texture": "#0"},
				"down": {"uv": [2.5, 8, 1.5, 9], "texture": "#0"}
			}
		},
		{
			"from": [7, 7, 8.3],
			"to": [9, 10, 11.3],
			"rotation": {"angle": 45, "axis": "x", "origin": [12, 9, 11]},
			"faces": {
				"north": {"uv": [8.75, 3.5, 9.25, 4.25], "texture": "#0"},
				"east": {"uv": [7.5, 8.25, 8.25, 9], "texture": "#0"},
				"south": {"uv": [8.75, 7.5, 9.25, 8.25], "texture": "#0"},
				"west": {"uv": [8.25, 8.25, 9, 9], "texture": "#0"},
				"up": {"uv": [2, 9.75, 1.5, 9], "texture": "#0"},
				"down": {"uv": [2.5, 9, 2, 9.75], "texture": "#0"}
			}
		},
		{
			"from": [7.5, 9.2, 11],
			"to": [8.5, 11.2, 13],
			"rotation": {"angle": -22.5, "axis": "x", "origin": [12, 9, 11]},
			"faces": {
				"north": {"uv": [9.5, 8.75, 9.75, 9.25], "texture": "#0"},
				"east": {"uv": [7, 9, 7.5, 9.5], "texture": "#0"},
				"south": {"uv": [0, 9.75, 0.25, 10.25], "texture": "#0"},
				"west": {"uv": [7.5, 9, 8, 9.5], "texture": "#0"},
				"up": {"uv": [0.5, 10.25, 0.25, 9.75], "texture": "#0"},
				"down": {"uv": [0.75, 9.75, 0.5, 10.25], "texture": "#0"}
			}
		},
		{
			"from": [7.5, 9.2, 12],
			"to": [8.5, 10.2, 14],
			"rotation": {"angle": -22.5, "axis": "x", "origin": [12, 9, 11]},
			"faces": {
				"north": {"uv": [9.75, 9.75, 10, 10], "texture": "#0"},
				"east": {"uv": [1.5, 9.75, 2, 10], "texture": "#0"},
				"south": {"uv": [1.5, 10, 1.75, 10.25], "texture": "#0"},
				"west": {"uv": [9.75, 1.5, 10.25, 1.75], "texture": "#0"},
				"up": {"uv": [10, 2.25, 9.75, 1.75], "texture": "#0"},
				"down": {"uv": [2.25, 9.75, 2, 10.25], "texture": "#0"}
			}
		},
		{
			"from": [3, 7, 4],
			"to": [4, 8, 7],
			"rotation": {"angle": 22.5, "axis": "x", "origin": [1, 4, -1]},
			"faces": {
				"north": {"uv": [1.75, 10, 2, 10.25], "texture": "#0"},
				"east": {"uv": [3.5, 8, 4.25, 8.25], "texture": "#0"},
				"south": {"uv": [10, 1.75, 10.25, 2], "texture": "#0"},
				"west": {"uv": [9.25, 3.5, 10, 3.75], "texture": "#0"},
				"up": {"uv": [8.25, 10, 8, 9.25], "texture": "#0"},
				"down": {"uv": [8.5, 9.25, 8.25, 10], "texture": "#0"}
			}
		},
		{
			"from": [3, 2, 10],
			"to": [4, 3, 13],
			"rotation": {"angle": -22.5, "axis": "x", "origin": [1, -1, 5]},
			"faces": {
				"north": {"uv": [10, 2, 10.25, 2.25], "texture": "#0"},
				"east": {"uv": [9.25, 3.75, 10, 4], "texture": "#0"},
				"south": {"uv": [2.5, 10, 2.75, 10.25], "texture": "#0"},
				"west": {"uv": [9.25, 4, 10, 4.25], "texture": "#0"},
				"up": {"uv": [8.75, 10, 8.5, 9.25], "texture": "#0"},
				"down": {"uv": [9.5, 8.5, 9.25, 9.25], "texture": "#0"}
			}
		},
		{
			"from": [3, 3.7, 7.5],
			"to": [4, 4.7, 8.5],
			"rotation": {"angle": 0, "axis": "x", "origin": [1, 1, 1]},
			"faces": {
				"north": {"uv": [2.75, 10, 3, 10.25], "texture": "#0"},
				"east": {"uv": [3, 10, 3.25, 10.25], "texture": "#0"},
				"south": {"uv": [3.25, 10, 3.5, 10.25], "texture": "#0"},
				"west": {"uv": [10, 3.5, 10.25, 3.75], "texture": "#0"},
				"up": {"uv": [10.25, 4, 10, 3.75], "texture": "#0"},
				"down": {"uv": [10.25, 4, 10, 4.25], "texture": "#0"}
			}
		},
		{
			"from": [3, 1, 6],
			"to": [4, 2, 10],
			"faces": {
				"north": {"uv": [10, 4.5, 10.25, 4.75], "texture": "#0"},
				"east": {"uv": [8.75, 4.25, 9.75, 4.5], "texture": "#0"},
				"south": {"uv": [10, 4.75, 10.25, 5], "texture": "#0"},
				"west": {"uv": [8, 9, 9, 9.25], "texture": "#0"},
				"up": {"uv": [9.25, 9.25, 9, 8.25], "texture": "#0"},
				"down": {"uv": [9.5, 7.5, 9.25, 8.5], "texture": "#0"}
			}
		},
		{
			"from": [3, 3.9, 9.3],
			"to": [4, 4.9, 12.3],
			"rotation": {"angle": 22.5, "axis": "x", "origin": [0, 2, 2.3]},
			"faces": {
				"north": {"uv": [5.25, 10, 5.5, 10.25], "texture": "#0"},
				"east": {"uv": [9.25, 4.5, 10, 4.75], "texture": "#0"},
				"south": {"uv": [5.5, 10, 5.75, 10.25], "texture": "#0"},
				"west": {"uv": [9.25, 4.75, 10, 5], "texture": "#0"},
				"up": {"uv": [9, 10, 8.75, 9.25], "texture": "#0"},
				"down": {"uv": [9.25, 9.25, 9, 10], "texture": "#0"}
			}
		},
		{
			"from": [3, -2.4, 4],
			"to": [4, -1.4, 7],
			"rotation": {"angle": -22.5, "axis": "x", "origin": [0, -2, -2]},
			"faces": {
				"north": {"uv": [6.25, 10, 6.5, 10.25], "texture": "#0"},
				"east": {"uv": [9.25, 9.25, 10, 9.5], "texture": "#0"},
				"south": {"uv": [6.5, 10, 6.75, 10.25], "texture": "#0"},
				"west": {"uv": [0, 9.5, 0.75, 9.75], "texture": "#0"},
				"up": {"uv": [1, 10.25, 0.75, 9.5], "texture": "#0"},
				"down": {"uv": [1.25, 9.5, 1, 10.25], "texture": "#0"}
			}
		},
		{
			"from": [3.5, 3.3, 4],
			"to": [4, 4.8, 7],
			"rotation": {"angle": 22.5, "axis": "x", "origin": [2, 2, 6]},
			"faces": {
				"north": {"uv": [2.25, 9.75, 2.5, 10.25], "texture": "#0"},
				"east": {"uv": [3.5, 9, 4.25, 9.5], "texture": "#0"},
				"south": {"uv": [5, 9.75, 5.25, 10.25], "texture": "#0"},
				"west": {"uv": [4.25, 9, 5, 9.5], "texture": "#0"},
				"up": {"uv": [1.5, 10.25, 1.25, 9.5], "texture": "#0"},
				"down": {"uv": [9.75, 1.5, 9.5, 2.25], "texture": "#0"}
			}
		},
		{
			"from": [3.5, 2.8, 5],
			"to": [4, 3.8, 7],
			"rotation": {"angle": 22.5, "axis": "x", "origin": [2, 2, 6]},
			"faces": {
				"north": {"uv": [6.75, 10, 7, 10.25], "texture": "#0"},
				"east": {"uv": [9.75, 4.25, 10.25, 4.5], "texture": "#0"},
				"south": {"uv": [7, 10, 7.25, 10.25], "texture": "#0"},
				"west": {"uv": [5.25, 9.75, 5.75, 10], "texture": "#0"},
				"up": {"uv": [6, 10.25, 5.75, 9.75], "texture": "#0"},
				"down": {"uv": [6.25, 9.75, 6, 10.25], "texture": "#0"}
			}
		},
		{
			"from": [3.5, 1.8, 8.7],
			"to": [4, 3.3, 11.7],
			"rotation": {"angle": -22.5, "axis": "x", "origin": [2, 2, 6]},
			"faces": {
				"north": {"uv": [8, 10, 8.25, 10.25], "texture": "#0"},
				"east": {"uv": [9.5, 2.25, 10.25, 2.5], "texture": "#0"},
				"south": {"uv": [8.25, 10, 8.5, 10.25], "texture": "#0"},
				"west": {"uv": [9.5, 2.5, 10.25, 2.75], "texture": "#0"},
				"up": {"uv": [3.75, 10.25, 3.5, 9.5], "texture": "#0"},
				"down": {"uv": [4, 9.5, 3.75, 10.25], "texture": "#0"}
			}
		},
		{
			"from": [3.5, 1.3, 8.7],
			"to": [4, 2.3, 10.7],
			"rotation": {"angle": -22.5, "axis": "x", "origin": [2, 2, 6]},
			"faces": {
				"north": {"uv": [8.5, 10, 8.75, 10.25], "texture": "#0"},
				"east": {"uv": [6.25, 9.75, 6.75, 10], "texture": "#0"},
				"south": {"uv": [8.75, 10, 9, 10.25], "texture": "#0"},
				"west": {"uv": [6.75, 9.75, 7.25, 10], "texture": "#0"},
				"up": {"uv": [7.5, 10.25, 7.25, 9.75], "texture": "#0"},
				"down": {"uv": [7.75, 9.75, 7.5, 10.25], "texture": "#0"}
			}
		},
		{
			"from": [7, -3, 2.5],
			"to": [10, 0, 3],
			"rotation": {"angle": 0, "axis": "y", "origin": [7, -2, 2]},
			"faces": {
				"north": {"uv": [0, 8.75, 0.75, 9.5], "texture": "#0"},
				"east": {"uv": [4, 9.5, 4.25, 10.25], "texture": "#0"},
				"south": {"uv": [0.75, 8.75, 1.5, 9.5], "texture": "#0"},
				"west": {"uv": [4.25, 9.5, 4.5, 10.25], "texture": "#0"},
				"up": {"uv": [10.25, 3, 9.5, 2.75], "texture": "#0"},
				"down": {"uv": [7.75, 9.5, 7, 9.75], "texture": "#0"}
			}
		},
		{
			"from": [8, -6, 2.5],
			"to": [10, -3, 3],
			"rotation": {"angle": 0, "axis": "y", "origin": [7, -5, 2]},
			"faces": {
				"north": {"uv": [5, 9, 5.5, 9.75], "texture": "#0"},
				"east": {"uv": [4.5, 9.5, 4.75, 10.25], "texture": "#0"},
				"south": {"uv": [5.5, 9, 6, 9.75], "texture": "#0"},
				"west": {"uv": [4.75, 9.5, 5, 10.25], "texture": "#0"},
				"up": {"uv": [10.25, 7.75, 9.75, 7.5], "texture": "#0"},
				"down": {"uv": [10.25, 7.75, 9.75, 8], "texture": "#0"}
			}
		},
		{
			"from": [7, -3, 13],
			"to": [10, 0, 13.5],
			"rotation": {"angle": 0, "axis": "y", "origin": [7, -2, 12]},
			"faces": {
				"north": {"uv": [8.75, 1.5, 9.5, 2.25], "texture": "#0"},
				"east": {"uv": [9.5, 7.5, 9.75, 8.25], "texture": "#0"},
				"south": {"uv": [8.75, 2.25, 9.5, 3], "texture": "#0"},
				"west": {"uv": [7.75, 9.5, 8, 10.25], "texture": "#0"},
				"up": {"uv": [10.25, 8.5, 9.5, 8.25], "texture": "#0"},
				"down": {"uv": [10.25, 8.5, 9.5, 8.75], "texture": "#0"}
			}
		},
		{
			"from": [8, -6, 13],
			"to": [10, -3, 13.5],
			"rotation": {"angle": 0, "axis": "y", "origin": [7, -5, 12]},
			"faces": {
				"north": {"uv": [6, 9, 6.5, 9.75], "texture": "#0"},
				"east": {"uv": [9.25, 9.5, 9.5, 10.25], "texture": "#0"},
				"south": {"uv": [6.5, 9, 7, 9.75], "texture": "#0"},
				"west": {"uv": [9.5, 9.5, 9.75, 10.25], "texture": "#0"},
				"up": {"uv": [10.25, 8.25, 9.75, 8], "texture": "#0"},
				"down": {"uv": [10.25, 8.75, 9.75, 9], "texture": "#0"}
			}
		},
		{
			"from": [3, 0, 4],
			"to": [5, 0.8, 12],
			"rotation": {"angle": 0, "axis": "y", "origin": [3, 0, 3]},
			"faces": {
				"north": {"uv": [9.75, 9, 10.25, 9.25], "texture": "#0"},
				"east": {"uv": [8.75, 3, 10.75, 3.25], "texture": "#0"},
				"south": {"uv": [9.75, 9.5, 10.25, 9.75], "texture": "#0"},
				"west": {"uv": [8.75, 3.25, 10.75, 3.5], "texture": "#0"},
				"up": {"uv": [3, 10, 2.5, 8], "texture": "#0"},
				"down": {"uv": [3.5, 8, 3, 10], "texture": "#0"}
			}
		}
	],
	"display": {
		"thirdperson_righthand": {
			"rotation": [0, -90, 0],
			"scale": [0.8, 0.8, 0.8]
		},
		"thirdperson_lefthand": {
			"rotation": [0, -90, 0],
			"scale": [0.8, 0.8, 0.8]
		},
		"firstperson_righthand": {
			"rotation": [0, -90, 0]
		},
		"firstperson_lefthand": {
			"rotation": [0, -90, 0]
		},
		"ground": {
			"translation": [0, 5.5, 0]
		},
		"gui": {
			"rotation": [16, 64, 0],
			"translation": [0, 1.75, 0],
			"scale": [0.8, 0.8, 0.8]
		},
		"head": {
			"rotation": [0, -90, 0],
			"translation": [0, 17, -0.5],
			"scale": [1.5, 1.5, 1.5]
		},
		"fixed": {
			"rotation": [0, -90, 0],
			"translation": [0, 2.25, 0]
		}
	},
	"groups": [
		{
			"name": "hat",
			"origin": [8, 8, 8],
			"color": 0,
			"children": [
				{
					"name": "base",
					"origin": [8, 8, 8],
					"color": 0,
					"children": [0, 1, 2, 3, 4, 5, 6]
				},
				{
					"name": "top",
					"origin": [8, 8, 8],
					"color": 0,
					"children": [7, 8, 9, 10, 11, 12, 13]
				},
				{
					"name": "eyebrows",
					"origin": [8, 8, 8],
					"color": 0,
					"children": [14, 15, 16]
				},
				{
					"name": "mouth  upper lip",
					"origin": [8, 8, 8],
					"color": 0,
					"children": [17, 18, 19]
				},
				{
					"name": "eyes",
					"origin": [8, 8, 8],
					"color": 0,
					"children": [20, 21, 22, 23]
				},
				{
					"name": "flaps",
					"origin": [8, 8, 8],
					"color": 0,
					"children": [24, 25, 26, 27]
				},
				{
					"name": "mouth lower lip",
					"origin": [8, 8, 8],
					"color": 0,
					"children": [28]
				}
			]
		}
	]
}
