{
	"credit": "Made with Blockbench",
	"texture_size": [32, 32],
	"textures": {
		"0": "block/custom/starfish",
		"particle": "block/custom/starfish"
	},
	"elements": [
		{
			"from": [6, 0, 6.5],
			"to": [10, 1, 11],
			"rotation": {"angle": 0, "axis": "y", "origin": [6, 0, 8]},
			"faces": {
				"north": {"uv": [5, 4.5, 7, 5], "texture": "#0"},
				"east": {"uv": [4, 3.5, 6.5, 4], "texture": "#0"},
				"south": {"uv": [5, 5, 7, 5.5], "texture": "#0"},
				"west": {"uv": [5, 4, 7.5, 4.5], "texture": "#0"},
				"up": {"uv": [2, 2.5, 0, 0], "texture": "#0"},
				"down": {"uv": [4, 0, 2, 2.5], "texture": "#0"}
			}
		},
		{
			"from": [3.5, 0, 5],
			"to": [6.5, 1, 7],
			"rotation": {"angle": 22.5, "axis": "y", "origin": [7, 0, 3]},
			"faces": {
				"north": {"uv": [6.5, 3, 8, 3.5], "texture": "#0"},
				"east": {"uv": [3, 6.5, 4, 7], "texture": "#0"},
				"south": {"uv": [6.5, 3.5, 8, 4], "texture": "#0"},
				"west": {"uv": [7, 5, 8, 5.5], "texture": "#0"},
				"up": {"uv": [5.5, 2.5, 4, 1.5], "texture": "#0"},
				"down": {"uv": [3.5, 4, 2, 5], "texture": "#0"}
			}
		},
		{
			"from": [3.3, 0, 2.5],
			"to": [5.3, 1, 4.5],
			"rotation": {"angle": 22.5, "axis": "y", "origin": [8, 0, 1]},
			"faces": {
				"north": {"uv": [7, 5.5, 8, 6], "texture": "#0"},
				"east": {"uv": [6, 7, 7, 7.5], "texture": "#0"},
				"south": {"uv": [7, 6, 8, 6.5], "texture": "#0"},
				"west": {"uv": [7, 7, 8, 7.5], "texture": "#0"},
				"up": {"uv": [1, 6.5, 0, 5.5], "texture": "#0"},
				"down": {"uv": [2, 5.5, 1, 6.5], "texture": "#0"}
			}
		},
		{
			"from": [4.5, 0, 2],
			"to": [5.5, 1, 3],
			"rotation": {"angle": 22.5, "axis": "y", "origin": [7, 0, 3]},
			"faces": {
				"north": {"uv": [1.5, 7, 2, 7.5], "texture": "#0"},
				"east": {"uv": [8, 5, 8.5, 5.5], "texture": "#0"},
				"south": {"uv": [8, 5.5, 8.5, 6], "texture": "#0"},
				"west": {"uv": [6, 8, 6.5, 8.5], "texture": "#0"},
				"up": {"uv": [8.5, 6.5, 8, 6], "texture": "#0"},
				"down": {"uv": [7, 8, 6.5, 8.5], "texture": "#0"}
			}
		},
		{
			"from": [9.5, 0, 5],
			"to": [12.5, 1, 7],
			"rotation": {"angle": -22.5, "axis": "y", "origin": [9, 0, 3]},
			"faces": {
				"north": {"uv": [5, 6.5, 6.5, 7], "texture": "#0"},
				"east": {"uv": [0, 7.5, 1, 8], "texture": "#0"},
				"south": {"uv": [6.5, 6.5, 8, 7], "texture": "#0"},
				"west": {"uv": [1, 7.5, 2, 8], "texture": "#0"},
				"up": {"uv": [5.5, 3.5, 4, 2.5], "texture": "#0"},
				"down": {"uv": [5, 4, 3.5, 5], "texture": "#0"}
			}
		},
		{
			"from": [10.7, 0, 2.5],
			"to": [12.7, 1, 4.5],
			"rotation": {"angle": -22.5, "axis": "y", "origin": [8, 0, 1]},
			"faces": {
				"north": {"uv": [2, 7.5, 3, 8], "texture": "#0"},
				"east": {"uv": [7.5, 2, 8.5, 2.5], "texture": "#0"},
				"south": {"uv": [7.5, 2.5, 8.5, 3], "texture": "#0"},
				"west": {"uv": [3, 7.5, 4, 8], "texture": "#0"},
				"up": {"uv": [6.5, 2.5, 5.5, 1.5], "texture": "#0"},
				"down": {"uv": [6.5, 2.5, 5.5, 3.5], "texture": "#0"}
			}
		},
		{
			"from": [10.5, 0, 2],
			"to": [11.5, 1, 3],
			"rotation": {"angle": -22.5, "axis": "y", "origin": [9, 0, 3]},
			"faces": {
				"north": {"uv": [8, 6.5, 8.5, 7], "texture": "#0"},
				"east": {"uv": [7, 8, 7.5, 8.5], "texture": "#0"},
				"south": {"uv": [8, 7, 8.5, 7.5], "texture": "#0"},
				"west": {"uv": [7.5, 8, 8, 8.5], "texture": "#0"},
				"up": {"uv": [8.5, 8, 8, 7.5], "texture": "#0"},
				"down": {"uv": [8.5, 8, 8, 8.5], "texture": "#0"}
			}
		},
		{
			"from": [6.5, 0, 11],
			"to": [9.5, 1, 13],
			"rotation": {"angle": 0, "axis": "y", "origin": [7, 0, 13]},
			"faces": {
				"north": {"uv": [0, 7, 1.5, 7.5], "texture": "#0"},
				"east": {"uv": [4, 7.5, 5, 8], "texture": "#0"},
				"south": {"uv": [7, 0, 8.5, 0.5], "texture": "#0"},
				"west": {"uv": [7.5, 4, 8.5, 4.5], "texture": "#0"},
				"up": {"uv": [3.5, 6, 2, 5], "texture": "#0"},
				"down": {"uv": [5, 5, 3.5, 6], "texture": "#0"}
			}
		},
		{
			"from": [7, 0, 13],
			"to": [9, 1, 15],
			"rotation": {"angle": 0, "axis": "y", "origin": [8, 0, 15]},
			"faces": {
				"north": {"uv": [5, 7.5, 6, 8], "texture": "#0"},
				"east": {"uv": [6, 7.5, 7, 8], "texture": "#0"},
				"south": {"uv": [7, 7.5, 8, 8], "texture": "#0"},
				"west": {"uv": [0, 8, 1, 8.5], "texture": "#0"},
				"up": {"uv": [6, 6.5, 5, 5.5], "texture": "#0"},
				"down": {"uv": [7, 0, 6, 1], "texture": "#0"}
			}
		},
		{
			"from": [7.5, 0, 15],
			"to": [8.5, 1, 16],
			"rotation": {"angle": 0, "axis": "y", "origin": [7, 0, 13]},
			"faces": {
				"north": {"uv": [0, 8.5, 0.5, 9], "texture": "#0"},
				"east": {"uv": [8.5, 0, 9, 0.5], "texture": "#0"},
				"south": {"uv": [0.5, 8.5, 1, 9], "texture": "#0"},
				"west": {"uv": [8.5, 0.5, 9, 1], "texture": "#0"},
				"up": {"uv": [1.5, 9, 1, 8.5], "texture": "#0"},
				"down": {"uv": [2, 8.5, 1.5, 9], "texture": "#0"}
			}
		},
		{
			"from": [7, 0, 7],
			"to": [11, 1, 10],
			"rotation": {"angle": -22.5, "axis": "y", "origin": [7, 0, 13]},
			"faces": {
				"north": {"uv": [6, 1, 8, 1.5], "texture": "#0"},
				"east": {"uv": [7, 0.5, 8.5, 1], "texture": "#0"},
				"south": {"uv": [2, 6, 4, 6.5], "texture": "#0"},
				"west": {"uv": [3, 7, 4.5, 7.5], "texture": "#0"},
				"up": {"uv": [2, 4, 0, 2.5], "texture": "#0"},
				"down": {"uv": [4, 2.5, 2, 4], "texture": "#0"}
			}
		},
		{
			"from": [10.3, 0, 8],
			"to": [12.3, 1, 10],
			"rotation": {"angle": -22.5, "axis": "y", "origin": [8, 0, 15]},
			"faces": {
				"north": {"uv": [1, 8, 2, 8.5], "texture": "#0"},
				"east": {"uv": [8, 1, 9, 1.5], "texture": "#0"},
				"south": {"uv": [2, 8, 3, 8.5], "texture": "#0"},
				"west": {"uv": [3, 8, 4, 8.5], "texture": "#0"},
				"up": {"uv": [5, 7, 4, 6], "texture": "#0"},
				"down": {"uv": [7, 5.5, 6, 6.5], "texture": "#0"}
			}
		},
		{
			"from": [13, 0, 8],
			"to": [14, 1, 9],
			"rotation": {"angle": -22.5, "axis": "y", "origin": [7, 0, 13]},
			"faces": {
				"north": {"uv": [8.5, 1.5, 9, 2], "texture": "#0"},
				"east": {"uv": [2, 8.5, 2.5, 9], "texture": "#0"},
				"south": {"uv": [8.5, 2, 9, 2.5], "texture": "#0"},
				"west": {"uv": [2.5, 8.5, 3, 9], "texture": "#0"},
				"up": {"uv": [9, 3, 8.5, 2.5], "texture": "#0"},
				"down": {"uv": [3.5, 8.5, 3, 9], "texture": "#0"}
			}
		},
		{
			"from": [5, 0, 7],
			"to": [9, 1, 10],
			"rotation": {"angle": 22.5, "axis": "y", "origin": [9, 0, 13]},
			"faces": {
				"north": {"uv": [0, 6.5, 2, 7], "texture": "#0"},
				"east": {"uv": [4.5, 7, 6, 7.5], "texture": "#0"},
				"south": {"uv": [6.5, 1.5, 8.5, 2], "texture": "#0"},
				"west": {"uv": [7, 4.5, 8.5, 5], "texture": "#0"},
				"up": {"uv": [2, 5.5, 0, 4], "texture": "#0"},
				"down": {"uv": [6, 0, 4, 1.5], "texture": "#0"}
			}
		},
		{
			"from": [3.7, 0, 8],
			"to": [5.7, 1, 10],
			"rotation": {"angle": 22.5, "axis": "y", "origin": [8, 0, 15]},
			"faces": {
				"north": {"uv": [8, 3, 9, 3.5], "texture": "#0"},
				"east": {"uv": [8, 3.5, 9, 4], "texture": "#0"},
				"south": {"uv": [4, 8, 5, 8.5], "texture": "#0"},
				"west": {"uv": [5, 8, 6, 8.5], "texture": "#0"},
				"up": {"uv": [3, 7.5, 2, 6.5], "texture": "#0"},
				"down": {"uv": [7.5, 2, 6.5, 3], "texture": "#0"}
			}
		},
		{
			"from": [2, 0, 8],
			"to": [3, 1, 9],
			"rotation": {"angle": 22.5, "axis": "y", "origin": [9, 0, 13]},
			"faces": {
				"north": {"uv": [3.5, 8.5, 4, 9], "texture": "#0"},
				"east": {"uv": [4, 8.5, 4.5, 9], "texture": "#0"},
				"south": {"uv": [8.5, 4, 9, 4.5], "texture": "#0"},
				"west": {"uv": [4.5, 8.5, 5, 9], "texture": "#0"},
				"up": {"uv": [9, 5, 8.5, 4.5], "texture": "#0"},
				"down": {"uv": [5.5, 8.5, 5, 9], "texture": "#0"}
			}
		}
	],
	"display": {
		"thirdperson_righthand": {
			"translation": [0, 4, 0],
			"scale": [0.5, 0.5, 0.5]
		},
		"thirdperson_lefthand": {
			"translation": [0, 4, 0],
			"scale": [0.5, 0.5, 0.5]
		},
		"firstperson_righthand": {
			"translation": [0, 7, 0]
		},
		"firstperson_lefthand": {
			"translation": [0, 7, 0]
		},
		"ground": {
			"translation": [0, 2.5, 0],
			"scale": [0.5, 0.5, 0.5]
		},
		"gui": {
			"rotation": [90, 180, 0],
			"translation": [0, -1, 0]
		},
		"head": {
			"translation": [0, 10.5, 0],
			"scale": [0.5, 0.5, 0.5]
		},
		"fixed": {
			"rotation": [-90, 0, 0],
			"translation": [0, 0, -8]
		}
	},
	"groups": [
		{
			"name": "starfish",
			"origin": [8, 8, 8],
			"color": 0,
			"children": [
				{
					"name": "body",
					"origin": [8, 8, 8],
					"color": 0,
					"children": [0]
				},
				{
					"name": "arm",
					"origin": [8, 8, 8],
					"color": 0,
					"children": [1, 2, 3]
				},
				{
					"name": "arm",
					"origin": [8, 8, 8],
					"color": 0,
					"children": [4, 5, 6]
				},
				{
					"name": "arm",
					"origin": [8, 8, 8],
					"color": 0,
					"children": [7, 8, 9]
				},
				{
					"name": "arm",
					"origin": [8, 8, 8],
					"color": 0,
					"children": [10, 11, 12]
				},
				{
					"name": "arm",
					"origin": [8, 8, 8],
					"color": 0,
					"children": [13, 14, 15]
				}
			]
		}
	]
}