{
	"credit": "Made with Blockbench",
	"texture_size": [64, 64],
	"textures": {
		"0": "block/custom/steampunkbanner",
		"particle": "block/custom/steampunkbanner"
	},
	"elements": [
		{
			"from": [-4, 22, 7],
			"to": [19, 24, 9],
			"rotation": {"angle": 0, "axis": "y", "origin": [0, 22, 7]},
			"faces": {
				"north": {"uv": [0, 4.5, 5.75, 5], "texture": "#0"},
				"east": {"uv": [7.75, 1.25, 8.25, 1.75], "texture": "#0"},
				"south": {"uv": [0, 5, 5.75, 5.5], "texture": "#0"},
				"west": {"uv": [7.75, 1.75, 8.25, 2.25], "texture": "#0"},
				"up": {"uv": [5.75, 6, 0, 5.5], "texture": "#0"},
				"down": {"uv": [11.5, 4.5, 5.75, 5], "texture": "#0"}
			}
		},
		{
			"from": [-3, 21, 6],
			"to": [-1, 25, 10],
			"rotation": {"angle": 0, "axis": "y", "origin": [-3, 21, 6]},
			"faces": {
				"north": {"uv": [5.25, 6, 5.75, 7], "texture": "#0"},
				"east": {"uv": [0.25, 6, 1.25, 7], "texture": "#0"},
				"south": {"uv": [6, 5.5, 6.5, 6.5], "texture": "#0"},
				"west": {"uv": [1.25, 6, 2.25, 7], "texture": "#0"},
				"up": {"uv": [7, 6.5, 6.5, 5.5], "texture": "#0"},
				"down": {"uv": [6.5, 6.5, 6, 7.5], "texture": "#0"}
			}
		},
		{
			"from": [16, 21, 6],
			"to": [18, 25, 10],
			"rotation": {"angle": 0, "axis": "y", "origin": [16, 21, 6]},
			"faces": {
				"north": {"uv": [6.5, 6.5, 7, 7.5], "texture": "#0"},
				"east": {"uv": [2.25, 6, 3.25, 7], "texture": "#0"},
				"south": {"uv": [0.25, 7, 0.75, 8], "texture": "#0"},
				"west": {"uv": [3.25, 6, 4.25, 7], "texture": "#0"},
				"up": {"uv": [1.25, 8, 0.75, 7], "texture": "#0"},
				"down": {"uv": [1.75, 7, 1.25, 8], "texture": "#0"}
			}
		},
		{
			"from": [0, 4, 8],
			"to": [15, 22, 9],
			"rotation": {"angle": 0, "axis": "y", "origin": [0, 20, 7]},
			"faces": {
				"north": {"uv": [0, 0, 3.75, 4.5], "texture": "#0"},
				"east": {"uv": [5.75, 5, 6, 9.5], "texture": "#0"},
				"south": {"uv": [3.75, 0, 7.5, 4.5], "texture": "#0"},
				"west": {"uv": [0, 6, 0.25, 10.5], "texture": "#0"},
				"up": {"uv": [9.75, 5.25, 6, 5], "texture": "#0"},
				"down": {"uv": [9.75, 5.25, 6, 5.5], "texture": "#0"}
			}
		},
		{
			"from": [14, -2, 8],
			"to": [15, 4, 9],
			"rotation": {"angle": 0, "axis": "y", "origin": [0, 2, 7]},
			"faces": {
				"north": {"uv": [3.25, 7, 3.5, 8.5], "texture": "#0"},
				"east": {"uv": [3.5, 7, 3.75, 8.5], "texture": "#0"},
				"south": {"uv": [3.75, 7, 4, 8.5], "texture": "#0"},
				"west": {"uv": [4, 7, 4.25, 8.5], "texture": "#0"},
				"up": {"uv": [8.25, 8, 8, 7.75], "texture": "#0"},
				"down": {"uv": [8.25, 8, 8, 8.25], "texture": "#0"}
			}
		},
		{
			"from": [13, -1, 8],
			"to": [14, 4, 9],
			"rotation": {"angle": 0, "axis": "y", "origin": [-1, 2, 7]},
			"faces": {
				"north": {"uv": [7.5, 3, 7.75, 4.25], "texture": "#0"},
				"east": {"uv": [7.5, 5.5, 7.75, 6.75], "texture": "#0"},
				"south": {"uv": [6, 7.5, 6.25, 8.75], "texture": "#0"},
				"west": {"uv": [6.25, 7.5, 6.5, 8.75], "texture": "#0"},
				"up": {"uv": [8.5, 0.25, 8.25, 0], "texture": "#0"},
				"down": {"uv": [8.5, 0.25, 8.25, 0.5], "texture": "#0"}
			}
		},
		{
			"from": [12, 1, 8],
			"to": [13, 4, 9],
			"rotation": {"angle": 0, "axis": "y", "origin": [-2, 2, 7]},
			"faces": {
				"north": {"uv": [8, 0, 8.25, 0.75], "texture": "#0"},
				"east": {"uv": [0.25, 8, 0.5, 8.75], "texture": "#0"},
				"south": {"uv": [0.5, 8, 0.75, 8.75], "texture": "#0"},
				"west": {"uv": [0.75, 8, 1, 8.75], "texture": "#0"},
				"up": {"uv": [8.5, 0.75, 8.25, 0.5], "texture": "#0"},
				"down": {"uv": [8.5, 0.75, 8.25, 1], "texture": "#0"}
			}
		},
		{
			"from": [10, 2, 8],
			"to": [12, 4, 9],
			"rotation": {"angle": 0, "axis": "y", "origin": [-3, 2, 7]},
			"faces": {
				"north": {"uv": [7.75, 2.25, 8.25, 2.75], "texture": "#0"},
				"east": {"uv": [8, 0.75, 8.25, 1.25], "texture": "#0"},
				"south": {"uv": [7.75, 2.75, 8.25, 3.25], "texture": "#0"},
				"west": {"uv": [8, 4, 8.25, 4.5], "texture": "#0"},
				"up": {"uv": [8, 4.5, 7.5, 4.25], "texture": "#0"},
				"down": {"uv": [8.5, 5.5, 8, 5.75], "texture": "#0"}
			}
		},
		{
			"from": [0, -3, 8],
			"to": [1, 4, 9],
			"rotation": {"angle": 0, "axis": "y", "origin": [-13, 2, 7]},
			"faces": {
				"north": {"uv": [1.75, 7, 2, 8.75], "texture": "#0"},
				"east": {"uv": [2, 7, 2.25, 8.75], "texture": "#0"},
				"south": {"uv": [2.25, 7, 2.5, 8.75], "texture": "#0"},
				"west": {"uv": [2.5, 7, 2.75, 8.75], "texture": "#0"},
				"up": {"uv": [8.5, 1.25, 8.25, 1], "texture": "#0"},
				"down": {"uv": [8.5, 1.25, 8.25, 1.5], "texture": "#0"}
			}
		},
		{
			"from": [1, 3, 8],
			"to": [2, 4, 9],
			"rotation": {"angle": 0, "axis": "y", "origin": [-12, 2, 7]},
			"faces": {
				"north": {"uv": [8.25, 1.5, 8.5, 1.75], "texture": "#0"},
				"east": {"uv": [8.25, 1.75, 8.5, 2], "texture": "#0"},
				"south": {"uv": [8.25, 2, 8.5, 2.25], "texture": "#0"},
				"west": {"uv": [8.25, 2.25, 8.5, 2.5], "texture": "#0"},
				"up": {"uv": [8.5, 2.75, 8.25, 2.5], "texture": "#0"},
				"down": {"uv": [8.5, 2.75, 8.25, 3], "texture": "#0"}
			}
		},
		{
			"from": [4, -2, 8],
			"to": [5, 4, 9],
			"rotation": {"angle": 0, "axis": "y", "origin": [-9, 2, 7]},
			"faces": {
				"north": {"uv": [5.25, 7, 5.5, 8.5], "texture": "#0"},
				"east": {"uv": [5.5, 7, 5.75, 8.5], "texture": "#0"},
				"south": {"uv": [7, 5.5, 7.25, 7], "texture": "#0"},
				"west": {"uv": [7, 7, 7.25, 8.5], "texture": "#0"},
				"up": {"uv": [8.5, 3.25, 8.25, 3], "texture": "#0"},
				"down": {"uv": [8.5, 3.25, 8.25, 3.5], "texture": "#0"}
			}
		},
		{
			"from": [9, 0, 8],
			"to": [10, 4, 9],
			"rotation": {"angle": 0, "axis": "y", "origin": [-4, 2, 7]},
			"faces": {
				"north": {"uv": [7.75, 3.25, 8, 4.25], "texture": "#0"},
				"east": {"uv": [4.25, 7.75, 4.5, 8.75], "texture": "#0"},
				"south": {"uv": [4.5, 7.75, 4.75, 8.75], "texture": "#0"},
				"west": {"uv": [4.75, 7.75, 5, 8.75], "texture": "#0"},
				"up": {"uv": [8.5, 3.75, 8.25, 3.5], "texture": "#0"},
				"down": {"uv": [8.5, 3.75, 8.25, 4], "texture": "#0"}
			}
		},
		{
			"from": [8, -1, 8],
			"to": [9, 4, 9],
			"rotation": {"angle": 0, "axis": "y", "origin": [-5, 2, 7]},
			"faces": {
				"north": {"uv": [6.5, 7.5, 6.75, 8.75], "texture": "#0"},
				"east": {"uv": [6.75, 7.5, 7, 8.75], "texture": "#0"},
				"south": {"uv": [7.5, 6.75, 7.75, 8], "texture": "#0"},
				"west": {"uv": [7.75, 0, 8, 1.25], "texture": "#0"},
				"up": {"uv": [8.5, 4.25, 8.25, 4], "texture": "#0"},
				"down": {"uv": [8.5, 4.25, 8.25, 4.5], "texture": "#0"}
			}
		},
		{
			"from": [7, -2, 8],
			"to": [8, 4, 9],
			"rotation": {"angle": 0, "axis": "y", "origin": [-6, 2, 7]},
			"faces": {
				"north": {"uv": [7.25, 5.5, 7.5, 7], "texture": "#0"},
				"east": {"uv": [7.25, 7, 7.5, 8.5], "texture": "#0"},
				"south": {"uv": [7.5, 0, 7.75, 1.5], "texture": "#0"},
				"west": {"uv": [7.5, 1.5, 7.75, 3], "texture": "#0"},
				"up": {"uv": [8.5, 6.5, 8.25, 6.25], "texture": "#0"},
				"down": {"uv": [8.5, 6.5, 8.25, 6.75], "texture": "#0"}
			}
		},
		{
			"from": [5, -3, 8],
			"to": [7, 4, 9],
			"rotation": {"angle": 0, "axis": "y", "origin": [-7, 2, 7]},
			"faces": {
				"north": {"uv": [4.25, 6, 4.75, 7.75], "texture": "#0"},
				"east": {"uv": [2.75, 7, 3, 8.75], "texture": "#0"},
				"south": {"uv": [4.75, 6, 5.25, 7.75], "texture": "#0"},
				"west": {"uv": [3, 7, 3.25, 8.75], "texture": "#0"},
				"up": {"uv": [8.5, 6, 8, 5.75], "texture": "#0"},
				"down": {"uv": [8.5, 6, 8, 6.25], "texture": "#0"}
			}
		},
		{
			"from": [1, -2, 8],
			"to": [2, 1, 9],
			"rotation": {"angle": 0, "axis": "y", "origin": [-12, -1, 7]},
			"faces": {
				"north": {"uv": [1, 8, 1.25, 8.75], "texture": "#0"},
				"east": {"uv": [1.25, 8, 1.5, 8.75], "texture": "#0"},
				"south": {"uv": [1.5, 8, 1.75, 8.75], "texture": "#0"},
				"west": {"uv": [8, 3.25, 8.25, 4], "texture": "#0"},
				"up": {"uv": [8.5, 7, 8.25, 6.75], "texture": "#0"},
				"down": {"uv": [8.5, 7, 8.25, 7.25], "texture": "#0"}
			}
		},
		{
			"from": [2, -1, 8],
			"to": [3, 1, 9],
			"rotation": {"angle": 0, "axis": "y", "origin": [-11, -1, 7]},
			"faces": {
				"north": {"uv": [8, 6.25, 8.25, 6.75], "texture": "#0"},
				"east": {"uv": [8, 6.75, 8.25, 7.25], "texture": "#0"},
				"south": {"uv": [8, 7.25, 8.25, 7.75], "texture": "#0"},
				"west": {"uv": [7.5, 8, 7.75, 8.5], "texture": "#0"},
				"up": {"uv": [8.5, 7.5, 8.25, 7.25], "texture": "#0"},
				"down": {"uv": [8.5, 7.5, 8.25, 7.75], "texture": "#0"}
			}
		},
		{
			"from": [3, -2, 8],
			"to": [4, 2, 9],
			"rotation": {"angle": 0, "axis": "y", "origin": [-10, -1, 7]},
			"faces": {
				"north": {"uv": [5, 7.75, 5.25, 8.75], "texture": "#0"},
				"east": {"uv": [7.75, 5.5, 8, 6.5], "texture": "#0"},
				"south": {"uv": [7.75, 6.5, 8, 7.5], "texture": "#0"},
				"west": {"uv": [7.75, 7.5, 8, 8.5], "texture": "#0"},
				"up": {"uv": [8.5, 8, 8.25, 7.75], "texture": "#0"},
				"down": {"uv": [8.25, 8.25, 8, 8.5], "texture": "#0"}
			}
		}
	],
	"display": {
		"thirdperson_righthand": {
			"translation": [0, -4.5, 0],
			"scale": [0.7, 0.7, 0.7]
		},
		"thirdperson_lefthand": {
			"translation": [0, -4.5, 0],
			"scale": [0.7, 0.7, 0.7]
		},
		"firstperson_righthand": {
			"translation": [7.5, -11, -1.25]
		},
		"firstperson_lefthand": {
			"translation": [8.25, -10, 0]
		},
		"ground": {
			"translation": [0, 4.5, 0],
			"scale": [0.7, 0.7, 0.7]
		},
		"gui": {
			"rotation": [0, 180, 0],
			"translation": [-0.5, -3, 0],
			"scale": [0.7, 0.7, 0.7]
		},
		"fixed": {
			"translation": [1, -17.25, -2],
			"scale": [2, 2, 2]
		}
	},
	"groups": [
		{
			"name": "banner",
			"origin": [8, 8, 8],
			"color": 0,
			"children": [
				{
					"name": "stick",
					"origin": [8, 8, 8],
					"color": 0,
					"children": [0, 1, 2]
				},
				{
					"name": "fabric",
					"origin": [8, 8, 8],
					"color": 0,
					"children": [3, 4, 5, 6, 7, 8, 9, 10, 11, 12, 13, 14, 15, 16, 17]
				}
			]
		}
	]
}
