{
	"credit": "Made with Blockbench",
	"texture_size": [64, 64],
	"textures": {
		"0": "block/custom/steampunk2",
		"particle": "block/custom/steampunk2"
	},
	"elements": [
		{
			"from": [1, 0, 1],
			"to": [4, 1, 15],
			"rotation": {"angle": 0, "axis": "y", "origin": [1, 0, 1]},
			"faces": {
				"north": {"uv": [12.25, 10, 13, 10.25], "texture": "#0"},
				"east": {"uv": [8.5, 5, 12, 5.25], "texture": "#0"},
				"south": {"uv": [12.5, 1.5, 13.25, 1.75], "texture": "#0"},
				"west": {"uv": [9.5, 8, 13, 8.25], "texture": "#0"},
				"up": {"uv": [0.75, 9.5, 0, 6], "texture": "#0"},
				"down": {"uv": [1.5, 6, 0.75, 9.5], "texture": "#0"}
			}
		},
		{
			"from": [0, 0, 3],
			"to": [1, 1, 13],
			"rotation": {"angle": 0, "axis": "y", "origin": [0, 0, 1]},
			"faces": {
				"north": {"uv": [13, 9, 13.25, 9.25], "texture": "#0"},
				"east": {"uv": [10, 9.5, 12.5, 9.75], "texture": "#0"},
				"south": {"uv": [13, 10, 13.25, 10.25], "texture": "#0"},
				"west": {"uv": [9.75, 10, 12.25, 10.25], "texture": "#0"},
				"up": {"uv": [3.25, 12.75, 3, 10.25], "texture": "#0"},
				"down": {"uv": [3.5, 10.25, 3.25, 12.75], "texture": "#0"}
			}
		},
		{
			"from": [15, 0, 3],
			"to": [16, 1, 13],
			"rotation": {"angle": 0, "axis": "y", "origin": [15, 0, 1]},
			"faces": {
				"north": {"uv": [13.25, 4, 13.5, 4.25], "texture": "#0"},
				"east": {"uv": [10, 9.75, 12.5, 10], "texture": "#0"},
				"south": {"uv": [12.5, 13.5, 12.75, 13.75], "texture": "#0"},
				"west": {"uv": [3.5, 10.25, 6, 10.5], "texture": "#0"},
				"up": {"uv": [6.25, 12.75, 6, 10.25], "texture": "#0"},
				"down": {"uv": [6.5, 10.25, 6.25, 12.75], "texture": "#0"}
			}
		},
		{
			"from": [12, 0, 1],
			"to": [15, 1, 15],
			"rotation": {"angle": 0, "axis": "y", "origin": [13, 0, 1]},
			"faces": {
				"north": {"uv": [12.5, 7, 13.25, 7.25], "texture": "#0"},
				"east": {"uv": [9.5, 8.25, 13, 8.5], "texture": "#0"},
				"south": {"uv": [12.5, 7.25, 13.25, 7.5], "texture": "#0"},
				"west": {"uv": [9.5, 8.5, 13, 8.75], "texture": "#0"},
				"up": {"uv": [2.25, 9.5, 1.5, 6], "texture": "#0"},
				"down": {"uv": [3, 6, 2.25, 9.5], "texture": "#0"}
			}
		},
		{
			"from": [2, 0, 0],
			"to": [14, 1, 3],
			"rotation": {"angle": 0, "axis": "y", "origin": [11, 0, 0]},
			"faces": {
				"north": {"uv": [9.5, 9.25, 12.5, 9.5], "texture": "#0"},
				"east": {"uv": [12.5, 7.5, 13.25, 7.75], "texture": "#0"},
				"south": {"uv": [9.75, 2, 12.75, 2.25], "texture": "#0"},
				"west": {"uv": [12.5, 7.75, 13.25, 8], "texture": "#0"},
				"up": {"uv": [7.5, 7.75, 4.5, 7], "texture": "#0"},
				"down": {"uv": [10, 5.25, 7, 6], "texture": "#0"}
			}
		},
		{
			"from": [2, 0, 13],
			"to": [14, 1, 16],
			"rotation": {"angle": 0, "axis": "y", "origin": [11, 0, 14]},
			"faces": {
				"north": {"uv": [9.75, 2.25, 12.75, 2.5], "texture": "#0"},
				"east": {"uv": [12.5, 9.25, 13.25, 9.5], "texture": "#0"},
				"south": {"uv": [9.75, 2.5, 12.75, 2.75], "texture": "#0"},
				"west": {"uv": [12.5, 9.5, 13.25, 9.75], "texture": "#0"},
				"up": {"uv": [10, 6.75, 7, 6], "texture": "#0"},
				"down": {"uv": [10.5, 6.75, 7.5, 7.5], "texture": "#0"}
			}
		},
		{
			"from": [3, 1, 4],
			"to": [4, 8, 12],
			"rotation": {"angle": 0, "axis": "y", "origin": [2, 1, 4]},
			"faces": {
				"north": {"uv": [5.25, 11.25, 5.5, 13], "texture": "#0"},
				"east": {"uv": [5, 0, 7, 1.75], "texture": "#0"},
				"south": {"uv": [5.5, 11.25, 5.75, 13], "texture": "#0"},
				"west": {"uv": [5, 1.75, 7, 3.5], "texture": "#0"},
				"up": {"uv": [7.5, 12.25, 7.25, 10.25], "texture": "#0"},
				"down": {"uv": [6, 10.5, 5.75, 12.5], "texture": "#0"}
			}
		},
		{
			"from": [2, 8, 4],
			"to": [3, 10, 12],
			"rotation": {"angle": 0, "axis": "y", "origin": [1, 2, 4]},
			"faces": {
				"north": {"uv": [11, 1.5, 11.25, 2], "texture": "#0"},
				"east": {"uv": [8.5, 4.5, 10.5, 5], "texture": "#0"},
				"south": {"uv": [6, 12.75, 6.25, 13.25], "texture": "#0"},
				"west": {"uv": [6, 9.5, 8, 10], "texture": "#0"},
				"up": {"uv": [6.75, 13, 6.5, 11], "texture": "#0"},
				"down": {"uv": [7, 11, 6.75, 13], "texture": "#0"}
			}
		},
		{
			"from": [13, 8, 4],
			"to": [14, 10, 12],
			"rotation": {"angle": 0, "axis": "y", "origin": [12, 2, 4]},
			"faces": {
				"north": {"uv": [6.25, 12.75, 6.5, 13.25], "texture": "#0"},
				"east": {"uv": [9.5, 7.5, 11.5, 8], "texture": "#0"},
				"south": {"uv": [12.75, 12.75, 13, 13.25], "texture": "#0"},
				"west": {"uv": [8, 9.5, 10, 10], "texture": "#0"},
				"up": {"uv": [7.25, 13, 7, 11], "texture": "#0"},
				"down": {"uv": [7.75, 11, 7.5, 13], "texture": "#0"}
			}
		},
		{
			"from": [1, 10, 4],
			"to": [2, 14, 12],
			"rotation": {"angle": 0, "axis": "y", "origin": [0, 4, 4]},
			"faces": {
				"north": {"uv": [10.75, 5.75, 11, 6.75], "texture": "#0"},
				"east": {"uv": [7.5, 7.5, 9.5, 8.5], "texture": "#0"},
				"south": {"uv": [11, 5.75, 11.25, 6.75], "texture": "#0"},
				"west": {"uv": [4.5, 7.75, 6.5, 8.75], "texture": "#0"},
				"up": {"uv": [8, 13, 7.75, 11], "texture": "#0"},
				"down": {"uv": [8.25, 11, 8, 13], "texture": "#0"}
			}
		},
		{
			"from": [14, 10, 4],
			"to": [15, 14, 12],
			"rotation": {"angle": 0, "axis": "y", "origin": [13, 4, 4]},
			"faces": {
				"north": {"uv": [2.25, 11.5, 2.5, 12.5], "texture": "#0"},
				"east": {"uv": [8.5, 0, 10.5, 1], "texture": "#0"},
				"south": {"uv": [2.5, 11.5, 2.75, 12.5], "texture": "#0"},
				"west": {"uv": [8.5, 1, 10.5, 2], "texture": "#0"},
				"up": {"uv": [8.5, 13, 8.25, 11], "texture": "#0"},
				"down": {"uv": [8.75, 11, 8.5, 13], "texture": "#0"}
			}
		},
		{
			"from": [5, 1, 13],
			"to": [11, 8, 14],
			"rotation": {"angle": 0, "axis": "y", "origin": [4, 1, 6]},
			"faces": {
				"north": {"uv": [7, 0, 8.5, 1.75], "texture": "#0"},
				"east": {"uv": [11.25, 5.75, 11.5, 7.5], "texture": "#0"},
				"south": {"uv": [7, 1.75, 8.5, 3.5], "texture": "#0"},
				"west": {"uv": [11.25, 10.25, 11.5, 12], "texture": "#0"},
				"up": {"uv": [6, 10, 4.5, 9.75], "texture": "#0"},
				"down": {"uv": [12.75, 2.75, 11.25, 3], "texture": "#0"}
			}
		},
		{
			"from": [5, 1, 2],
			"to": [11, 8, 3],
			"rotation": {"angle": 0, "axis": "y", "origin": [4, 1, -5]},
			"faces": {
				"north": {"uv": [3, 7, 4.5, 8.75], "texture": "#0"},
				"east": {"uv": [0, 11.5, 0.25, 13.25], "texture": "#0"},
				"south": {"uv": [7, 3.5, 8.5, 5.25], "texture": "#0"},
				"west": {"uv": [11.5, 0, 11.75, 1.75], "texture": "#0"},
				"up": {"uv": [12.75, 3.25, 11.25, 3], "texture": "#0"},
				"down": {"uv": [12.75, 3.25, 11.25, 3.5], "texture": "#0"}
			}
		},
		{
			"from": [5, 8, 1],
			"to": [11, 10, 2],
			"rotation": {"angle": 0, "axis": "y", "origin": [4, 3, -6]},
			"faces": {
				"north": {"uv": [9.75, 2.75, 11.25, 3.25], "texture": "#0"},
				"east": {"uv": [13, 0, 13.25, 0.5], "texture": "#0"},
				"south": {"uv": [3, 9.75, 4.5, 10.25], "texture": "#0"},
				"west": {"uv": [13, 0.5, 13.25, 1], "texture": "#0"},
				"up": {"uv": [12.75, 3.75, 11.25, 3.5], "texture": "#0"},
				"down": {"uv": [12.75, 3.75, 11.25, 4], "texture": "#0"}
			}
		},
		{
			"from": [4, 8, 2],
			"to": [5, 10, 3],
			"rotation": {"angle": 0, "axis": "y", "origin": [3, 3, -5]},
			"faces": {
				"north": {"uv": [0.75, 13, 1, 13.5], "texture": "#0"},
				"east": {"uv": [1, 13, 1.25, 13.5], "texture": "#0"},
				"south": {"uv": [1.25, 13, 1.5, 13.5], "texture": "#0"},
				"west": {"uv": [13, 1.75, 13.25, 2.25], "texture": "#0"},
				"up": {"uv": [13.75, 13, 13.5, 12.75], "texture": "#0"},
				"down": {"uv": [13.75, 13, 13.5, 13.25], "texture": "#0"}
			}
		},
		{
			"from": [3, 8, 3],
			"to": [4, 10, 4],
			"rotation": {"angle": 0, "axis": "y", "origin": [2, 3, -4]},
			"faces": {
				"north": {"uv": [2.25, 13, 2.5, 13.5], "texture": "#0"},
				"east": {"uv": [13, 2.25, 13.25, 2.75], "texture": "#0"},
				"south": {"uv": [2.5, 13, 2.75, 13.5], "texture": "#0"},
				"west": {"uv": [13, 2.75, 13.25, 3.25], "texture": "#0"},
				"up": {"uv": [13.75, 13.5, 13.5, 13.25], "texture": "#0"},
				"down": {"uv": [13.75, 13.5, 13.5, 13.75], "texture": "#0"}
			}
		},
		{
			"from": [4, 8, 13],
			"to": [5, 10, 14],
			"rotation": {"angle": 0, "axis": "y", "origin": [3, 3, 6]},
			"faces": {
				"north": {"uv": [13, 3.25, 13.25, 3.75], "texture": "#0"},
				"east": {"uv": [13, 3.75, 13.25, 4.25], "texture": "#0"},
				"south": {"uv": [13, 4.5, 13.25, 5], "texture": "#0"},
				"west": {"uv": [5.25, 13, 5.5, 13.5], "texture": "#0"},
				"up": {"uv": [0.25, 14, 0, 13.75], "texture": "#0"},
				"down": {"uv": [14, 0, 13.75, 0.25], "texture": "#0"}
			}
		},
		{
			"from": [3, 8, 12],
			"to": [4, 10, 13],
			"rotation": {"angle": 0, "axis": "y", "origin": [2, 3, 5]},
			"faces": {
				"north": {"uv": [13, 5.25, 13.25, 5.75], "texture": "#0"},
				"east": {"uv": [5.5, 13, 5.75, 13.5], "texture": "#0"},
				"south": {"uv": [13, 5.75, 13.25, 6.25], "texture": "#0"},
				"west": {"uv": [13, 6.25, 13.25, 6.75], "texture": "#0"},
				"up": {"uv": [0.5, 14, 0.25, 13.75], "texture": "#0"},
				"down": {"uv": [14, 0.25, 13.75, 0.5], "texture": "#0"}
			}
		},
		{
			"from": [12, 8, 12],
			"to": [13, 10, 13],
			"rotation": {"angle": 0, "axis": "y", "origin": [11, 3, 5]},
			"faces": {
				"north": {"uv": [6.5, 13, 6.75, 13.5], "texture": "#0"},
				"east": {"uv": [6.75, 13, 7, 13.5], "texture": "#0"},
				"south": {"uv": [7, 13, 7.25, 13.5], "texture": "#0"},
				"west": {"uv": [7.25, 13, 7.5, 13.5], "texture": "#0"},
				"up": {"uv": [0.75, 14, 0.5, 13.75], "texture": "#0"},
				"down": {"uv": [14, 0.5, 13.75, 0.75], "texture": "#0"}
			}
		},
		{
			"from": [11, 8, 13],
			"to": [12, 10, 14],
			"rotation": {"angle": 0, "axis": "y", "origin": [10, 3, 6]},
			"faces": {
				"north": {"uv": [7.5, 13, 7.75, 13.5], "texture": "#0"},
				"east": {"uv": [7.75, 13, 8, 13.5], "texture": "#0"},
				"south": {"uv": [8, 13, 8.25, 13.5], "texture": "#0"},
				"west": {"uv": [13, 8, 13.25, 8.5], "texture": "#0"},
				"up": {"uv": [14, 1, 13.75, 0.75], "texture": "#0"},
				"down": {"uv": [14, 1, 13.75, 1.25], "texture": "#0"}
			}
		},
		{
			"from": [12, 8, 3],
			"to": [13, 10, 4],
			"rotation": {"angle": 0, "axis": "y", "origin": [11, 3, -4]},
			"faces": {
				"north": {"uv": [8.25, 13, 8.5, 13.5], "texture": "#0"},
				"east": {"uv": [8.5, 13, 8.75, 13.5], "texture": "#0"},
				"south": {"uv": [13, 8.5, 13.25, 9], "texture": "#0"},
				"west": {"uv": [8.75, 13, 9, 13.5], "texture": "#0"},
				"up": {"uv": [14, 1.5, 13.75, 1.25], "texture": "#0"},
				"down": {"uv": [14, 1.5, 13.75, 1.75], "texture": "#0"}
			}
		},
		{
			"from": [11, 8, 2],
			"to": [12, 10, 3],
			"rotation": {"angle": 0, "axis": "y", "origin": [10, 3, -5]},
			"faces": {
				"north": {"uv": [9, 13, 9.25, 13.5], "texture": "#0"},
				"east": {"uv": [9.25, 13, 9.5, 13.5], "texture": "#0"},
				"south": {"uv": [9.5, 13, 9.75, 13.5], "texture": "#0"},
				"west": {"uv": [9.75, 13, 10, 13.5], "texture": "#0"},
				"up": {"uv": [14, 2, 13.75, 1.75], "texture": "#0"},
				"down": {"uv": [14, 2, 13.75, 2.25], "texture": "#0"}
			}
		},
		{
			"from": [12, 10, 2],
			"to": [13, 12, 3],
			"rotation": {"angle": 0, "axis": "y", "origin": [11, 5, -5]},
			"faces": {
				"north": {"uv": [10, 13, 10.25, 13.5], "texture": "#0"},
				"east": {"uv": [10.25, 13, 10.5, 13.5], "texture": "#0"},
				"south": {"uv": [10.5, 13, 10.75, 13.5], "texture": "#0"},
				"west": {"uv": [10.75, 13, 11, 13.5], "texture": "#0"},
				"up": {"uv": [14, 2.5, 13.75, 2.25], "texture": "#0"},
				"down": {"uv": [14, 2.5, 13.75, 2.75], "texture": "#0"}
			}
		},
		{
			"from": [11, 10, 1],
			"to": [12, 12, 2],
			"rotation": {"angle": 0, "axis": "y", "origin": [10, 5, -6]},
			"faces": {
				"north": {"uv": [11, 13, 11.25, 13.5], "texture": "#0"},
				"east": {"uv": [11.25, 13, 11.5, 13.5], "texture": "#0"},
				"south": {"uv": [11.5, 13, 11.75, 13.5], "texture": "#0"},
				"west": {"uv": [11.75, 13, 12, 13.5], "texture": "#0"},
				"up": {"uv": [3, 14, 2.75, 13.75], "texture": "#0"},
				"down": {"uv": [14, 2.75, 13.75, 3], "texture": "#0"}
			}
		},
		{
			"from": [4, 10, 14],
			"to": [5, 12, 15],
			"rotation": {"angle": 0, "axis": "y", "origin": [3, 5, 7]},
			"faces": {
				"north": {"uv": [12, 13, 12.25, 13.5], "texture": "#0"},
				"east": {"uv": [12.25, 13, 12.5, 13.5], "texture": "#0"},
				"south": {"uv": [12.5, 13, 12.75, 13.5], "texture": "#0"},
				"west": {"uv": [13, 12.75, 13.25, 13.25], "texture": "#0"},
				"up": {"uv": [14, 3.25, 13.75, 3], "texture": "#0"},
				"down": {"uv": [14, 3.25, 13.75, 3.5], "texture": "#0"}
			}
		},
		{
			"from": [3, 10, 13],
			"to": [4, 12, 14],
			"rotation": {"angle": 0, "axis": "y", "origin": [2, 5, 6]},
			"faces": {
				"north": {"uv": [0, 13.25, 0.25, 13.75], "texture": "#0"},
				"east": {"uv": [13.25, 0, 13.5, 0.5], "texture": "#0"},
				"south": {"uv": [0.25, 13.25, 0.5, 13.75], "texture": "#0"},
				"west": {"uv": [0.5, 13.25, 0.75, 13.75], "texture": "#0"},
				"up": {"uv": [3.75, 14, 3.5, 13.75], "texture": "#0"},
				"down": {"uv": [14, 3.5, 13.75, 3.75], "texture": "#0"}
			}
		},
		{
			"from": [2, 10, 12],
			"to": [3, 12, 13],
			"rotation": {"angle": 0, "axis": "y", "origin": [1, 5, 5]},
			"faces": {
				"north": {"uv": [13.25, 0.5, 13.5, 1], "texture": "#0"},
				"east": {"uv": [13.25, 1.5, 13.5, 2], "texture": "#0"},
				"south": {"uv": [13.25, 2, 13.5, 2.5], "texture": "#0"},
				"west": {"uv": [13.25, 2.5, 13.5, 3], "texture": "#0"},
				"up": {"uv": [4, 14, 3.75, 13.75], "texture": "#0"},
				"down": {"uv": [14, 3.75, 13.75, 4], "texture": "#0"}
			}
		},
		{
			"from": [13, 10, 12],
			"to": [14, 12, 13],
			"rotation": {"angle": 0, "axis": "y", "origin": [12, 5, 5]},
			"faces": {
				"north": {"uv": [2.75, 13.25, 3, 13.75], "texture": "#0"},
				"east": {"uv": [13.25, 3, 13.5, 3.5], "texture": "#0"},
				"south": {"uv": [3.5, 13.25, 3.75, 13.75], "texture": "#0"},
				"west": {"uv": [13.25, 3.5, 13.5, 4], "texture": "#0"},
				"up": {"uv": [4.25, 14, 4, 13.75], "texture": "#0"},
				"down": {"uv": [14, 4, 13.75, 4.25], "texture": "#0"}
			}
		},
		{
			"from": [12, 10, 13],
			"to": [13, 12, 14],
			"rotation": {"angle": 0, "axis": "y", "origin": [11, 5, 6]},
			"faces": {
				"north": {"uv": [3.75, 13.25, 4, 13.75], "texture": "#0"},
				"east": {"uv": [4, 13.25, 4.25, 13.75], "texture": "#0"},
				"south": {"uv": [4.25, 13.25, 4.5, 13.75], "texture": "#0"},
				"west": {"uv": [4.5, 13.25, 4.75, 13.75], "texture": "#0"},
				"up": {"uv": [4.5, 14, 4.25, 13.75], "texture": "#0"},
				"down": {"uv": [14, 4.25, 13.75, 4.5], "texture": "#0"}
			}
		},
		{
			"from": [11, 10, 14],
			"to": [12, 12, 15],
			"rotation": {"angle": 0, "axis": "y", "origin": [10, 5, 7]},
			"faces": {
				"north": {"uv": [13.25, 4.5, 13.5, 5], "texture": "#0"},
				"east": {"uv": [4.75, 13.25, 5, 13.75], "texture": "#0"},
				"south": {"uv": [5, 13.25, 5.25, 13.75], "texture": "#0"},
				"west": {"uv": [13.25, 5.25, 13.5, 5.75], "texture": "#0"},
				"up": {"uv": [4.75, 14, 4.5, 13.75], "texture": "#0"},
				"down": {"uv": [14, 4.5, 13.75, 4.75], "texture": "#0"}
			}
		},
		{
			"from": [4, 10, 1],
			"to": [5, 12, 2],
			"rotation": {"angle": 0, "axis": "y", "origin": [3, 5, -6]},
			"faces": {
				"north": {"uv": [5.75, 13.25, 6, 13.75], "texture": "#0"},
				"east": {"uv": [13.25, 5.75, 13.5, 6.25], "texture": "#0"},
				"south": {"uv": [6, 13.25, 6.25, 13.75], "texture": "#0"},
				"west": {"uv": [6.25, 13.25, 6.5, 13.75], "texture": "#0"},
				"up": {"uv": [5, 14, 4.75, 13.75], "texture": "#0"},
				"down": {"uv": [14, 4.75, 13.75, 5], "texture": "#0"}
			}
		},
		{
			"from": [3, 10, 2],
			"to": [4, 12, 3],
			"rotation": {"angle": 0, "axis": "y", "origin": [2, 5, -5]},
			"faces": {
				"north": {"uv": [13.25, 6.25, 13.5, 6.75], "texture": "#0"},
				"east": {"uv": [13.25, 6.75, 13.5, 7.25], "texture": "#0"},
				"south": {"uv": [13.25, 7.25, 13.5, 7.75], "texture": "#0"},
				"west": {"uv": [13.25, 7.75, 13.5, 8.25], "texture": "#0"},
				"up": {"uv": [5.25, 14, 5, 13.75], "texture": "#0"},
				"down": {"uv": [14, 5, 13.75, 5.25], "texture": "#0"}
			}
		},
		{
			"from": [2, 10, 3],
			"to": [3, 12, 4],
			"rotation": {"angle": 0, "axis": "y", "origin": [1, 5, -4]},
			"faces": {
				"north": {"uv": [13.25, 8.25, 13.5, 8.75], "texture": "#0"},
				"east": {"uv": [13.25, 8.75, 13.5, 9.25], "texture": "#0"},
				"south": {"uv": [13.25, 9.25, 13.5, 9.75], "texture": "#0"},
				"west": {"uv": [13.25, 9.75, 13.5, 10.25], "texture": "#0"},
				"up": {"uv": [14, 5.5, 13.75, 5.25], "texture": "#0"},
				"down": {"uv": [14, 5.5, 13.75, 5.75], "texture": "#0"}
			}
		},
		{
			"from": [13, 10, 3],
			"to": [14, 12, 4],
			"rotation": {"angle": 0, "axis": "y", "origin": [12, 5, -4]},
			"faces": {
				"north": {"uv": [13.25, 10.25, 13.5, 10.75], "texture": "#0"},
				"east": {"uv": [13.25, 10.75, 13.5, 11.25], "texture": "#0"},
				"south": {"uv": [13.25, 11.25, 13.5, 11.75], "texture": "#0"},
				"west": {"uv": [13.25, 11.75, 13.5, 12.25], "texture": "#0"},
				"up": {"uv": [6, 14, 5.75, 13.75], "texture": "#0"},
				"down": {"uv": [14, 5.75, 13.75, 6], "texture": "#0"}
			}
		},
		{
			"from": [14, 12, 3],
			"to": [15, 14, 4],
			"rotation": {"angle": 0, "axis": "y", "origin": [13, 7, -4]},
			"faces": {
				"north": {"uv": [12.75, 13.25, 13, 13.75], "texture": "#0"},
				"east": {"uv": [13.25, 12.75, 13.5, 13.25], "texture": "#0"},
				"south": {"uv": [13, 13.25, 13.25, 13.75], "texture": "#0"},
				"west": {"uv": [13.25, 13.25, 13.5, 13.75], "texture": "#0"},
				"up": {"uv": [6.25, 14, 6, 13.75], "texture": "#0"},
				"down": {"uv": [14, 6, 13.75, 6.25], "texture": "#0"}
			}
		},
		{
			"from": [14, 12, 12],
			"to": [15, 14, 13],
			"rotation": {"angle": 0, "axis": "y", "origin": [13, 7, 5]},
			"faces": {
				"north": {"uv": [13.5, 0, 13.75, 0.5], "texture": "#0"},
				"east": {"uv": [13.5, 0.5, 13.75, 1], "texture": "#0"},
				"south": {"uv": [0.75, 13.5, 1, 14], "texture": "#0"},
				"west": {"uv": [1, 13.5, 1.25, 14], "texture": "#0"},
				"up": {"uv": [6.5, 14, 6.25, 13.75], "texture": "#0"},
				"down": {"uv": [14, 6.25, 13.75, 6.5], "texture": "#0"}
			}
		},
		{
			"from": [1, 12, 3],
			"to": [2, 14, 4],
			"rotation": {"angle": 0, "axis": "y", "origin": [0, 7, -4]},
			"faces": {
				"north": {"uv": [13.5, 1, 13.75, 1.5], "texture": "#0"},
				"east": {"uv": [1.25, 13.5, 1.5, 14], "texture": "#0"},
				"south": {"uv": [1.5, 13.5, 1.75, 14], "texture": "#0"},
				"west": {"uv": [13.5, 1.5, 13.75, 2], "texture": "#0"},
				"up": {"uv": [14, 6.75, 13.75, 6.5], "texture": "#0"},
				"down": {"uv": [14, 6.75, 13.75, 7], "texture": "#0"}
			}
		},
		{
			"from": [1, 12, 12],
			"to": [2, 14, 13],
			"rotation": {"angle": 0, "axis": "y", "origin": [0, 7, 5]},
			"faces": {
				"north": {"uv": [1.75, 13.5, 2, 14], "texture": "#0"},
				"east": {"uv": [2, 13.5, 2.25, 14], "texture": "#0"},
				"south": {"uv": [13.5, 2, 13.75, 2.5], "texture": "#0"},
				"west": {"uv": [2.25, 13.5, 2.5, 14], "texture": "#0"},
				"up": {"uv": [14, 7.25, 13.75, 7], "texture": "#0"},
				"down": {"uv": [14, 7.25, 13.75, 7.5], "texture": "#0"}
			}
		},
		{
			"from": [13, 12, 2],
			"to": [14, 14, 3],
			"rotation": {"angle": 0, "axis": "y", "origin": [12, 7, -5]},
			"faces": {
				"north": {"uv": [2.5, 13.5, 2.75, 14], "texture": "#0"},
				"east": {"uv": [13.5, 2.5, 13.75, 3], "texture": "#0"},
				"south": {"uv": [3, 13.5, 3.25, 14], "texture": "#0"},
				"west": {"uv": [13.5, 3, 13.75, 3.5], "texture": "#0"},
				"up": {"uv": [8, 14, 7.75, 13.75], "texture": "#0"},
				"down": {"uv": [14, 7.75, 13.75, 8], "texture": "#0"}
			}
		},
		{
			"from": [2, 12, 2],
			"to": [3, 14, 3],
			"rotation": {"angle": 0, "axis": "y", "origin": [1, 7, -5]},
			"faces": {
				"north": {"uv": [3.25, 13.5, 3.5, 14], "texture": "#0"},
				"east": {"uv": [13.5, 3.5, 13.75, 4], "texture": "#0"},
				"south": {"uv": [13.5, 4, 13.75, 4.5], "texture": "#0"},
				"west": {"uv": [13.5, 4.5, 13.75, 5], "texture": "#0"},
				"up": {"uv": [8.25, 14, 8, 13.75], "texture": "#0"},
				"down": {"uv": [14, 8, 13.75, 8.25], "texture": "#0"}
			}
		},
		{
			"from": [13, 12, 13],
			"to": [14, 14, 14],
			"rotation": {"angle": 0, "axis": "y", "origin": [12, 7, 6]},
			"faces": {
				"north": {"uv": [13.5, 5, 13.75, 5.5], "texture": "#0"},
				"east": {"uv": [5.25, 13.5, 5.5, 14], "texture": "#0"},
				"south": {"uv": [5.5, 13.5, 5.75, 14], "texture": "#0"},
				"west": {"uv": [13.5, 5.5, 13.75, 6], "texture": "#0"},
				"up": {"uv": [8.75, 14, 8.5, 13.75], "texture": "#0"},
				"down": {"uv": [14, 8.5, 13.75, 8.75], "texture": "#0"}
			}
		},
		{
			"from": [2, 12, 13],
			"to": [3, 14, 14],
			"rotation": {"angle": 0, "axis": "y", "origin": [1, 7, 6]},
			"faces": {
				"north": {"uv": [13.5, 6, 13.75, 6.5], "texture": "#0"},
				"east": {"uv": [6.5, 13.5, 6.75, 14], "texture": "#0"},
				"south": {"uv": [13.5, 6.5, 13.75, 7], "texture": "#0"},
				"west": {"uv": [6.75, 13.5, 7, 14], "texture": "#0"},
				"up": {"uv": [9, 14, 8.75, 13.75], "texture": "#0"},
				"down": {"uv": [14, 8.75, 13.75, 9], "texture": "#0"}
			}
		},
		{
			"from": [12, 12, 1],
			"to": [14, 14, 2],
			"rotation": {"angle": 0, "axis": "y", "origin": [12, 7, -6]},
			"faces": {
				"north": {"uv": [6, 8.75, 6.5, 9.25], "texture": "#0"},
				"east": {"uv": [7, 13.5, 7.25, 14], "texture": "#0"},
				"south": {"uv": [10.5, 1.5, 11, 2], "texture": "#0"},
				"west": {"uv": [13.5, 7, 13.75, 7.5], "texture": "#0"},
				"up": {"uv": [7.5, 7, 7, 6.75], "texture": "#0"},
				"down": {"uv": [6.5, 9.25, 6, 9.5], "texture": "#0"}
			}
		},
		{
			"from": [2, 12, 14],
			"to": [4, 14, 15],
			"rotation": {"angle": 0, "axis": "y", "origin": [2, 7, 7]},
			"faces": {
				"north": {"uv": [11.5, 6.5, 12, 7], "texture": "#0"},
				"east": {"uv": [7.25, 13.5, 7.5, 14], "texture": "#0"},
				"south": {"uv": [11.5, 7, 12, 7.5], "texture": "#0"},
				"west": {"uv": [7.5, 13.5, 7.75, 14], "texture": "#0"},
				"up": {"uv": [14, 7.75, 13.5, 7.5], "texture": "#0"},
				"down": {"uv": [8.25, 13.5, 7.75, 13.75], "texture": "#0"}
			}
		},
		{
			"from": [12, 12, 14],
			"to": [14, 14, 15],
			"rotation": {"angle": 0, "axis": "y", "origin": [12, 7, 7]},
			"faces": {
				"north": {"uv": [11.5, 7.5, 12, 8], "texture": "#0"},
				"east": {"uv": [13.5, 7.75, 13.75, 8.25], "texture": "#0"},
				"south": {"uv": [11.5, 10.25, 12, 10.75], "texture": "#0"},
				"west": {"uv": [8.25, 13.5, 8.5, 14], "texture": "#0"},
				"up": {"uv": [14, 8.5, 13.5, 8.25], "texture": "#0"},
				"down": {"uv": [9, 13.5, 8.5, 13.75], "texture": "#0"}
			}
		},
		{
			"from": [2, 12, 1],
			"to": [4, 14, 2],
			"rotation": {"angle": 0, "axis": "y", "origin": [2, 7, -6]},
			"faces": {
				"north": {"uv": [11.5, 10.75, 12, 11.25], "texture": "#0"},
				"east": {"uv": [13.5, 8.5, 13.75, 9], "texture": "#0"},
				"south": {"uv": [11.5, 11.25, 12, 11.75], "texture": "#0"},
				"west": {"uv": [9, 13.5, 9.25, 14], "texture": "#0"},
				"up": {"uv": [14, 9.25, 13.5, 9], "texture": "#0"},
				"down": {"uv": [9.75, 13.5, 9.25, 13.75], "texture": "#0"}
			}
		},
		{
			"from": [11, 12, 0],
			"to": [12, 14, 1],
			"rotation": {"angle": 0, "axis": "y", "origin": [10, 7, -7]},
			"faces": {
				"north": {"uv": [13.5, 9.25, 13.75, 9.75], "texture": "#0"},
				"east": {"uv": [9.75, 13.5, 10, 14], "texture": "#0"},
				"south": {"uv": [13.5, 9.75, 13.75, 10.25], "texture": "#0"},
				"west": {"uv": [10, 13.5, 10.25, 14], "texture": "#0"},
				"up": {"uv": [9.5, 14, 9.25, 13.75], "texture": "#0"},
				"down": {"uv": [14, 9.25, 13.75, 9.5], "texture": "#0"}
			}
		},
		{
			"from": [4, 12, 0],
			"to": [5, 14, 1],
			"rotation": {"angle": 0, "axis": "y", "origin": [3, 7, -7]},
			"faces": {
				"north": {"uv": [10.25, 13.5, 10.5, 14], "texture": "#0"},
				"east": {"uv": [13.5, 10.25, 13.75, 10.75], "texture": "#0"},
				"south": {"uv": [10.5, 13.5, 10.75, 14], "texture": "#0"},
				"west": {"uv": [10.75, 13.5, 11, 14], "texture": "#0"},
				"up": {"uv": [9.75, 14, 9.5, 13.75], "texture": "#0"},
				"down": {"uv": [14, 9.5, 13.75, 9.75], "texture": "#0"}
			}
		},
		{
			"from": [11, 12, 15],
			"to": [12, 14, 16],
			"rotation": {"angle": 0, "axis": "y", "origin": [10, 7, 8]},
			"faces": {
				"north": {"uv": [13.5, 10.75, 13.75, 11.25], "texture": "#0"},
				"east": {"uv": [11, 13.5, 11.25, 14], "texture": "#0"},
				"south": {"uv": [11.25, 13.5, 11.5, 14], "texture": "#0"},
				"west": {"uv": [13.5, 11.25, 13.75, 11.75], "texture": "#0"},
				"up": {"uv": [14, 10, 13.75, 9.75], "texture": "#0"},
				"down": {"uv": [14, 10, 13.75, 10.25], "texture": "#0"}
			}
		},
		{
			"from": [4, 12, 15],
			"to": [5, 14, 16],
			"rotation": {"angle": 0, "axis": "y", "origin": [3, 7, 8]},
			"faces": {
				"north": {"uv": [11.5, 13.5, 11.75, 14], "texture": "#0"},
				"east": {"uv": [11.75, 13.5, 12, 14], "texture": "#0"},
				"south": {"uv": [13.5, 11.75, 13.75, 12.25], "texture": "#0"},
				"west": {"uv": [12, 13.5, 12.25, 14], "texture": "#0"},
				"up": {"uv": [14, 10.5, 13.75, 10.25], "texture": "#0"},
				"down": {"uv": [14, 10.5, 13.75, 10.75], "texture": "#0"}
			}
		},
		{
			"from": [5, 8, 14],
			"to": [11, 10, 15],
			"rotation": {"angle": 0, "axis": "y", "origin": [4, 3, 7]},
			"faces": {
				"north": {"uv": [9.75, 3.25, 11.25, 3.75], "texture": "#0"},
				"east": {"uv": [12.25, 13.5, 12.5, 14], "texture": "#0"},
				"south": {"uv": [9.75, 3.75, 11.25, 4.25], "texture": "#0"},
				"west": {"uv": [13.5, 12.25, 13.75, 12.75], "texture": "#0"},
				"up": {"uv": [12.75, 4.25, 11.25, 4], "texture": "#0"},
				"down": {"uv": [2.25, 11.5, 0.75, 11.75], "texture": "#0"}
			}
		},
		{
			"from": [5, 10, 0],
			"to": [11, 14, 1],
			"rotation": {"angle": 0, "axis": "y", "origin": [4, 5, -7]},
			"faces": {
				"north": {"uv": [6.5, 8.5, 8, 9.5], "texture": "#0"},
				"east": {"uv": [2.75, 11.5, 3, 12.5], "texture": "#0"},
				"south": {"uv": [8, 8.5, 9.5, 9.5], "texture": "#0"},
				"west": {"uv": [11.75, 0, 12, 1], "texture": "#0"},
				"up": {"uv": [13, 2, 11.5, 1.75], "texture": "#0"},
				"down": {"uv": [13, 5.75, 11.5, 6], "texture": "#0"}
			}
		},
		{
			"from": [5, 10, 15],
			"to": [11, 14, 16],
			"rotation": {"angle": 0, "axis": "y", "origin": [4, 5, 8]},
			"faces": {
				"north": {"uv": [3, 8.75, 4.5, 9.75], "texture": "#0"},
				"east": {"uv": [0.75, 11.75, 1, 12.75], "texture": "#0"},
				"south": {"uv": [4.5, 8.75, 6, 9.75], "texture": "#0"},
				"west": {"uv": [1, 11.75, 1.25, 12.75], "texture": "#0"},
				"up": {"uv": [13, 6.25, 11.5, 6], "texture": "#0"},
				"down": {"uv": [13, 6.25, 11.5, 6.5], "texture": "#0"}
			}
		},
		{
			"from": [12, 1, 4],
			"to": [13, 8, 12],
			"rotation": {"angle": 0, "axis": "y", "origin": [11, 1, 4]},
			"faces": {
				"north": {"uv": [0.25, 11.5, 0.5, 13.25], "texture": "#0"},
				"east": {"uv": [5, 3.5, 7, 5.25], "texture": "#0"},
				"south": {"uv": [0.5, 11.5, 0.75, 13.25], "texture": "#0"},
				"west": {"uv": [5, 5.25, 7, 7], "texture": "#0"},
				"up": {"uv": [9, 13, 8.75, 11], "texture": "#0"},
				"down": {"uv": [9.25, 11, 9, 13], "texture": "#0"}
			}
		},
		{
			"from": [11, 0, 3],
			"to": [12, 8, 4],
			"rotation": {"angle": 0, "axis": "y", "origin": [10, 1, 3]},
			"faces": {
				"north": {"uv": [9.25, 11, 9.5, 13], "texture": "#0"},
				"east": {"uv": [9.5, 11, 9.75, 13], "texture": "#0"},
				"south": {"uv": [9.75, 11, 10, 13], "texture": "#0"},
				"west": {"uv": [10, 11, 10.25, 13], "texture": "#0"},
				"up": {"uv": [14, 11, 13.75, 10.75], "texture": "#0"},
				"down": {"uv": [14, 11, 13.75, 11.25], "texture": "#0"}
			}
		},
		{
			"from": [4, 0, 3],
			"to": [5, 8, 4],
			"rotation": {"angle": 0, "axis": "y", "origin": [3, 1, 3]},
			"faces": {
				"north": {"uv": [10.25, 11, 10.5, 13], "texture": "#0"},
				"east": {"uv": [10.5, 11, 10.75, 13], "texture": "#0"},
				"south": {"uv": [10.75, 11, 11, 13], "texture": "#0"},
				"west": {"uv": [11, 11, 11.25, 13], "texture": "#0"},
				"up": {"uv": [14, 11.5, 13.75, 11.25], "texture": "#0"},
				"down": {"uv": [14, 11.5, 13.75, 11.75], "texture": "#0"}
			}
		},
		{
			"from": [4, 0, 12],
			"to": [5, 8, 13],
			"rotation": {"angle": 0, "axis": "y", "origin": [3, 1, 12]},
			"faces": {
				"north": {"uv": [11.25, 0, 11.5, 2], "texture": "#0"},
				"east": {"uv": [3.5, 11.25, 3.75, 13.25], "texture": "#0"},
				"south": {"uv": [3.75, 11.25, 4, 13.25], "texture": "#0"},
				"west": {"uv": [4, 11.25, 4.25, 13.25], "texture": "#0"},
				"up": {"uv": [14, 12, 13.75, 11.75], "texture": "#0"},
				"down": {"uv": [14, 12, 13.75, 12.25], "texture": "#0"}
			}
		},
		{
			"from": [11, 0, 12],
			"to": [12, 8, 13],
			"rotation": {"angle": 0, "axis": "y", "origin": [10, 1, 12]},
			"faces": {
				"north": {"uv": [4.25, 11.25, 4.5, 13.25], "texture": "#0"},
				"east": {"uv": [4.5, 11.25, 4.75, 13.25], "texture": "#0"},
				"south": {"uv": [4.75, 11.25, 5, 13.25], "texture": "#0"},
				"west": {"uv": [5, 11.25, 5.25, 13.25], "texture": "#0"},
				"up": {"uv": [14, 12.5, 13.75, 12.25], "texture": "#0"},
				"down": {"uv": [12.75, 13.75, 12.5, 14], "texture": "#0"}
			}
		},
		{
			"from": [4, 13, 1],
			"to": [12, 14, 15],
			"rotation": {"angle": 0, "axis": "y", "origin": [4, 13, 1]},
			"faces": {
				"north": {"uv": [10.5, 4.5, 12.5, 4.75], "texture": "#0"},
				"east": {"uv": [9.5, 8.75, 13, 9], "texture": "#0"},
				"south": {"uv": [10.5, 4.75, 12.5, 5], "texture": "#0"},
				"west": {"uv": [9.5, 9, 13, 9.25], "texture": "#0"},
				"up": {"uv": [5, 3.5, 3, 0], "texture": "#0"},
				"down": {"uv": [5, 3.5, 3, 7], "texture": "#0"}
			}
		},
		{
			"from": [2, 13, 2],
			"to": [14, 14, 14],
			"rotation": {"angle": 0, "axis": "y", "origin": [2, 13, 1]},
			"faces": {
				"north": {"uv": [9.75, 4.25, 12.75, 4.5], "texture": "#0"},
				"east": {"uv": [4.5, 10, 7.5, 10.25], "texture": "#0"},
				"south": {"uv": [10, 5.25, 13, 5.5], "texture": "#0"},
				"west": {"uv": [10, 5.5, 13, 5.75], "texture": "#0"},
				"up": {"uv": [3, 3, 0, 0], "texture": "#0"},
				"down": {"uv": [3, 3, 0, 6], "texture": "#0"}
			}
		},
		{
			"from": [13, 6, 7],
			"to": [16, 9, 10],
			"rotation": {"angle": 0, "axis": "y", "origin": [13, 6, 7]},
			"faces": {
				"north": {"uv": [6.5, 7.75, 7.25, 8.5], "texture": "#0"},
				"east": {"uv": [6.5, 10.25, 7.25, 11], "texture": "#0"},
				"south": {"uv": [9.75, 10.25, 10.5, 11], "texture": "#0"},
				"west": {"uv": [10.5, 0, 11.25, 0.75], "texture": "#0"},
				"up": {"uv": [11.25, 1.5, 10.5, 0.75], "texture": "#0"},
				"down": {"uv": [4.25, 10.5, 3.5, 11.25], "texture": "#0"}
			}
		},
		{
			"from": [16, 9, 7],
			"to": [19, 17, 10],
			"rotation": {"angle": 0, "axis": "y", "origin": [16, 9, 7]},
			"faces": {
				"north": {"uv": [0, 9.5, 0.75, 11.5], "texture": "#0"},
				"east": {"uv": [0.75, 9.5, 1.5, 11.5], "texture": "#0"},
				"south": {"uv": [1.5, 9.5, 2.25, 11.5], "texture": "#0"},
				"west": {"uv": [2.25, 9.5, 3, 11.5], "texture": "#0"},
				"up": {"uv": [5, 11.25, 4.25, 10.5], "texture": "#0"},
				"down": {"uv": [5.75, 10.5, 5, 11.25], "texture": "#0"}
			}
		},
		{
			"from": [16, 15.9, 9.8],
			"to": [19, 16.9, 10.8],
			"rotation": {"angle": -22.5, "axis": "x", "origin": [16, 9, 7]},
			"faces": {
				"north": {"uv": [12.5, 9.75, 13.25, 10], "texture": "#0"},
				"east": {"uv": [13.75, 12.5, 14, 12.75], "texture": "#0"},
				"south": {"uv": [12.5, 10.25, 13.25, 10.5], "texture": "#0"},
				"west": {"uv": [12.75, 13.75, 13, 14], "texture": "#0"},
				"up": {"uv": [13.25, 10.75, 12.5, 10.5], "texture": "#0"},
				"down": {"uv": [13.25, 10.75, 12.5, 11], "texture": "#0"}
			}
		},
		{
			"from": [16, 17, 6],
			"to": [19, 18, 7],
			"rotation": {"angle": 22.5, "axis": "x", "origin": [16, 9, 7]},
			"faces": {
				"north": {"uv": [12.5, 11, 13.25, 11.25], "texture": "#0"},
				"east": {"uv": [13.75, 12.75, 14, 13], "texture": "#0"},
				"south": {"uv": [12.5, 11.25, 13.25, 11.5], "texture": "#0"},
				"west": {"uv": [13, 13.75, 13.25, 14], "texture": "#0"},
				"up": {"uv": [13.25, 11.75, 12.5, 11.5], "texture": "#0"},
				"down": {"uv": [13.25, 11.75, 12.5, 12], "texture": "#0"}
			}
		},
		{
			"from": [19, 17.1, 7],
			"to": [20, 18.1, 10],
			"rotation": {"angle": 22.5, "axis": "z", "origin": [19, 9, 7]},
			"faces": {
				"north": {"uv": [13.75, 13, 14, 13.25], "texture": "#0"},
				"east": {"uv": [12.5, 12, 13.25, 12.25], "texture": "#0"},
				"south": {"uv": [13.25, 13.75, 13.5, 14], "texture": "#0"},
				"west": {"uv": [0.75, 12.75, 1.5, 13], "texture": "#0"},
				"up": {"uv": [3, 13.25, 2.75, 12.5], "texture": "#0"},
				"down": {"uv": [6, 12.5, 5.75, 13.25], "texture": "#0"}
			}
		},
		{
			"from": [21.5, 16.4, 7],
			"to": [22.5, 17.4, 10],
			"rotation": {"angle": -22.5, "axis": "z", "origin": [21, 25, 7]},
			"faces": {
				"north": {"uv": [11.25, 12, 11.5, 12.25], "texture": "#0"},
				"east": {"uv": [11.75, 1.5, 12.5, 1.75], "texture": "#0"},
				"south": {"uv": [13, 6.75, 13.25, 7], "texture": "#0"},
				"west": {"uv": [12, 5, 12.75, 5.25], "texture": "#0"},
				"up": {"uv": [7.5, 8.5, 7.25, 7.75], "texture": "#0"},
				"down": {"uv": [7.5, 12.25, 7.25, 13], "texture": "#0"}
			}
		},
		{
			"from": [13.5, 6, 7],
			"to": [16, 10.2, 10],
			"rotation": {"angle": -45, "axis": "z", "origin": [16, 6, 7]},
			"faces": {
				"north": {"uv": [10, 5.75, 10.75, 6.75], "texture": "#0"},
				"east": {"uv": [7.5, 10, 8.25, 11], "texture": "#0"},
				"south": {"uv": [8.25, 10, 9, 11], "texture": "#0"},
				"west": {"uv": [9, 10, 9.75, 11], "texture": "#0"},
				"up": {"uv": [11.25, 7.5, 10.5, 6.75], "texture": "#0"},
				"down": {"uv": [11.25, 10.25, 10.5, 11], "texture": "#0"}
			}
		},
		{
			"from": [16, 19, 9],
			"to": [18, 21, 11],
			"faces": {
				"north": {"uv": [11.75, 1, 12.25, 1.5], "texture": "#0"},
				"east": {"uv": [1.25, 11.75, 1.75, 12.25], "texture": "#0"},
				"south": {"uv": [1.75, 11.75, 2.25, 12.25], "texture": "#0"},
				"west": {"uv": [11.5, 11.75, 12, 12.25], "texture": "#0"},
				"up": {"uv": [12.5, 0.5, 12, 0], "texture": "#0"},
				"down": {"uv": [12.5, 0.5, 12, 1], "texture": "#0"}
			}
		},
		{
			"from": [20, 22, 6],
			"to": [22, 24, 8],
			"faces": {
				"north": {"uv": [12, 6.5, 12.5, 7], "texture": "#0"},
				"east": {"uv": [12, 7, 12.5, 7.5], "texture": "#0"},
				"south": {"uv": [12, 7.5, 12.5, 8], "texture": "#0"},
				"west": {"uv": [12, 10.25, 12.5, 10.75], "texture": "#0"},
				"up": {"uv": [12.5, 11.25, 12, 10.75], "texture": "#0"},
				"down": {"uv": [12.5, 11.25, 12, 11.75], "texture": "#0"}
			}
		},
		{
			"from": [15, 21, 3],
			"to": [17, 23, 5],
			"faces": {
				"north": {"uv": [12, 11.75, 12.5, 12.25], "texture": "#0"},
				"east": {"uv": [12.25, 1, 12.75, 1.5], "texture": "#0"},
				"south": {"uv": [1.25, 12.25, 1.75, 12.75], "texture": "#0"},
				"west": {"uv": [1.75, 12.25, 2.25, 12.75], "texture": "#0"},
				"up": {"uv": [11.75, 12.75, 11.25, 12.25], "texture": "#0"},
				"down": {"uv": [12.25, 12.25, 11.75, 12.75], "texture": "#0"}
			}
		},
		{
			"from": [14, 26, 7],
			"to": [16, 28, 9],
			"faces": {
				"north": {"uv": [12.25, 12.25, 12.75, 12.75], "texture": "#0"},
				"east": {"uv": [12.5, 0, 13, 0.5], "texture": "#0"},
				"south": {"uv": [12.5, 0.5, 13, 1], "texture": "#0"},
				"west": {"uv": [2.25, 12.5, 2.75, 13], "texture": "#0"},
				"up": {"uv": [13, 5, 12.5, 4.5], "texture": "#0"},
				"down": {"uv": [13, 6.5, 12.5, 7], "texture": "#0"}
			}
		},
		{
			"from": [15, 23, 8],
			"to": [16, 24, 9],
			"faces": {
				"north": {"uv": [13.75, 13.25, 14, 13.5], "texture": "#0"},
				"east": {"uv": [13.5, 13.75, 13.75, 14], "texture": "#0"},
				"south": {"uv": [13.75, 13.5, 14, 13.75], "texture": "#0"},
				"west": {"uv": [13.75, 13.75, 14, 14], "texture": "#0"},
				"up": {"uv": [0.25, 14.25, 0, 14], "texture": "#0"},
				"down": {"uv": [14.25, 0, 14, 0.25], "texture": "#0"}
			}
		},
		{
			"from": [18, 29, 9],
			"to": [19, 30, 10],
			"faces": {
				"north": {"uv": [0.25, 14, 0.5, 14.25], "texture": "#0"},
				"east": {"uv": [14, 0.25, 14.25, 0.5], "texture": "#0"},
				"south": {"uv": [0.5, 14, 0.75, 14.25], "texture": "#0"},
				"west": {"uv": [14, 0.5, 14.25, 0.75], "texture": "#0"},
				"up": {"uv": [1, 14.25, 0.75, 14], "texture": "#0"},
				"down": {"uv": [14.25, 0.75, 14, 1], "texture": "#0"}
			}
		},
		{
			"from": [17, 30, 5],
			"to": [18, 31, 6],
			"faces": {
				"north": {"uv": [1, 14, 1.25, 14.25], "texture": "#0"},
				"east": {"uv": [14, 1, 14.25, 1.25], "texture": "#0"},
				"south": {"uv": [1.25, 14, 1.5, 14.25], "texture": "#0"},
				"west": {"uv": [14, 1.25, 14.25, 1.5], "texture": "#0"},
				"up": {"uv": [1.75, 14.25, 1.5, 14], "texture": "#0"},
				"down": {"uv": [14.25, 1.5, 14, 1.75], "texture": "#0"}
			}
		},
		{
			"from": [19, 20, 11],
			"to": [20, 21, 12],
			"faces": {
				"north": {"uv": [1.75, 14, 2, 14.25], "texture": "#0"},
				"east": {"uv": [14, 1.75, 14.25, 2], "texture": "#0"},
				"south": {"uv": [2, 14, 2.25, 14.25], "texture": "#0"},
				"west": {"uv": [14, 2, 14.25, 2.25], "texture": "#0"},
				"up": {"uv": [2.5, 14.25, 2.25, 14], "texture": "#0"},
				"down": {"uv": [14.25, 2.25, 14, 2.5], "texture": "#0"}
			}
		},
		{
			"from": [19, 19, 8],
			"to": [20, 20, 9],
			"faces": {
				"north": {"uv": [2.5, 14, 2.75, 14.25], "texture": "#0"},
				"east": {"uv": [14, 2.5, 14.25, 2.75], "texture": "#0"},
				"south": {"uv": [2.75, 14, 3, 14.25], "texture": "#0"},
				"west": {"uv": [14, 2.75, 14.25, 3], "texture": "#0"},
				"up": {"uv": [3.25, 14.25, 3, 14], "texture": "#0"},
				"down": {"uv": [14.25, 3, 14, 3.25], "texture": "#0"}
			}
		},
		{
			"from": [18, 21, 7],
			"to": [19, 22, 8],
			"faces": {
				"north": {"uv": [3.25, 14, 3.5, 14.25], "texture": "#0"},
				"east": {"uv": [14, 3.25, 14.25, 3.5], "texture": "#0"},
				"south": {"uv": [3.5, 14, 3.75, 14.25], "texture": "#0"},
				"west": {"uv": [14, 3.5, 14.25, 3.75], "texture": "#0"},
				"up": {"uv": [4, 14.25, 3.75, 14], "texture": "#0"},
				"down": {"uv": [14.25, 3.75, 14, 4], "texture": "#0"}
			}
		},
		{
			"from": [12, 24, 11],
			"to": [13, 25, 12],
			"faces": {
				"north": {"uv": [4, 14, 4.25, 14.25], "texture": "#0"},
				"east": {"uv": [14, 4, 14.25, 4.25], "texture": "#0"},
				"south": {"uv": [4.25, 14, 4.5, 14.25], "texture": "#0"},
				"west": {"uv": [14, 4.25, 14.25, 4.5], "texture": "#0"},
				"up": {"uv": [4.75, 14.25, 4.5, 14], "texture": "#0"},
				"down": {"uv": [14.25, 4.5, 14, 4.75], "texture": "#0"}
			}
		},
		{
			"from": [13, 25, 4],
			"to": [14, 26, 5],
			"faces": {
				"north": {"uv": [4.75, 14, 5, 14.25], "texture": "#0"},
				"east": {"uv": [14, 4.75, 14.25, 5], "texture": "#0"},
				"south": {"uv": [5, 14, 5.25, 14.25], "texture": "#0"},
				"west": {"uv": [14, 5, 14.25, 5.25], "texture": "#0"},
				"up": {"uv": [5.5, 14.25, 5.25, 14], "texture": "#0"},
				"down": {"uv": [14.25, 5.25, 14, 5.5], "texture": "#0"}
			}
		},
		{
			"from": [15, 22, 10],
			"to": [16, 23, 11],
			"faces": {
				"north": {"uv": [5.5, 14, 5.75, 14.25], "texture": "#0"},
				"east": {"uv": [14, 5.5, 14.25, 5.75], "texture": "#0"},
				"south": {"uv": [5.75, 14, 6, 14.25], "texture": "#0"},
				"west": {"uv": [14, 5.75, 14.25, 6], "texture": "#0"},
				"up": {"uv": [6.25, 14.25, 6, 14], "texture": "#0"},
				"down": {"uv": [14.25, 6, 14, 6.25], "texture": "#0"}
			}
		},
		{
			"from": [20, 26, 6],
			"to": [21, 27, 7],
			"faces": {
				"north": {"uv": [6.25, 14, 6.5, 14.25], "texture": "#0"},
				"east": {"uv": [14, 6.25, 14.25, 6.5], "texture": "#0"},
				"south": {"uv": [6.5, 14, 6.75, 14.25], "texture": "#0"},
				"west": {"uv": [14, 6.5, 14.25, 6.75], "texture": "#0"},
				"up": {"uv": [7, 14.25, 6.75, 14], "texture": "#0"},
				"down": {"uv": [14.25, 6.75, 14, 7], "texture": "#0"}
			}
		},
		{
			"from": [18, 25, 12],
			"to": [19, 26, 13],
			"faces": {
				"north": {"uv": [7, 14, 7.25, 14.25], "texture": "#0"},
				"east": {"uv": [14, 7, 14.25, 7.25], "texture": "#0"},
				"south": {"uv": [7.25, 14, 7.5, 14.25], "texture": "#0"},
				"west": {"uv": [14, 7.25, 14.25, 7.5], "texture": "#0"},
				"up": {"uv": [7.75, 14.25, 7.5, 14], "texture": "#0"},
				"down": {"uv": [14.25, 7.5, 14, 7.75], "texture": "#0"}
			}
		},
		{
			"from": [3, 3, 1],
			"to": [4, 6, 2],
			"faces": {
				"north": {"uv": [1.5, 12.75, 1.75, 13.5], "texture": "#0"},
				"east": {"uv": [1.75, 12.75, 2, 13.5], "texture": "#0"},
				"south": {"uv": [2, 12.75, 2.25, 13.5], "texture": "#0"},
				"west": {"uv": [12.75, 2, 13, 2.75], "texture": "#0"},
				"up": {"uv": [8, 14.25, 7.75, 14], "texture": "#0"},
				"down": {"uv": [14.25, 7.75, 14, 8], "texture": "#0"}
			}
		},
		{
			"from": [9, 3, 1],
			"to": [10, 6, 2],
			"faces": {
				"north": {"uv": [12.75, 2.75, 13, 3.5], "texture": "#0"},
				"east": {"uv": [3, 12.75, 3.25, 13.5], "texture": "#0"},
				"south": {"uv": [3.25, 12.75, 3.5, 13.5], "texture": "#0"},
				"west": {"uv": [12.75, 3.5, 13, 4.25], "texture": "#0"},
				"up": {"uv": [8.25, 14.25, 8, 14], "texture": "#0"},
				"down": {"uv": [14.25, 8, 14, 8.25], "texture": "#0"}
			}
		},
		{
			"from": [5, 1, 1],
			"to": [8, 2, 2],
			"faces": {
				"north": {"uv": [12.75, 1, 13.5, 1.25], "texture": "#0"},
				"east": {"uv": [8.25, 14, 8.5, 14.25], "texture": "#0"},
				"south": {"uv": [12.75, 1.25, 13.5, 1.5], "texture": "#0"},
				"west": {"uv": [14, 8.25, 14.25, 8.5], "texture": "#0"},
				"up": {"uv": [13.5, 4.5, 12.75, 4.25], "texture": "#0"},
				"down": {"uv": [13.5, 5, 12.75, 5.25], "texture": "#0"}
			}
		},
		{
			"from": [8, 2, 1],
			"to": [9, 3, 2],
			"faces": {
				"north": {"uv": [8.5, 14, 8.75, 14.25], "texture": "#0"},
				"east": {"uv": [14, 8.5, 14.25, 8.75], "texture": "#0"},
				"south": {"uv": [8.75, 14, 9, 14.25], "texture": "#0"},
				"west": {"uv": [14, 8.75, 14.25, 9], "texture": "#0"},
				"up": {"uv": [9.25, 14.25, 9, 14], "texture": "#0"},
				"down": {"uv": [14.25, 9, 14, 9.25], "texture": "#0"}
			}
		},
		{
			"from": [4, 6, 1],
			"to": [5, 7, 2],
			"faces": {
				"north": {"uv": [9.25, 14, 9.5, 14.25], "texture": "#0"},
				"east": {"uv": [14, 9.25, 14.25, 9.5], "texture": "#0"},
				"south": {"uv": [9.5, 14, 9.75, 14.25], "texture": "#0"},
				"west": {"uv": [14, 9.5, 14.25, 9.75], "texture": "#0"},
				"up": {"uv": [10, 14.25, 9.75, 14], "texture": "#0"},
				"down": {"uv": [14.25, 9.75, 14, 10], "texture": "#0"}
			}
		},
		{
			"from": [8, 6, 1],
			"to": [9, 7, 2],
			"faces": {
				"north": {"uv": [10, 14, 10.25, 14.25], "texture": "#0"},
				"east": {"uv": [14, 10, 14.25, 10.25], "texture": "#0"},
				"south": {"uv": [10.25, 14, 10.5, 14.25], "texture": "#0"},
				"west": {"uv": [14, 10.25, 14.25, 10.5], "texture": "#0"},
				"up": {"uv": [10.75, 14.25, 10.5, 14], "texture": "#0"},
				"down": {"uv": [14.25, 10.5, 14, 10.75], "texture": "#0"}
			}
		},
		{
			"from": [4, 2, 1],
			"to": [5, 3, 2],
			"faces": {
				"north": {"uv": [10.75, 14, 11, 14.25], "texture": "#0"},
				"east": {"uv": [14, 10.75, 14.25, 11], "texture": "#0"},
				"south": {"uv": [11, 14, 11.25, 14.25], "texture": "#0"},
				"west": {"uv": [14, 11, 14.25, 11.25], "texture": "#0"},
				"up": {"uv": [11.5, 14.25, 11.25, 14], "texture": "#0"},
				"down": {"uv": [14.25, 11.25, 14, 11.5], "texture": "#0"}
			}
		},
		{
			"from": [5, 7, 1],
			"to": [8, 8, 2],
			"faces": {
				"north": {"uv": [11.25, 12.75, 12, 13], "texture": "#0"},
				"east": {"uv": [11.5, 14, 11.75, 14.25], "texture": "#0"},
				"south": {"uv": [12, 12.75, 12.75, 13], "texture": "#0"},
				"west": {"uv": [14, 11.5, 14.25, 11.75], "texture": "#0"},
				"up": {"uv": [13.5, 12.5, 12.75, 12.25], "texture": "#0"},
				"down": {"uv": [13.5, 12.5, 12.75, 12.75], "texture": "#0"}
			}
		},
		{
			"from": [4, 2, 2],
			"to": [9, 7, 2],
			"faces": {
				"north": {"uv": [8.5, 2, 9.75, 3.25], "texture": "#0"},
				"east": {"uv": [0, 0, 0, 1.25], "texture": "#0"},
				"south": {"uv": [8.5, 3.25, 9.75, 4.5], "texture": "#0"},
				"west": {"uv": [0, 0, 0, 1.25], "texture": "#0"},
				"up": {"uv": [1.25, 0, 0, 0], "texture": "#0"},
				"down": {"uv": [1.25, 0, 0, 0], "texture": "#0"}
			}
		}
	],
	"display": {
		"thirdperson_righthand": {
			"translation": [0, 5, 0],
			"scale": [0.8, 0.8, 0.8]
		},
		"thirdperson_lefthand": {
			"translation": [0, 5, 0],
			"scale": [0.8, 0.8, 0.8]
		},
		"ground": {
			"translation": [0, 4.25, 0],
			"scale": [0.8, 0.8, 0.8]
		},
		"gui": {
			"rotation": [11, 150, 0],
			"translation": [1, -2.75, 0],
			"scale": [0.6, 0.6, 0.6]
		},
		"head": {
			"translation": [0, 15.5, 0],
			"scale": [1.2, 1.2, 1.2]
		},
		"fixed": {
			"translation": [-1.5, -0.75, -2]
		}
	},
	"groups": [
		{
			"name": "hat",
			"origin": [8, 8, 8],
			"color": 0,
			"children": [
				{
					"name": "base",
					"origin": [8, 8, 8],
					"color": 0,
					"children": [0, 1, 2, 3, 4, 5]
				},
				{
					"name": "tube",
					"origin": [8, 8, 8],
					"color": 0,
					"children": [
						6,
						7,
						8,
						9,
						10,
						11,
						12,
						13,
						14,
						15,
						16,
						17,
						18,
						19,
						20,
						21,
						22,
						23,
						24,
						25,
						26,
						27,
						28,
						29,
						30,
						31,
						32,
						33,
						34,
						35,
						36,
						37,
						38,
						39,
						40,
						41,
						42,
						43,
						44,
						45,
						46,
						47,
						48,
						49,
						50,
						51,
						52,
						53,
						54,
						55,
						56,
						57
					]
				},
				{
					"name": "top",
					"origin": [8, 8, 8],
					"color": 0,
					"children": [58, 59]
				},
				{
					"name": "chimney",
					"origin": [8, 8, 8],
					"color": 0,
					"children": [60, 61, 62, 63, 64, 65, 66]
				},
				{
					"name": "smoke",
					"origin": [8, 8, 8],
					"color": 0,
					"children": [67, 68, 69, 70, 71, 72, 73, 74, 75, 76, 77, 78, 79, 80, 81]
				},
				{
					"name": "clock",
					"origin": [8, 8, 8],
					"color": 0,
					"children": [82, 83, 84, 85, 86, 87, 88, 89, 90]
				}
			]
		}
	]
}
