{
	"credit": "Made with Blockbench",
	"texture_size": [64, 64],
	"textures": {
		"0": "block/custom/surfboard",
		"particle": "block/custom/surfboard"
	},
	"elements": [
		{
			"from": [5, 0, 7],
			"to": [11, 26, 9],
			"rotation": {"angle": 0, "axis": "y", "origin": [7, 0, 9]},
			"faces": {
				"north": {"uv": [0, 0, 1.5, 6.5], "texture": "#0"},
				"east": {"uv": [3, 0, 3.5, 6.5], "texture": "#0"},
				"south": {"uv": [1.5, 0, 3, 6.5], "texture": "#0"},
				"west": {"uv": [3.5, 0, 4, 6.5], "texture": "#0"},
				"up": {"uv": [2.25, 7, 0.75, 6.5], "texture": "#0"},
				"down": {"uv": [3.75, 6.5, 2.25, 7], "texture": "#0"}
			}
		},
		{
			"from": [6, 26, 7],
			"to": [10, 28, 9],
			"rotation": {"angle": 0, "axis": "y", "origin": [7, 6, 9]},
			"faces": {
				"north": {"uv": [6.5, 4.25, 7.5, 4.75], "texture": "#0"},
				"east": {"uv": [6.75, 1.75, 7.25, 2.25], "texture": "#0"},
				"south": {"uv": [6.5, 4.75, 7.5, 5.25], "texture": "#0"},
				"west": {"uv": [6.75, 2.25, 7.25, 2.75], "texture": "#0"},
				"up": {"uv": [7.5, 5.75, 6.5, 5.25], "texture": "#0"},
				"down": {"uv": [7.5, 5.75, 6.5, 6.25], "texture": "#0"}
			}
		},
		{
			"from": [4, 2, 7],
			"to": [5, 24, 9],
			"rotation": {"angle": 0, "axis": "y", "origin": [0, 3, 9]},
			"faces": {
				"north": {"uv": [6, 0, 6.25, 5.5], "texture": "#0"},
				"east": {"uv": [4, 0, 4.5, 5.5], "texture": "#0"},
				"south": {"uv": [6, 5.5, 6.25, 11], "texture": "#0"},
				"west": {"uv": [4.5, 0, 5, 5.5], "texture": "#0"},
				"up": {"uv": [1, 7.5, 0.75, 7], "texture": "#0"},
				"down": {"uv": [1.25, 7, 1, 7.5], "texture": "#0"}
			}
		},
		{
			"from": [11, 2, 7],
			"to": [12, 24, 9],
			"rotation": {"angle": 0, "axis": "y", "origin": [7, 3, 9]},
			"faces": {
				"north": {"uv": [6.25, 0, 6.5, 5.5], "texture": "#0"},
				"east": {"uv": [5, 0, 5.5, 5.5], "texture": "#0"},
				"south": {"uv": [6.25, 5.5, 6.5, 11], "texture": "#0"},
				"west": {"uv": [5.5, 0, 6, 5.5], "texture": "#0"},
				"up": {"uv": [1.5, 7.5, 1.25, 7], "texture": "#0"},
				"down": {"uv": [1.75, 7, 1.5, 7.5], "texture": "#0"}
			}
		},
		{
			"from": [12, 5, 7],
			"to": [13, 22, 9],
			"rotation": {"angle": 0, "axis": "y", "origin": [8, 3, 9]},
			"faces": {
				"north": {"uv": [0, 6.5, 0.25, 10.75], "texture": "#0"},
				"east": {"uv": [4, 5.5, 4.5, 9.75], "texture": "#0"},
				"south": {"uv": [6.5, 0, 6.75, 4.25], "texture": "#0"},
				"west": {"uv": [4.5, 5.5, 5, 9.75], "texture": "#0"},
				"up": {"uv": [2, 7.5, 1.75, 7], "texture": "#0"},
				"down": {"uv": [2.25, 7, 2, 7.5], "texture": "#0"}
			}
		},
		{
			"from": [3, 5, 7],
			"to": [4, 22, 9],
			"rotation": {"angle": 0, "axis": "y", "origin": [-1, 3, 9]},
			"faces": {
				"north": {"uv": [0.25, 6.5, 0.5, 10.75], "texture": "#0"},
				"east": {"uv": [5, 5.5, 5.5, 9.75], "texture": "#0"},
				"south": {"uv": [0.5, 6.5, 0.75, 10.75], "texture": "#0"},
				"west": {"uv": [5.5, 5.5, 6, 9.75], "texture": "#0"},
				"up": {"uv": [2.5, 7.5, 2.25, 7], "texture": "#0"},
				"down": {"uv": [2.75, 7, 2.5, 7.5], "texture": "#0"}
			}
		},
		{
			"from": [7, 4, 8],
			"to": [9, 5, 11],
			"rotation": {"angle": 22.5, "axis": "x", "origin": [7, 4, 9]},
			"faces": {
				"north": {"uv": [2.75, 7, 3.25, 7.25], "texture": "#0"},
				"east": {"uv": [6.75, 2.75, 7.5, 3], "texture": "#0"},
				"south": {"uv": [3.25, 7, 3.75, 7.25], "texture": "#0"},
				"west": {"uv": [6.75, 3, 7.5, 3.25], "texture": "#0"},
				"up": {"uv": [7, 7, 6.5, 6.25], "texture": "#0"},
				"down": {"uv": [7.25, 0, 6.75, 0.75], "texture": "#0"}
			}
		},
		{
			"from": [7, 1.8, 10.15],
			"to": [9, 3.8, 11.15],
			"rotation": {"angle": -22.5, "axis": "x", "origin": [7, 4, 10]},
			"faces": {
				"north": {"uv": [6.75, 0.75, 7.25, 1.25], "texture": "#0"},
				"east": {"uv": [3.75, 6.5, 4, 7], "texture": "#0"},
				"south": {"uv": [6.75, 1.25, 7.25, 1.75], "texture": "#0"},
				"west": {"uv": [6.75, 3.25, 7, 3.75], "texture": "#0"},
				"up": {"uv": [7.25, 4, 6.75, 3.75], "texture": "#0"},
				"down": {"uv": [7.25, 4, 6.75, 4.25], "texture": "#0"}
			}
		}
	],
	"display": {
		"thirdperson_righthand": {
			"translation": [0, -3, 0]
		},
		"thirdperson_lefthand": {
			"translation": [0, -3, 0]
		},
		"firstperson_righthand": {
			"translation": [1.75, -15, 1]
		},
		"firstperson_lefthand": {
			"translation": [5, -14, 0]
		},
		"ground": {
			"translation": [0, 3.25, 0]
		},
		"gui": {
			"rotation": [0, 180, 0],
			"translation": [0, -3.25, 0],
			"scale": [0.6, 0.6, 0.6]
		},
		"head": {
			"translation": [0, -28, 0],
			"scale": [1.8, 1.8, 1.8]
		},
		"fixed": {
			"rotation": [-90, 0, 0],
			"translation": [0, 7.5, -16],
			"scale": [2, 2, 2]
		}
	},
	"groups": [
		{
			"name": "board",
			"origin": [8, 8, 8],
			"color": 0,
			"children": [0, 1, 2, 3, 4, 5, 6, 7]
		}
	]
}