{
	"credit": "Made with Blockbench",
	"texture_size": [32, 32],
	"textures": {
		"0": "block/custom/telescope",
		"particle": "block/custom/telescope"
	},
	"elements": [
		{
			"from": [7.5, 8, 5],
			"to": [8.5, 11, 6],
			"rotation": {"angle": 0, "axis": "y", "origin": [7, 8, 5]},
			"faces": {
				"north": {"uv": [9, 11, 9.5, 12.5], "texture": "#0"},
				"east": {"uv": [9.5, 11, 10, 12.5], "texture": "#0"},
				"south": {"uv": [10, 11, 10.5, 12.5], "texture": "#0"},
				"west": {"uv": [11, 10, 11.5, 11.5], "texture": "#0"},
				"up": {"uv": [11.5, 8.5, 11, 8], "texture": "#0"},
				"down": {"uv": [11.5, 8.5, 11, 9], "texture": "#0"}
			}
		},
		{
			"from": [6.5, 7, 4],
			"to": [9.5, 8.5, 7],
			"rotation": {"angle": 0, "axis": "y", "origin": [7, 5, 5]},
			"faces": {
				"north": {"uv": [9, 0, 10.5, 1], "texture": "#0"},
				"east": {"uv": [9, 1, 10.5, 2], "texture": "#0"},
				"south": {"uv": [9, 2, 10.5, 3], "texture": "#0"},
				"west": {"uv": [9, 3, 10.5, 4], "texture": "#0"},
				"up": {"uv": [10, 5.5, 8.5, 4], "texture": "#0"},
				"down": {"uv": [10, 5.5, 8.5, 7], "texture": "#0"}
			}
		},
		{
			"from": [7.5, -6, 7],
			"to": [8.5, 8, 8],
			"rotation": {"angle": -22.5, "axis": "x", "origin": [7, 5, 7]},
			"faces": {
				"north": {"uv": [3, 7, 3.5, 14], "texture": "#0"},
				"east": {"uv": [3.5, 7, 4, 14], "texture": "#0"},
				"south": {"uv": [4, 7, 4.5, 14], "texture": "#0"},
				"west": {"uv": [7, 4, 7.5, 11], "texture": "#0"},
				"up": {"uv": [12, 1, 11.5, 0.5], "texture": "#0"},
				"down": {"uv": [12, 1, 11.5, 1.5], "texture": "#0"}
			}
		},
		{
			"from": [7.5, -6, 3],
			"to": [8.5, 8, 4],
			"rotation": {"angle": 22.5, "axis": "x", "origin": [7, 5, 3]},
			"faces": {
				"north": {"uv": [4.5, 7, 5, 14], "texture": "#0"},
				"east": {"uv": [7.5, 4, 8, 11], "texture": "#0"},
				"south": {"uv": [0, 8, 0.5, 15], "texture": "#0"},
				"west": {"uv": [0.5, 8, 1, 15], "texture": "#0"},
				"up": {"uv": [12, 2, 11.5, 1.5], "texture": "#0"},
				"down": {"uv": [12, 2, 11.5, 2.5], "texture": "#0"}
			}
		},
		{
			"from": [9.5, -6, 5],
			"to": [10.5, 8, 6],
			"rotation": {"angle": 22.5, "axis": "z", "origin": [9, 5, 5]},
			"faces": {
				"north": {"uv": [1, 8, 1.5, 15], "texture": "#0"},
				"east": {"uv": [1.5, 8, 2, 15], "texture": "#0"},
				"south": {"uv": [2, 8, 2.5, 15], "texture": "#0"},
				"west": {"uv": [2.5, 8, 3, 15], "texture": "#0"},
				"up": {"uv": [12, 4.5, 11.5, 4], "texture": "#0"},
				"down": {"uv": [12, 4.5, 11.5, 5], "texture": "#0"}
			}
		},
		{
			"from": [5.5, -6, 5],
			"to": [6.5, 8, 6],
			"rotation": {"angle": -22.5, "axis": "z", "origin": [5, 5, 5]},
			"faces": {
				"north": {"uv": [8, 4, 8.5, 11], "texture": "#0"},
				"east": {"uv": [5, 8, 5.5, 15], "texture": "#0"},
				"south": {"uv": [5.5, 8, 6, 15], "texture": "#0"},
				"west": {"uv": [6, 8, 6.5, 15], "texture": "#0"},
				"up": {"uv": [12, 5.5, 11.5, 5], "texture": "#0"},
				"down": {"uv": [12, 5.5, 11.5, 6], "texture": "#0"}
			}
		},
		{
			"from": [6, 10, -1],
			"to": [10, 10.5, 3],
			"rotation": {"angle": 0, "axis": "x", "origin": [6, 10, -1]},
			"faces": {
				"north": {"uv": [8.5, 10, 10.5, 10.5], "texture": "#0"},
				"east": {"uv": [10, 9, 12, 9.5], "texture": "#0"},
				"south": {"uv": [10, 9.5, 12, 10], "texture": "#0"},
				"west": {"uv": [10.5, 0, 12.5, 0.5], "texture": "#0"},
				"up": {"uv": [5, 5, 3, 3], "texture": "#0"},
				"down": {"uv": [7, 0, 5, 2], "texture": "#0"}
			}
		},
		{
			"from": [7, 11, 10],
			"to": [9, 13, 13],
			"rotation": {"angle": 0, "axis": "x", "origin": [6, 12, 10]},
			"faces": {
				"north": {"uv": [10.5, 0.5, 11.5, 1.5], "texture": "#0"},
				"east": {"uv": [10, 4, 11.5, 5], "texture": "#0"},
				"south": {"uv": [10.5, 1.5, 11.5, 2.5], "texture": "#0"},
				"west": {"uv": [10, 5, 11.5, 6], "texture": "#0"},
				"up": {"uv": [11, 7.5, 10, 6], "texture": "#0"},
				"down": {"uv": [11, 7.5, 10, 9], "texture": "#0"}
			}
		},
		{
			"from": [6, 13.5, -1],
			"to": [10, 14, 3],
			"rotation": {"angle": 0, "axis": "x", "origin": [6, 14, -1]},
			"faces": {
				"north": {"uv": [10.5, 2.5, 12.5, 3], "texture": "#0"},
				"east": {"uv": [10.5, 3, 12.5, 3.5], "texture": "#0"},
				"south": {"uv": [10.5, 3.5, 12.5, 4], "texture": "#0"},
				"west": {"uv": [8.5, 10.5, 10.5, 11], "texture": "#0"},
				"up": {"uv": [7, 4, 5, 2], "texture": "#0"},
				"down": {"uv": [5, 5, 3, 7], "texture": "#0"}
			}
		},
		{
			"from": [6, 10, -1],
			"to": [6.5, 14, 3],
			"rotation": {"angle": 0, "axis": "x", "origin": [6, 12, -1]},
			"faces": {
				"north": {"uv": [6.5, 8, 7, 10], "texture": "#0"},
				"east": {"uv": [5, 4, 7, 6], "texture": "#0"},
				"south": {"uv": [6.5, 10, 7, 12], "texture": "#0"},
				"west": {"uv": [5, 6, 7, 8], "texture": "#0"},
				"up": {"uv": [11, 12, 10.5, 10], "texture": "#0"},
				"down": {"uv": [11.5, 6, 11, 8], "texture": "#0"}
			}
		},
		{
			"from": [9.5, 10, -1],
			"to": [10, 14, 3],
			"rotation": {"angle": 0, "axis": "x", "origin": [10, 12, -1]},
			"faces": {
				"north": {"uv": [7, 11, 7.5, 13], "texture": "#0"},
				"east": {"uv": [7, 0, 9, 2], "texture": "#0"},
				"south": {"uv": [7.5, 11, 8, 13], "texture": "#0"},
				"west": {"uv": [7, 2, 9, 4], "texture": "#0"},
				"up": {"uv": [8.5, 13, 8, 11], "texture": "#0"},
				"down": {"uv": [9, 11, 8.5, 13], "texture": "#0"}
			}
		},
		{
			"from": [6.5, 10.5, 0],
			"to": [9.5, 13.5, 10],
			"rotation": {"angle": 0, "axis": "x", "origin": [8, 12, -1]},
			"faces": {
				"north": {"uv": [8.5, 7, 10, 8.5], "texture": "#0"},
				"east": {"uv": [0, 0, 5, 1.5], "texture": "#0"},
				"south": {"uv": [8.5, 8.5, 10, 10], "texture": "#0"},
				"west": {"uv": [0, 1.5, 5, 3], "texture": "#0"},
				"up": {"uv": [1.5, 8, 0, 3], "texture": "#0"},
				"down": {"uv": [3, 3, 1.5, 8], "texture": "#0"}
			}
		}
	],
	"display": {
		"thirdperson_righthand": {
			"translation": [0, 3, 0]
		},
		"thirdperson_lefthand": {
			"translation": [0, 3, 0]
		},
		"ground": {
			"translation": [0, 9.25, 0]
		},
		"head": {
			"translation": [3.25, -9.5, -16.75],
			"scale": [2, 2, 2]
		},
		"fixed": {
			"rotation": [-90, 0, 0],
			"translation": [0, 4.75, -33],
			"scale": [2.5, 2.5, 2.5]
		}
	},
	"groups": [
		{
			"name": "full",
			"origin": [8, 8, 8],
			"color": 0,
			"children": [
				{
					"name": "base",
					"origin": [8, 8, 8],
					"color": 0,
					"children": [0, 1]
				},
				{
					"name": "legs",
					"origin": [8, 8, 8],
					"color": 0,
					"children": [2, 3, 4, 5]
				},
				{
					"name": "goggle",
					"origin": [8, 8, 8],
					"color": 0,
					"children": [6, 7, 8, 9, 10, 11]
				}
			]
		}
	]
}
