{
	"credit": "Made with Blockbench",
	"texture_size": [32, 32],
	"textures": {
		"0": "block/custom/wheel",
		"particle": "block/custom/wheel"
	},
	"elements": [
		{
			"from": [5, 0, 6],
			"to": [11, 3, 9],
			"rotation": {"angle": 0, "axis": "y", "origin": [5, 0, 7]},
			"faces": {
				"north": {"uv": [0, 0, 3, 1.5], "texture": "#0"},
				"east": {"uv": [10.5, 6, 12, 7.5], "texture": "#0"},
				"south": {"uv": [0, 1.5, 3, 3], "texture": "#0"},
				"west": {"uv": [10.5, 7.5, 12, 9], "texture": "#0"},
				"up": {"uv": [3, 4.5, 0, 3], "texture": "#0"},
				"down": {"uv": [6, 0, 3, 1.5], "texture": "#0"}
			}
		},
		{
			"from": [11.8, -2, 6],
			"to": [17.4, 1, 9],
			"rotation": {"angle": 45, "axis": "z", "origin": [9, -2, 7]},
			"faces": {
				"north": {"uv": [3, 1.5, 6, 3], "texture": "#0"},
				"east": {"uv": [10.5, 9, 12, 10.5], "texture": "#0"},
				"south": {"uv": [3, 3, 6, 4.5], "texture": "#0"},
				"west": {"uv": [10.5, 10.5, 12, 12], "texture": "#0"},
				"up": {"uv": [3, 6, 0, 4.5], "texture": "#0"},
				"down": {"uv": [6, 4.5, 3, 6], "texture": "#0"}
			}
		},
		{
			"from": [-1.4, -2, 6],
			"to": [4.2, 1, 9],
			"rotation": {"angle": -45, "axis": "z", "origin": [7, -2, 7]},
			"faces": {
				"north": {"uv": [0, 6, 3, 7.5], "texture": "#0"},
				"east": {"uv": [12, 0, 13.5, 1.5], "texture": "#0"},
				"south": {"uv": [6, 0, 9, 1.5], "texture": "#0"},
				"west": {"uv": [12, 1.5, 13.5, 3], "texture": "#0"},
				"up": {"uv": [9, 3, 6, 1.5], "texture": "#0"},
				"down": {"uv": [6, 6, 3, 7.5], "texture": "#0"}
			}
		},
		{
			"from": [11.8, 13, 6],
			"to": [17.4, 16, 9],
			"rotation": {"angle": -45, "axis": "z", "origin": [9, 16, 7]},
			"faces": {
				"north": {"uv": [6, 3, 9, 4.5], "texture": "#0"},
				"east": {"uv": [12, 3, 13.5, 4.5], "texture": "#0"},
				"south": {"uv": [6, 4.5, 9, 6], "texture": "#0"},
				"west": {"uv": [12, 4.5, 13.5, 6], "texture": "#0"},
				"up": {"uv": [9, 7.5, 6, 6], "texture": "#0"},
				"down": {"uv": [3, 7.5, 0, 9], "texture": "#0"}
			}
		},
		{
			"from": [-1.4, 13, 6],
			"to": [4.2, 16, 9],
			"rotation": {"angle": 45, "axis": "z", "origin": [7, 16, 7]},
			"faces": {
				"north": {"uv": [3, 7.5, 6, 9], "texture": "#0"},
				"east": {"uv": [6, 12, 7.5, 13.5], "texture": "#0"},
				"south": {"uv": [6, 7.5, 9, 9], "texture": "#0"},
				"west": {"uv": [12, 6, 13.5, 7.5], "texture": "#0"},
				"up": {"uv": [3, 10.5, 0, 9], "texture": "#0"},
				"down": {"uv": [12, 0, 9, 1.5], "texture": "#0"}
			}
		},
		{
			"from": [5, 11, 6],
			"to": [11, 14, 9],
			"rotation": {"angle": 0, "axis": "y", "origin": [5, 11, 7]},
			"faces": {
				"north": {"uv": [9, 1.5, 12, 3], "texture": "#0"},
				"east": {"uv": [7.5, 12, 9, 13.5], "texture": "#0"},
				"south": {"uv": [3, 9, 6, 10.5], "texture": "#0"},
				"west": {"uv": [12, 7.5, 13.5, 9], "texture": "#0"},
				"up": {"uv": [12, 4.5, 9, 3], "texture": "#0"},
				"down": {"uv": [12, 4.5, 9, 6], "texture": "#0"}
			}
		},
		{
			"from": [12, 4, 6],
			"to": [15, 10, 9],
			"rotation": {"angle": 0, "axis": "y", "origin": [10, 5, 7]},
			"faces": {
				"north": {"uv": [6, 9, 7.5, 12], "texture": "#0"},
				"east": {"uv": [9, 6, 10.5, 9], "texture": "#0"},
				"south": {"uv": [7.5, 9, 9, 12], "texture": "#0"},
				"west": {"uv": [9, 9, 10.5, 12], "texture": "#0"},
				"up": {"uv": [10.5, 13.5, 9, 12], "texture": "#0"},
				"down": {"uv": [13.5, 9, 12, 10.5], "texture": "#0"}
			}
		},
		{
			"from": [1, 4, 6],
			"to": [4, 10, 9],
			"rotation": {"angle": 0, "axis": "y", "origin": [-1, 5, 7]},
			"faces": {
				"north": {"uv": [0, 10.5, 1.5, 13.5], "texture": "#0"},
				"east": {"uv": [1.5, 10.5, 3, 13.5], "texture": "#0"},
				"south": {"uv": [3, 10.5, 4.5, 13.5], "texture": "#0"},
				"west": {"uv": [4.5, 10.5, 6, 13.5], "texture": "#0"},
				"up": {"uv": [12, 13.5, 10.5, 12], "texture": "#0"},
				"down": {"uv": [13.5, 10.5, 12, 12], "texture": "#0"}
			}
		}
	],
	"display": {
		"thirdperson_righthand": {
			"translation": [0, -3, 0]
		},
		"thirdperson_lefthand": {
			"translation": [0, -3.5, 0]
		},
		"firstperson_righthand": {
			"translation": [2.75, -2.75, 0]
		},
		"firstperson_lefthand": {
			"translation": [3.25, -1.75, 0]
		},
		"ground": {
			"translation": [0, 6.75, 0]
		},
		"gui": {
			"translation": [0, 0.5, 0]
		},
		"head": {
			"rotation": [-110, 101, 21],
			"translation": [-8.75, -14.75, 0],
			"scale": [2, 2, 2]
		},
		"fixed": {
			"translation": [1, 1, -2],
			"scale": [2, 2, 2]
		}
	},
	"groups": [
		{
			"name": "wheel",
			"origin": [8, 8, 8],
			"color": 0,
			"children": [
				{
					"name": "base",
					"origin": [8, 8, 8],
					"color": 0,
					"children": [0, 1, 2, 3, 4, 5, 6, 7]
				}
			]
		}
	]
}